dat_yer,dst_num,dst_tye,dst_nam,sch_num,sch_nam,sai_mal,sai_fem,api_mal,api_fem,blk_mal,blk_fem,shl_mal,shl_fem,hpi_mal,hpi_fem,oip_mal,oip_fem,wht_mal,wht_fem,smr_mal,smr_fem,tot_mal,tot_fem,tot_mny,tot_tot,cou_num,cou_nam,sch_cls,eco_dev
21-22,1.0,1.0,AITKIN PUBLIC SCHOOL DISTRICT      ,0.0,District Totals,1.0,2.0,0.0,0.0,0.0,0.0,2.0,1.0,0.0,0.0,0.0,0.0,40.0,41.0,1.0,3.0,44.0,47.0,10.0,91.0,01,Aitkin                                       , ,03 
21-22,1.0,1.0,AITKIN PUBLIC SCHOOL DISTRICT      ,1.0,AITKIN SECONDARY SCHOOL            ,1.0,2.0,0.0,0.0,0.0,0.0,2.0,1.0,0.0,0.0,0.0,0.0,39.0,38.0,1.0,3.0,43.0,44.0,10.0,87.0,01,Aitkin                                       ,33,03 
21-22,1.0,1.0,AITKIN PUBLIC SCHOOL DISTRICT      ,6.0,AITKIN ALTERNATIVE LEARNING PROGRAM,0.0,0.0,0.0,0.0,0.0,0.0,0.0,0.0,0.0,0.0,0.0,0.0,1.0,3.0,0.0,0.0,1.0,3.0,0.0,4.0,01,Aitkin                                       ,42,03 
21-22,1.0,3.0,Minneapolis Public School District ,0.0,District Totals,31.0,43.0,56.0,70.0,383.0,408.0,150.0,166.0,1.0,2.0,0.0,0.0,413.0,404.0,16.0,20.0,1050.0,1113.0,1346.0,2163.0,27,Hennepin                                     , ,11 
21-22,1.0,3.0,Minneapolis Public School District ,307.0,Basic Skills                       ,1.0,1.0,3.0,2.0,28.0,18.0,6.0,9.0,0.0,0.0,0.0,0.0,3.0,8.0,0.0,0.0,41.0,38.0,68.0,79.0,27,Hennepin                                     ,41,11 
21-22,1.0,3.0,Minneapolis Public School District ,346.0,Minneapolis Academy & Career Center,1.0,0.0,1.0,1.0,6.0,4.0,0.0,2.0,0.0,0.0,0.0,0.0,1.0,4.0,0.0,0.0,9.0,11.0,15.0,20.0,27,Hennepin                                     ,41,11 
21-22,1.0,3.0,Minneapolis Public School District ,347.0,FAIR High                          ,0.0,4.0,1.0,3.0,5.0,8.0,3.0,8.0,0.0,0.0,0.0,0.0,4.0,14.0,0.0,0.0,13.0,37.0,32.0,50.0,27,Hennepin                                     ,32,11 
21-22,1.0,3.0,Minneapolis Public School District ,348.0,MERC                               ,0.0,0.0,0.0,0.0,2.0,5.0,4.0,5.0,0.0,0.0,0.0,0.0,0.0,1.0,3.0,0.0,9.0,11.0,19.0,20.0,27,Hennepin                                     ,43,11 
21-22,1.0,3.0,Minneapolis Public School District ,349.0,LORING-NICOLLET HIGH               ,0.0,1.0,0.0,0.0,4.0,6.0,2.0,2.0,0.0,0.0,0.0,0.0,2.0,8.0,0.0,1.0,8.0,18.0,16.0,26.0,27,Hennepin                                     ,43,11 
21-22,1.0,3.0,Minneapolis Public School District ,352.0,Edison High                        ,2.0,4.0,0.0,5.0,31.0,50.0,12.0,13.0,0.0,0.0,0.0,0.0,27.0,14.0,0.0,1.0,72.0,87.0,118.0,159.0,27,Hennepin                                     ,32,11 
21-22,1.0,3.0,Minneapolis Public School District ,353.0,Longfellow Alternative High        ,0.0,2.0,0.0,0.0,0.0,4.0,0.0,4.0,0.0,0.0,0.0,0.0,0.0,0.0,0.0,0.0,0.0,10.0,10.0,10.0,27,Hennepin                                     ,41,11 
21-22,1.0,3.0,Minneapolis Public School District ,354.0,Henry High                         ,3.0,0.0,26.0,22.0,42.0,39.0,8.0,11.0,0.0,0.0,0.0,0.0,8.0,8.0,1.0,1.0,88.0,81.0,153.0,169.0,27,Hennepin                                     ,32,11 
21-22,1.0,3.0,Minneapolis Public School District ,357.0,PLYMOUTH YOUTH CENTER              ,0.0,0.0,0.0,0.0,5.0,7.0,0.0,2.0,0.0,0.0,0.0,0.0,1.0,0.0,0.0,0.0,6.0,9.0,14.0,15.0,27,Hennepin                                     ,43,11 
21-22,1.0,3.0,Minneapolis Public School District ,360.0,Roosevelt High                     ,1.0,3.0,4.0,6.0,20.0,26.0,11.0,18.0,0.0,0.0,0.0,0.0,20.0,18.0,1.0,2.0,57.0,73.0,92.0,130.0,27,Hennepin                                     ,32,11 
21-22,1.0,3.0,Minneapolis Public School District ,361.0,CENTER SCHOOL                      ,0.0,3.0,0.0,0.0,0.0,0.0,0.0,0.0,0.0,0.0,0.0,0.0,0.0,0.0,0.0,0.0,0.0,3.0,3.0,3.0,27,Hennepin                                     ,43,11 
21-22,1.0,3.0,Minneapolis Public School District ,362.0,South High                         ,11.0,11.0,6.0,3.0,51.0,59.0,31.0,21.0,0.0,1.0,0.0,0.0,56.0,72.0,3.0,1.0,158.0,168.0,198.0,326.0,27,Hennepin                                     ,32,11 
21-22,1.0,3.0,Minneapolis Public School District ,363.0,WELLSTONE INTERNATIONAL HIGH       ,0.0,0.0,0.0,0.0,1.0,3.0,5.0,3.0,0.0,0.0,0.0,0.0,1.0,0.0,0.0,0.0,7.0,6.0,12.0,13.0,27,Hennepin                                     ,32,11 
21-22,1.0,3.0,Minneapolis Public School District ,364.0,Southwest High                     ,3.0,1.0,8.0,13.0,45.0,36.0,16.0,20.0,1.0,1.0,0.0,0.0,140.0,114.0,3.0,7.0,216.0,192.0,154.0,408.0,27,Hennepin                                     ,32,11 
21-22,1.0,3.0,Minneapolis Public School District ,368.0,Washburn High                      ,2.0,1.0,2.0,8.0,28.0,30.0,19.0,15.0,0.0,0.0,0.0,0.0,113.0,124.0,3.0,4.0,167.0,182.0,112.0,349.0,27,Hennepin                                     ,32,11 
21-22,1.0,3.0,Minneapolis Public School District ,373.0,MENLO PARK ACADEMY                 ,0.0,2.0,0.0,0.0,3.0,4.0,1.0,1.0,0.0,0.0,0.0,0.0,1.0,2.0,0.0,1.0,5.0,10.0,12.0,15.0,27,Hennepin                                     ,43,11 
21-22,1.0,3.0,Minneapolis Public School District ,375.0,North High                         ,0.0,1.0,0.0,0.0,28.0,29.0,2.0,4.0,0.0,0.0,0.0,0.0,2.0,1.0,0.0,0.0,32.0,35.0,64.0,67.0,27,Hennepin                                     ,32,11 
21-22,1.0,3.0,Minneapolis Public School District ,380.0,TRANSITION PLUS SERVICES           ,1.0,1.0,1.0,2.0,19.0,24.0,4.0,5.0,0.0,0.0,0.0,0.0,20.0,3.0,0.0,0.0,45.0,35.0,57.0,80.0,27,Hennepin                                     ,50,11 
21-22,1.0,3.0,Minneapolis Public School District ,382.0,HARRISON EDUCATION CENTER          ,0.0,0.0,0.0,0.0,2.0,1.0,0.0,0.0,0.0,0.0,0.0,0.0,0.0,1.0,0.0,0.0,2.0,2.0,3.0,4.0,27,Hennepin                                     ,50,11 
21-22,1.0,3.0,Minneapolis Public School District ,390.0,Heritage Academy High              ,0.0,0.0,0.0,0.0,14.0,15.0,0.0,0.0,0.0,0.0,0.0,0.0,1.0,0.0,0.0,0.0,15.0,15.0,29.0,30.0,27,Hennepin                                     ,32,11 
21-22,1.0,3.0,Minneapolis Public School District ,393.0,Takoda Prep                        ,3.0,5.0,0.0,0.0,0.0,0.0,0.0,0.0,0.0,0.0,0.0,0.0,0.0,0.0,0.0,0.0,3.0,5.0,8.0,8.0,27,Hennepin                                     ,43,11 
21-22,1.0,3.0,Minneapolis Public School District ,415.0,MPS Online 6-12                    ,0.0,1.0,1.0,0.0,3.0,6.0,2.0,3.0,0.0,0.0,0.0,0.0,2.0,2.0,1.0,1.0,9.0,13.0,18.0,22.0,27,Hennepin                                     ,46,11 
21-22,1.0,3.0,Minneapolis Public School District ,419.0,VOA High                           ,0.0,0.0,0.0,2.0,9.0,7.0,2.0,8.0,0.0,0.0,0.0,0.0,3.0,0.0,0.0,0.0,14.0,17.0,28.0,31.0,27,Hennepin                                     ,43,11 
21-22,1.0,3.0,Minneapolis Public School District ,456.0,Henry High - SWS                   ,0.0,0.0,2.0,3.0,12.0,7.0,4.0,3.0,0.0,0.0,0.0,0.0,1.0,0.0,0.0,0.0,19.0,13.0,31.0,32.0,27,Hennepin                                     ,41,11 
21-22,1.0,3.0,Minneapolis Public School District ,458.0,Wellstone International High - SWS ,0.0,0.0,0.0,0.0,4.0,4.0,1.0,1.0,0.0,0.0,0.0,0.0,0.0,0.0,0.0,0.0,5.0,5.0,10.0,10.0,27,Hennepin                                     ,41,11 
21-22,1.0,3.0,Minneapolis Public School District ,462.0,Roosevelt High - SWS               ,1.0,0.0,0.0,0.0,4.0,2.0,9.0,4.0,0.0,0.0,0.0,0.0,1.0,1.0,1.0,1.0,16.0,8.0,22.0,24.0,27,Hennepin                                     ,41,11 
21-22,1.0,3.0,Minneapolis Public School District ,464.0,VOA High Extended                  ,0.0,0.0,0.0,0.0,1.0,1.0,0.0,1.0,0.0,0.0,0.0,0.0,0.0,0.0,0.0,0.0,1.0,2.0,3.0,3.0,27,Hennepin                                     ,43,11 
21-22,1.0,3.0,Minneapolis Public School District ,467.0,Loring-Nicollet High Extended      ,0.0,1.0,0.0,0.0,0.0,0.0,1.0,0.0,0.0,0.0,0.0,0.0,1.0,1.0,0.0,0.0,2.0,2.0,2.0,4.0,27,Hennepin                                     ,43,11 
21-22,1.0,3.0,Minneapolis Public School District ,469.0,MERC Extended                      ,2.0,0.0,0.0,0.0,1.0,0.0,1.0,1.0,0.0,0.0,0.0,0.0,0.0,0.0,0.0,0.0,4.0,1.0,5.0,5.0,27,Hennepin                                     ,43,11 
21-22,1.0,3.0,Minneapolis Public School District ,470.0,Plymouth Youth Center Extended     ,0.0,0.0,0.0,0.0,2.0,2.0,0.0,0.0,0.0,0.0,0.0,0.0,0.0,0.0,0.0,0.0,2.0,2.0,4.0,4.0,27,Hennepin                                     ,43,11 
21-22,1.0,3.0,Minneapolis Public School District ,471.0,Southwest High - SWS               ,0.0,0.0,0.0,0.0,6.0,6.0,2.0,0.0,0.0,0.0,0.0,0.0,1.0,3.0,0.0,0.0,9.0,9.0,14.0,18.0,27,Hennepin                                     ,41,11 
21-22,1.0,3.0,Minneapolis Public School District ,474.0,Minneapolis Academy & Career Extend,0.0,1.0,0.0,0.0,6.0,4.0,3.0,2.0,0.0,0.0,0.0,0.0,3.0,5.0,0.0,0.0,12.0,12.0,16.0,24.0,27,Hennepin                                     ,41,11 
21-22,1.0,3.0,Minneapolis Public School District ,685.0,STADIUM VIEW                       ,0.0,0.0,1.0,0.0,1.0,1.0,1.0,0.0,0.0,0.0,0.0,0.0,1.0,0.0,0.0,0.0,4.0,1.0,4.0,5.0,27,Hennepin                                     ,77,11 
21-22,2.0,1.0,HILL CITY PUBLIC SCHOOL DISTRICT   ,0.0,District Totals,1.0,1.0,0.0,0.0,0.0,1.0,1.0,0.0,0.0,0.0,0.0,0.0,13.0,9.0,0.0,0.0,15.0,11.0,4.0,26.0,01,Aitkin                                       , ,03 
21-22,2.0,1.0,HILL CITY PUBLIC SCHOOL DISTRICT   ,3.0,HILL CITY SENIOR HIGH              ,1.0,1.0,0.0,0.0,0.0,1.0,1.0,0.0,0.0,0.0,0.0,0.0,13.0,9.0,0.0,0.0,15.0,11.0,4.0,26.0,01,Aitkin                                       ,32,03 
21-22,4.0,1.0,MCGREGOR PUBLIC SCHOOL DISTRICT    ,0.0,District Totals,2.0,1.0,0.0,0.0,0.0,0.0,0.0,0.0,0.0,0.0,0.0,0.0,14.0,16.0,0.0,0.0,16.0,17.0,3.0,33.0,01,Aitkin                                       , ,03 
21-22,4.0,1.0,MCGREGOR PUBLIC SCHOOL DISTRICT    ,40.0,MCGREGOR SECONDARY                 ,2.0,1.0,0.0,0.0,0.0,0.0,0.0,0.0,0.0,0.0,0.0,0.0,14.0,16.0,0.0,0.0,16.0,17.0,3.0,33.0,01,Aitkin                                       ,33,03 
21-22,6.0,3.0,South St. Paul Public School Dist  ,0.0,District Totals,1.0,1.0,0.0,2.0,12.0,9.0,22.0,25.0,0.0,0.0,0.0,1.0,55.0,57.0,7.0,5.0,97.0,100.0,85.0,197.0,19,Dakota                                       , ,11 
21-22,6.0,3.0,South St. Paul Public School Dist  ,120.0,South St. Paul High School         ,0.0,1.0,0.0,1.0,11.0,9.0,17.0,18.0,0.0,0.0,0.0,0.0,45.0,45.0,4.0,2.0,77.0,76.0,63.0,153.0,19,Dakota                                       ,32,11 
21-22,6.0,3.0,South St. Paul Public School Dist  ,220.0,SSP Virtual                        ,0.0,0.0,0.0,0.0,0.0,0.0,0.0,2.0,0.0,0.0,0.0,1.0,4.0,7.0,1.0,0.0,5.0,10.0,4.0,15.0,19,Dakota                                       ,46,11 
21-22,6.0,3.0,South St. Paul Public School Dist  ,303.0,S ST. PAUL COMMUNITY LRNG. CNTR.   ,1.0,0.0,0.0,1.0,1.0,0.0,5.0,5.0,0.0,0.0,0.0,0.0,6.0,5.0,2.0,3.0,15.0,14.0,18.0,29.0,19,Dakota                                       ,41,11 
21-22,11.0,1.0,Anoka-Hennepin School District     ,0.0,District Totals,34.0,47.0,143.0,147.0,187.0,202.0,104.0,94.0,0.0,1.0,0.0,0.0,986.0,907.0,71.0,60.0,1525.0,1458.0,1090.0,2983.0,02,Anoka                                        , ,11 
21-22,11.0,1.0,Anoka-Hennepin School District     ,1.0,Anoka High School                  ,4.0,11.0,12.0,16.0,22.0,23.0,11.0,11.0,0.0,0.0,0.0,0.0,178.0,174.0,13.0,4.0,240.0,239.0,127.0,479.0,02,Anoka                                        ,32,11 
21-22,11.0,1.0,Anoka-Hennepin School District     ,2.0,Coon Rapids High School            ,1.0,11.0,18.0,20.0,29.0,33.0,19.0,13.0,0.0,0.0,0.0,0.0,116.0,121.0,2.0,6.0,185.0,204.0,152.0,389.0,02,Anoka                                        ,32,11 
21-22,11.0,1.0,Anoka-Hennepin School District     ,91.0,Blaine High School                 ,8.0,7.0,39.0,37.0,44.0,37.0,20.0,18.0,0.0,0.0,0.0,0.0,225.0,209.0,24.0,14.0,360.0,322.0,248.0,682.0,02,Anoka                                        ,32,11 
21-22,11.0,1.0,Anoka-Hennepin School District     ,94.0,Andover High School                ,8.0,4.0,0.0,6.0,2.0,8.0,8.0,7.0,0.0,0.0,0.0,0.0,178.0,160.0,3.0,3.0,199.0,188.0,49.0,387.0,02,Anoka                                        ,32,11 
21-22,11.0,1.0,Anoka-Hennepin School District     ,110.0,Anoka-Hennepin Regional High School,0.0,1.0,0.0,0.0,4.0,3.0,4.0,2.0,0.0,0.0,0.0,0.0,2.0,5.0,1.0,0.0,11.0,11.0,15.0,22.0,02,Anoka                                        ,41,11 
21-22,11.0,1.0,Anoka-Hennepin School District     ,111.0,Anoka-Hennepin Regn Night School   ,0.0,0.0,0.0,1.0,0.0,2.0,0.0,0.0,0.0,0.0,0.0,0.0,0.0,2.0,0.0,0.0,0.0,5.0,3.0,5.0,02,Anoka                                        ,41,11 
21-22,11.0,1.0,Anoka-Hennepin School District     ,192.0,Champlin Park High School          ,4.0,7.0,54.0,51.0,50.0,55.0,22.0,28.0,0.0,0.0,0.0,0.0,171.0,140.0,18.0,25.0,319.0,306.0,314.0,625.0,02,Anoka                                        ,32,11 
21-22,11.0,1.0,Anoka-Hennepin School District     ,198.0,Secondary Technical Ed Prog S.T.E.P,0.0,0.0,1.0,0.0,0.0,1.0,0.0,0.0,0.0,0.0,0.0,0.0,1.0,0.0,0.0,0.0,2.0,1.0,2.0,3.0,02,Anoka                                        ,60,11 
21-22,11.0,1.0,Anoka-Hennepin School District     ,434.0,Anoka-Hennepin Tech High School    ,2.0,0.0,7.0,0.0,11.0,15.0,9.0,8.0,0.0,1.0,0.0,0.0,23.0,20.0,2.0,2.0,54.0,46.0,57.0,100.0,02,Anoka                                        ,41,11 
21-22,11.0,1.0,Anoka-Hennepin School District     ,436.0,BRIDGES                            ,0.0,0.0,2.0,1.0,5.0,1.0,0.0,0.0,0.0,0.0,0.0,0.0,12.0,7.0,1.0,0.0,20.0,9.0,10.0,29.0,02,Anoka                                        ,50,11 
21-22,11.0,1.0,Anoka-Hennepin School District     ,438.0,Anoka-Hennepin Specialty Program   ,0.0,0.0,0.0,0.0,0.0,1.0,0.0,0.0,0.0,0.0,0.0,0.0,0.0,0.0,0.0,0.0,0.0,1.0,1.0,1.0,02,Anoka                                        ,41,11 
21-22,11.0,1.0,Anoka-Hennepin School District     ,467.0,RIVER TRAIL LEARNING CTR @ LO JACOB,0.0,1.0,0.0,0.0,0.0,0.0,1.0,0.0,0.0,0.0,0.0,0.0,3.0,0.0,0.0,0.0,4.0,1.0,2.0,5.0,02,Anoka                                        ,50,11 
21-22,11.0,1.0,Anoka-Hennepin School District     ,468.0,Pathways                           ,3.0,0.0,2.0,0.0,7.0,4.0,1.0,1.0,0.0,0.0,0.0,0.0,29.0,8.0,1.0,0.0,43.0,13.0,19.0,56.0,02,Anoka                                        ,50,11 
21-22,11.0,1.0,Anoka-Hennepin School District     ,680.0,Compass Online                     ,0.0,0.0,0.0,0.0,0.0,0.0,0.0,0.0,0.0,0.0,0.0,0.0,2.0,0.0,0.0,0.0,2.0,0.0,0.0,2.0,02,Anoka                                        ,46,11 
21-22,11.0,1.0,Anoka-Hennepin School District     ,810.0,ANOKA EXTENDED SCHOOL YEAR         ,0.0,0.0,0.0,0.0,0.0,0.0,0.0,0.0,0.0,0.0,0.0,0.0,1.0,0.0,0.0,0.0,1.0,0.0,0.0,1.0,02,Anoka                                        ,51,11 
21-22,11.0,1.0,Anoka-Hennepin School District     ,898.0,Secondary Virtual School           ,2.0,3.0,4.0,8.0,3.0,2.0,4.0,4.0,0.0,0.0,0.0,0.0,16.0,39.0,4.0,3.0,33.0,59.0,37.0,92.0,02,Anoka                                        ,46,11 
21-22,11.0,1.0,Anoka-Hennepin School District     ,975.0,Anoka-Hennepin Regn HS Summer Prog ,2.0,2.0,4.0,7.0,10.0,17.0,5.0,2.0,0.0,0.0,0.0,0.0,29.0,22.0,2.0,3.0,52.0,53.0,54.0,105.0,02,Anoka                                        ,41,11 
21-22,12.0,1.0,CENTENNIAL PUBLIC SCHOOL DISTRICT  ,0.0,District Totals,3.0,7.0,10.0,14.0,9.0,12.0,11.0,6.0,0.0,0.0,0.0,0.0,210.0,215.0,10.0,14.0,253.0,268.0,96.0,521.0,02,Anoka                                        , ,11 
21-22,12.0,1.0,CENTENNIAL PUBLIC SCHOOL DISTRICT  ,158.0,Pines School - ACS                 ,0.0,0.0,0.0,0.0,1.0,0.0,0.0,0.0,0.0,0.0,0.0,0.0,1.0,0.0,0.0,0.0,2.0,0.0,1.0,2.0,02,Anoka                                        ,77,11 
21-22,12.0,1.0,CENTENNIAL PUBLIC SCHOOL DISTRICT  ,162.0,PINES SCHOOL DAY PROGRAM           ,0.0,0.0,0.0,0.0,0.0,0.0,0.0,0.0,0.0,0.0,0.0,0.0,1.0,0.0,0.0,0.0,1.0,0.0,0.0,1.0,02,Anoka                                        ,71,11 
21-22,12.0,1.0,CENTENNIAL PUBLIC SCHOOL DISTRICT  ,164.0,CENTENNIAL HIGH SCHOOL             ,2.0,7.0,10.0,12.0,6.0,8.0,7.0,4.0,0.0,0.0,0.0,0.0,189.0,193.0,6.0,14.0,220.0,238.0,76.0,458.0,02,Anoka                                        ,32,11 
21-22,12.0,1.0,CENTENNIAL PUBLIC SCHOOL DISTRICT  ,167.0,CENTENNIAL AREA LEARNING CENTER    ,0.0,0.0,0.0,1.0,2.0,3.0,2.0,2.0,0.0,0.0,0.0,0.0,10.0,12.0,3.0,0.0,17.0,18.0,13.0,35.0,02,Anoka                                        ,41,11 
21-22,12.0,1.0,CENTENNIAL PUBLIC SCHOOL DISTRICT  ,170.0,CALC TRANSITION                    ,0.0,0.0,0.0,1.0,0.0,0.0,1.0,0.0,0.0,0.0,0.0,0.0,4.0,7.0,0.0,0.0,5.0,8.0,2.0,13.0,02,Anoka                                        ,50,11 
21-22,12.0,1.0,CENTENNIAL PUBLIC SCHOOL DISTRICT  ,171.0,PROJECT SEARCH                     ,0.0,0.0,0.0,0.0,0.0,1.0,1.0,0.0,0.0,0.0,0.0,0.0,5.0,1.0,1.0,0.0,7.0,2.0,3.0,9.0,02,Anoka                                        ,50,11 
21-22,12.0,1.0,CENTENNIAL PUBLIC SCHOOL DISTRICT  ,174.0,Centennial High School Online      ,1.0,0.0,0.0,0.0,0.0,0.0,0.0,0.0,0.0,0.0,0.0,0.0,0.0,2.0,0.0,0.0,1.0,2.0,1.0,3.0,02,Anoka                                        ,46,11 
21-22,13.0,1.0,COLUMBIA HEIGHTS PUBLIC SCHOOL DIST,0.0,District Totals,1.0,1.0,7.0,3.0,40.0,56.0,38.0,42.0,0.0,0.0,0.0,0.0,15.0,13.0,10.0,6.0,111.0,121.0,204.0,232.0,02,Anoka                                        , ,11 
21-22,13.0,1.0,COLUMBIA HEIGHTS PUBLIC SCHOOL DIST,16.0,COLUMBIA HEIGHTS SENIOR HIGH       ,1.0,1.0,7.0,3.0,38.0,55.0,37.0,40.0,0.0,0.0,0.0,0.0,14.0,12.0,8.0,5.0,105.0,116.0,195.0,221.0,02,Anoka                                        ,32,11 
21-22,13.0,1.0,COLUMBIA HEIGHTS PUBLIC SCHOOL DIST,815.0,Columbia Heights Transition Program,0.0,0.0,0.0,0.0,1.0,0.0,0.0,0.0,0.0,0.0,0.0,0.0,1.0,0.0,1.0,0.0,3.0,0.0,2.0,3.0,02,Anoka                                        ,50,11 
21-22,13.0,1.0,COLUMBIA HEIGHTS PUBLIC SCHOOL DIST,860.0,Anchor                             ,0.0,0.0,0.0,0.0,0.0,0.0,1.0,1.0,0.0,0.0,0.0,0.0,0.0,0.0,0.0,0.0,1.0,1.0,2.0,2.0,02,Anoka                                        ,79,11 
21-22,13.0,1.0,COLUMBIA HEIGHTS PUBLIC SCHOOL DIST,950.0,Virtual Heights Secondary          ,0.0,0.0,0.0,0.0,1.0,1.0,0.0,1.0,0.0,0.0,0.0,0.0,0.0,1.0,1.0,1.0,2.0,4.0,5.0,6.0,02,Anoka                                        ,46,11 
21-22,14.0,1.0,FRIDLEY PUBLIC SCHOOL DISTRICT     ,0.0,District Totals,3.0,2.0,8.0,12.0,43.0,39.0,18.0,14.0,0.0,0.0,0.0,0.0,39.0,38.0,9.0,6.0,120.0,111.0,154.0,231.0,02,Anoka                                        , ,11 
21-22,14.0,1.0,FRIDLEY PUBLIC SCHOOL DISTRICT     ,22.0,FRIDLEY SENIOR HIGH                ,1.0,1.0,6.0,11.0,26.0,26.0,13.0,6.0,0.0,0.0,0.0,0.0,31.0,31.0,5.0,5.0,82.0,80.0,100.0,162.0,02,Anoka                                        ,32,11 
21-22,14.0,1.0,FRIDLEY PUBLIC SCHOOL DISTRICT     ,551.0,TRANSITIONS SCHOOL                 ,0.0,0.0,0.0,0.0,0.0,0.0,1.0,0.0,0.0,0.0,0.0,0.0,0.0,0.0,0.0,0.0,1.0,0.0,1.0,1.0,02,Anoka                                        ,50,11 
21-22,14.0,1.0,FRIDLEY PUBLIC SCHOOL DISTRICT     ,552.0,Fridley Moore Lk Area Learning Ctr ,0.0,1.0,2.0,0.0,5.0,6.0,3.0,6.0,0.0,0.0,0.0,0.0,1.0,1.0,1.0,1.0,12.0,15.0,25.0,27.0,02,Anoka                                        ,41,11 
21-22,14.0,1.0,FRIDLEY PUBLIC SCHOOL DISTRICT     ,775.0,Fridley Online Academy             ,2.0,0.0,0.0,1.0,12.0,7.0,1.0,2.0,0.0,0.0,0.0,0.0,7.0,6.0,3.0,0.0,25.0,16.0,28.0,41.0,02,Anoka                                        ,46,11 
21-22,15.0,1.0,St. Francis Area Schools           ,0.0,District Totals,6.0,6.0,10.0,11.0,4.0,0.0,8.0,9.0,0.0,0.0,0.0,0.0,127.0,143.0,6.0,4.0,161.0,173.0,64.0,334.0,02,Anoka                                        , ,11 
21-22,15.0,1.0,St. Francis Area Schools           ,15.0,Saints Online High School          ,0.0,1.0,7.0,4.0,2.0,0.0,1.0,1.0,0.0,0.0,0.0,0.0,17.0,32.0,0.0,0.0,27.0,38.0,16.0,65.0,02,Anoka                                        ,46,11 
21-22,15.0,1.0,St. Francis Area Schools           ,18.0,Saints Academy                     ,1.0,1.0,0.0,0.0,0.0,0.0,1.0,3.0,0.0,0.0,0.0,0.0,10.0,7.0,1.0,1.0,13.0,12.0,8.0,25.0,02,Anoka                                        ,41,11 
21-22,15.0,1.0,St. Francis Area Schools           ,122.0,ST. FRANCIS HIGH                   ,5.0,4.0,3.0,7.0,2.0,0.0,6.0,5.0,0.0,0.0,0.0,0.0,98.0,103.0,5.0,3.0,119.0,122.0,40.0,241.0,02,Anoka                                        ,32,11 
21-22,15.0,1.0,St. Francis Area Schools           ,140.0,TRANSITION 15                      ,0.0,0.0,0.0,0.0,0.0,0.0,0.0,0.0,0.0,0.0,0.0,0.0,2.0,1.0,0.0,0.0,2.0,1.0,0.0,3.0,02,Anoka                                        ,50,11 
21-22,16.0,1.0,SPRING LAKE PARK PUBLIC SCHOOLS    ,0.0,District Totals,3.0,1.0,18.0,14.0,24.0,29.0,25.0,22.0,0.0,1.0,0.0,1.0,108.0,130.0,6.0,12.0,184.0,210.0,156.0,394.0,02,Anoka                                        , ,11 
21-22,16.0,1.0,SPRING LAKE PARK PUBLIC SCHOOLS    ,45.0,SPRING LAKE PARK SENIOR HIGH       ,3.0,1.0,16.0,13.0,24.0,26.0,25.0,22.0,0.0,0.0,0.0,0.0,101.0,124.0,3.0,11.0,172.0,197.0,144.0,369.0,02,Anoka                                        ,32,11 
21-22,16.0,1.0,SPRING LAKE PARK PUBLIC SCHOOLS    ,780.0,SLP Schools Online Secondary       ,0.0,0.0,2.0,1.0,0.0,3.0,0.0,0.0,0.0,1.0,0.0,1.0,7.0,5.0,2.0,0.0,11.0,11.0,10.0,22.0,02,Anoka                                        ,46,11 
21-22,16.0,1.0,SPRING LAKE PARK PUBLIC SCHOOLS    ,788.0,Secondary Lighthouse               ,0.0,0.0,0.0,0.0,0.0,0.0,0.0,0.0,0.0,0.0,0.0,0.0,0.0,1.0,1.0,1.0,1.0,2.0,2.0,3.0,02,Anoka                                        ,33,11 
21-22,22.0,1.0,DETROIT LAKES PUBLIC SCHOOL DIST.  ,0.0,District Totals,14.0,21.0,0.0,2.0,0.0,2.0,3.0,0.0,0.0,0.0,0.0,0.0,71.0,73.0,1.0,2.0,89.0,100.0,45.0,189.0,03,Becker                                       , ,04 
21-22,22.0,1.0,DETROIT LAKES PUBLIC SCHOOL DIST.  ,3.0,DETROIT LAKES SENIOR HIGH          ,14.0,19.0,0.0,2.0,0.0,2.0,3.0,0.0,0.0,0.0,0.0,0.0,66.0,64.0,1.0,2.0,84.0,89.0,43.0,173.0,03,Becker                                       ,32,04 
21-22,22.0,1.0,DETROIT LAKES PUBLIC SCHOOL DIST.  ,8.0,HS EXTENDED YEAR PROGRAM           ,0.0,0.0,0.0,0.0,0.0,0.0,0.0,0.0,0.0,0.0,0.0,0.0,0.0,2.0,0.0,0.0,0.0,2.0,0.0,2.0,03,Becker                                       ,41,04 
21-22,22.0,1.0,DETROIT LAKES PUBLIC SCHOOL DIST.  ,42.0,DETROIT LAKES AREA LEARNING CENTER ,0.0,2.0,0.0,0.0,0.0,0.0,0.0,0.0,0.0,0.0,0.0,0.0,4.0,7.0,0.0,0.0,4.0,9.0,2.0,13.0,03,Becker                                       ,41,04 
21-22,22.0,1.0,DETROIT LAKES PUBLIC SCHOOL DIST.  ,80.0,Laker Transitions                  ,0.0,0.0,0.0,0.0,0.0,0.0,0.0,0.0,0.0,0.0,0.0,0.0,1.0,0.0,0.0,0.0,1.0,0.0,0.0,1.0,03,Becker                                       ,55,04 
21-22,23.0,1.0,FRAZEE-VERGAS PUBLIC SCHOOL DIST.  ,0.0,District Totals,1.0,3.0,0.0,0.0,2.0,0.0,0.0,1.0,0.0,0.0,0.0,0.0,21.0,29.0,0.0,0.0,24.0,33.0,7.0,57.0,03,Becker                                       , ,04 
21-22,23.0,1.0,FRAZEE-VERGAS PUBLIC SCHOOL DIST.  ,20.0,FRAZEE SECONDARY                   ,1.0,3.0,0.0,0.0,2.0,0.0,0.0,1.0,0.0,0.0,0.0,0.0,21.0,29.0,0.0,0.0,24.0,33.0,7.0,57.0,03,Becker                                       ,33,04 
21-22,31.0,1.0,BEMIDJI PUBLIC SCHOOL DISTRICT     ,0.0,District Totals,23.0,17.0,3.0,1.0,3.0,2.0,3.0,4.0,0.0,0.0,0.0,0.0,123.0,108.0,2.0,1.0,157.0,133.0,59.0,290.0,04,Beltrami                                     , ,02 
21-22,31.0,1.0,BEMIDJI PUBLIC SCHOOL DISTRICT     ,20.0,BEMIDJI SENIOR HIGH                ,17.0,14.0,3.0,1.0,2.0,2.0,3.0,3.0,0.0,0.0,0.0,0.0,111.0,92.0,2.0,1.0,138.0,113.0,48.0,251.0,04,Beltrami                                     ,32,02 
21-22,31.0,1.0,BEMIDJI PUBLIC SCHOOL DISTRICT     ,22.0,BEMIDJI SENIOR LUMBERJACK ALC      ,0.0,1.0,0.0,0.0,0.0,0.0,0.0,1.0,0.0,0.0,0.0,0.0,4.0,4.0,0.0,0.0,4.0,6.0,2.0,10.0,04,Beltrami                                     ,41,02 
21-22,31.0,1.0,BEMIDJI PUBLIC SCHOOL DISTRICT     ,160.0,FIRST CITY SCHOOL                  ,1.0,0.0,0.0,0.0,0.0,0.0,0.0,0.0,0.0,0.0,0.0,0.0,0.0,0.0,0.0,0.0,1.0,0.0,1.0,1.0,04,Beltrami                                     ,77,02 
21-22,31.0,1.0,BEMIDJI PUBLIC SCHOOL DISTRICT     ,170.0,BEMIDJI AREA LEARNING CENTER       ,5.0,2.0,0.0,0.0,1.0,0.0,0.0,0.0,0.0,0.0,0.0,0.0,8.0,12.0,0.0,0.0,14.0,14.0,8.0,28.0,04,Beltrami                                     ,41,02 
21-22,32.0,1.0,BLACKDUCK PUBLIC SCHOOL DISTRICT   ,0.0,District Totals,2.0,1.0,0.0,1.0,0.0,1.0,1.0,1.0,0.0,0.0,0.0,0.0,16.0,21.0,0.0,1.0,19.0,26.0,8.0,45.0,04,Beltrami                                     , ,02 
21-22,32.0,1.0,BLACKDUCK PUBLIC SCHOOL DISTRICT   ,20.0,BLACKDUCK SECONDARY                ,2.0,1.0,0.0,1.0,0.0,1.0,1.0,1.0,0.0,0.0,0.0,0.0,16.0,21.0,0.0,1.0,19.0,26.0,8.0,45.0,04,Beltrami                                     ,33,02 
21-22,36.0,1.0,KELLIHER PUBLIC SCHOOL DISTRICT    ,0.0,District Totals,4.0,5.0,0.0,0.0,0.0,1.0,0.0,0.0,0.0,0.0,0.0,0.0,4.0,6.0,0.0,0.0,8.0,12.0,10.0,20.0,04,Beltrami                                     , ,02 
21-22,36.0,1.0,KELLIHER PUBLIC SCHOOL DISTRICT    ,20.0,KELLIHER SECONDARY                 ,4.0,5.0,0.0,0.0,0.0,1.0,0.0,0.0,0.0,0.0,0.0,0.0,4.0,6.0,0.0,0.0,8.0,12.0,10.0,20.0,04,Beltrami                                     ,33,02 
21-22,38.0,1.0,RED LAKE PUBLIC SCHOOL DISTRICT    ,0.0,District Totals,11.0,12.0,0.0,0.0,0.0,0.0,0.0,0.0,0.0,0.0,0.0,1.0,0.0,0.0,0.0,0.0,11.0,13.0,24.0,24.0,04,Beltrami                                     , ,02 
21-22,38.0,1.0,RED LAKE PUBLIC SCHOOL DISTRICT    ,30.0,RED LAKE SECONDARY                 ,11.0,10.0,0.0,0.0,0.0,0.0,0.0,0.0,0.0,0.0,0.0,1.0,0.0,0.0,0.0,0.0,11.0,11.0,22.0,22.0,04,Beltrami                                     ,32,02 
21-22,38.0,1.0,RED LAKE PUBLIC SCHOOL DISTRICT    ,35.0,RED LAKE ALTERNATIVE LEARNING      ,0.0,2.0,0.0,0.0,0.0,0.0,0.0,0.0,0.0,0.0,0.0,0.0,0.0,0.0,0.0,0.0,0.0,2.0,2.0,2.0,04,Beltrami                                     ,41,02 
21-22,47.0,1.0,SAUK RAPIDS-RICE PUBLIC SCHOOLS    ,0.0,District Totals,0.0,1.0,1.0,2.0,3.0,2.0,6.0,6.0,0.0,0.0,0.0,0.0,130.0,115.0,6.0,9.0,146.0,135.0,36.0,281.0,05,Benton                                       , ,07W
21-22,47.0,1.0,SAUK RAPIDS-RICE PUBLIC SCHOOLS    ,1.0,SAUK RAPIDS-RICE SENIOR HIGH       ,0.0,1.0,1.0,2.0,3.0,2.0,6.0,6.0,0.0,0.0,0.0,0.0,130.0,115.0,6.0,9.0,146.0,135.0,36.0,281.0,05,Benton                                       ,32,07W
21-22,51.0,1.0,FOLEY PUBLIC SCHOOL DISTRICT       ,0.0,District Totals,0.0,0.0,0.0,0.0,0.0,0.0,1.0,1.0,0.0,0.0,0.0,0.0,67.0,66.0,0.0,1.0,68.0,68.0,3.0,136.0,05,Benton                                       , ,07W
21-22,51.0,1.0,FOLEY PUBLIC SCHOOL DISTRICT       ,20.0,FOLEY SENIOR HIGH                  ,0.0,0.0,0.0,0.0,0.0,0.0,1.0,1.0,0.0,0.0,0.0,0.0,67.0,66.0,0.0,1.0,68.0,68.0,3.0,136.0,05,Benton                                       ,32,07W
21-22,75.0,1.0,ST. CLAIR PUBLIC SCHOOL DISTRICT   ,0.0,District Totals,0.0,0.0,0.0,0.0,0.0,0.0,0.0,0.0,0.0,0.0,0.0,0.0,28.0,18.0,1.0,1.0,29.0,19.0,2.0,48.0,07,Blue Earth                                   , ,09 
21-22,75.0,1.0,ST. CLAIR PUBLIC SCHOOL DISTRICT   ,20.0,ST. CLAIR SECONDARY                ,0.0,0.0,0.0,0.0,0.0,0.0,0.0,0.0,0.0,0.0,0.0,0.0,28.0,18.0,1.0,1.0,29.0,19.0,2.0,48.0,07,Blue Earth                                   ,33,09 
21-22,77.0,1.0,MANKATO PUBLIC SCHOOL DISTRICT     ,0.0,District Totals,1.0,2.0,8.0,8.0,48.0,27.0,16.0,15.0,0.0,0.0,0.0,0.0,245.0,193.0,11.0,6.0,329.0,251.0,142.0,580.0,07,Blue Earth                                   , ,09 
21-22,77.0,1.0,MANKATO PUBLIC SCHOOL DISTRICT     ,130.0,MANKATO WEST SENIOR HIGH           ,0.0,1.0,3.0,4.0,15.0,10.0,6.0,5.0,0.0,0.0,0.0,0.0,124.0,102.0,6.0,1.0,154.0,123.0,51.0,277.0,07,Blue Earth                                   ,32,09 
21-22,77.0,1.0,MANKATO PUBLIC SCHOOL DISTRICT     ,160.0,MANKATO EAST SENIOR HIGH           ,1.0,1.0,4.0,4.0,26.0,15.0,9.0,10.0,0.0,0.0,0.0,0.0,100.0,77.0,5.0,3.0,145.0,110.0,78.0,255.0,07,Blue Earth                                   ,32,09 
21-22,77.0,1.0,MANKATO PUBLIC SCHOOL DISTRICT     ,170.0,SPECIAL EDUCATION                  ,0.0,0.0,0.0,0.0,1.0,0.0,0.0,0.0,0.0,0.0,0.0,0.0,2.0,0.0,0.0,0.0,3.0,0.0,1.0,3.0,07,Blue Earth                                   ,50,09 
21-22,77.0,1.0,MANKATO PUBLIC SCHOOL DISTRICT     ,220.0,Central High Area Learning Center  ,0.0,0.0,0.0,0.0,1.0,0.0,0.0,0.0,0.0,0.0,0.0,0.0,12.0,11.0,0.0,1.0,13.0,12.0,2.0,25.0,07,Blue Earth                                   ,41,09 
21-22,77.0,1.0,MANKATO PUBLIC SCHOOL DISTRICT     ,221.0,MANKATO AREA SUMMER SCHOOL         ,0.0,0.0,0.0,0.0,3.0,0.0,0.0,0.0,0.0,0.0,0.0,0.0,4.0,1.0,0.0,0.0,7.0,1.0,3.0,8.0,07,Blue Earth                                   ,41,09 
21-22,77.0,1.0,MANKATO PUBLIC SCHOOL DISTRICT     ,222.0,MANKATO AREA NIGHT SCHOOL          ,0.0,0.0,0.0,0.0,1.0,0.0,0.0,0.0,0.0,0.0,0.0,0.0,0.0,0.0,0.0,1.0,1.0,1.0,2.0,2.0,07,Blue Earth                                   ,41,09 
21-22,77.0,1.0,MANKATO PUBLIC SCHOOL DISTRICT     ,230.0,LIFE LINES ADULT CONNECTION        ,0.0,0.0,1.0,0.0,1.0,2.0,0.0,0.0,0.0,0.0,0.0,0.0,1.0,1.0,0.0,0.0,3.0,3.0,4.0,6.0,07,Blue Earth                                   ,42,09 
21-22,77.0,1.0,MANKATO PUBLIC SCHOOL DISTRICT     ,260.0,CENTRAL FREEDOM SCHOOL             ,0.0,0.0,0.0,0.0,0.0,0.0,0.0,0.0,0.0,0.0,0.0,0.0,1.0,0.0,0.0,0.0,1.0,0.0,0.0,1.0,07,Blue Earth                                   ,41,09 
21-22,77.0,1.0,MANKATO PUBLIC SCHOOL DISTRICT     ,370.0,FUTURES PROGRAM                    ,0.0,0.0,0.0,0.0,0.0,0.0,1.0,0.0,0.0,0.0,0.0,0.0,1.0,1.0,0.0,0.0,2.0,1.0,1.0,3.0,07,Blue Earth                                   ,50,09 
21-22,81.0,1.0,COMFREY PUBLIC SCHOOL DISTRICT     ,0.0,District Totals,0.0,0.0,0.0,0.0,0.0,0.0,0.0,2.0,0.0,0.0,0.0,0.0,8.0,10.0,0.0,0.0,8.0,12.0,2.0,20.0,08,Brown                                        , ,09 
21-22,81.0,1.0,COMFREY PUBLIC SCHOOL DISTRICT     ,20.0,COMFREY SECONDARY                  ,0.0,0.0,0.0,0.0,0.0,0.0,0.0,2.0,0.0,0.0,0.0,0.0,8.0,10.0,0.0,0.0,8.0,12.0,2.0,20.0,08,Brown                                        ,33,09 
21-22,84.0,1.0,SLEEPY EYE PUBLIC SCHOOL DISTRICT  ,0.0,District Totals,0.0,0.0,0.0,1.0,0.0,1.0,6.0,5.0,0.0,0.0,0.0,0.0,12.0,10.0,0.0,0.0,18.0,17.0,13.0,35.0,08,Brown                                        , ,09 
21-22,84.0,1.0,SLEEPY EYE PUBLIC SCHOOL DISTRICT  ,20.0,SLEEPY EYE SEC.                    ,0.0,0.0,0.0,1.0,0.0,1.0,6.0,5.0,0.0,0.0,0.0,0.0,12.0,10.0,0.0,0.0,18.0,17.0,13.0,35.0,08,Brown                                        ,33,09 
21-22,85.0,1.0,SPRINGFIELD PUBLIC SCHOOL DISTRICT ,0.0,District Totals,0.0,0.0,0.0,0.0,0.0,0.0,0.0,0.0,0.0,0.0,0.0,0.0,23.0,14.0,0.0,0.0,23.0,14.0,0.0,37.0,08,Brown                                        , ,09 
21-22,85.0,1.0,SPRINGFIELD PUBLIC SCHOOL DISTRICT ,1.0,SPRINGFIELD SECONDARY              ,0.0,0.0,0.0,0.0,0.0,0.0,0.0,0.0,0.0,0.0,0.0,0.0,23.0,14.0,0.0,0.0,23.0,14.0,0.0,37.0,08,Brown                                        ,33,09 
21-22,88.0,1.0,NEW ULM PUBLIC SCHOOL DISTRICT     ,0.0,District Totals,0.0,0.0,0.0,0.0,1.0,0.0,5.0,4.0,0.0,0.0,0.0,0.0,60.0,71.0,0.0,0.0,66.0,75.0,10.0,141.0,08,Brown                                        , ,09 
21-22,88.0,1.0,NEW ULM PUBLIC SCHOOL DISTRICT     ,50.0,NEW ULM HIGH SCHOOL                ,0.0,0.0,0.0,0.0,1.0,0.0,5.0,4.0,0.0,0.0,0.0,0.0,60.0,71.0,0.0,0.0,66.0,75.0,10.0,141.0,08,Brown                                        ,32,09 
21-22,91.0,1.0,BARNUM PUBLIC SCHOOL DISTRICT      ,0.0,District Totals,2.0,5.0,0.0,0.0,0.0,0.0,0.0,0.0,0.0,0.0,0.0,0.0,21.0,27.0,0.0,1.0,23.0,33.0,8.0,56.0,09,Carlton                                      , ,03 
21-22,91.0,1.0,BARNUM PUBLIC SCHOOL DISTRICT      ,2.0,BARNUM SECONDARY                   ,2.0,5.0,0.0,0.0,0.0,0.0,0.0,0.0,0.0,0.0,0.0,0.0,21.0,27.0,0.0,1.0,23.0,33.0,8.0,56.0,09,Carlton                                      ,33,03 
21-22,93.0,1.0,CARLTON PUBLIC SCHOOL DISTRICT     ,0.0,District Totals,2.0,3.0,1.0,0.0,0.0,1.0,1.0,0.0,0.0,0.0,0.0,0.0,13.0,7.0,0.0,0.0,17.0,11.0,8.0,28.0,09,Carlton                                      , ,03 
21-22,93.0,1.0,CARLTON PUBLIC SCHOOL DISTRICT     ,1.0,CARLTON SECONDARY                  ,2.0,3.0,1.0,0.0,0.0,1.0,1.0,0.0,0.0,0.0,0.0,0.0,13.0,7.0,0.0,0.0,17.0,11.0,8.0,28.0,09,Carlton                                      ,33,03 
21-22,94.0,1.0,CLOQUET PUBLIC SCHOOL DISTRICT     ,0.0,District Totals,15.0,13.0,1.0,1.0,0.0,1.0,1.0,1.0,0.0,0.0,0.0,0.0,87.0,72.0,2.0,3.0,106.0,91.0,38.0,197.0,09,Carlton                                      , ,03 
21-22,94.0,1.0,CLOQUET PUBLIC SCHOOL DISTRICT     ,103.0,CLOQUET AREA ALT. ED. PROGRAMS     ,3.0,1.0,0.0,0.0,0.0,0.0,1.0,0.0,0.0,0.0,0.0,0.0,18.0,10.0,0.0,1.0,22.0,12.0,6.0,34.0,09,Carlton                                      ,41,03 
21-22,94.0,1.0,CLOQUET PUBLIC SCHOOL DISTRICT     ,108.0,CAAEP EXTENDED DAY PROGRAM         ,1.0,0.0,0.0,0.0,0.0,1.0,0.0,0.0,0.0,0.0,0.0,0.0,3.0,2.0,0.0,0.0,4.0,3.0,2.0,7.0,09,Carlton                                      ,41,03 
21-22,94.0,1.0,CLOQUET PUBLIC SCHOOL DISTRICT     ,202.0,CLOQUET SENIOR                     ,11.0,12.0,1.0,1.0,0.0,0.0,0.0,1.0,0.0,0.0,0.0,0.0,66.0,60.0,2.0,2.0,80.0,76.0,30.0,156.0,09,Carlton                                      ,32,03 
21-22,95.0,1.0,CROMWELL-WRIGHT PUBLIC SCHOOLS     ,0.0,District Totals,0.0,0.0,0.0,0.0,0.0,0.0,0.0,0.0,0.0,0.0,0.0,0.0,11.0,7.0,0.0,0.0,11.0,7.0,0.0,18.0,09,Carlton                                      , ,03 
21-22,95.0,1.0,CROMWELL-WRIGHT PUBLIC SCHOOLS     ,20.0,CROMWELL-WRIGHT SECONDARY          ,0.0,0.0,0.0,0.0,0.0,0.0,0.0,0.0,0.0,0.0,0.0,0.0,11.0,7.0,0.0,0.0,11.0,7.0,0.0,18.0,09,Carlton                                      ,33,03 
21-22,97.0,1.0,MOOSE LAKE PUBLIC SCHOOL DISTRICT  ,0.0,District Totals,0.0,0.0,0.0,0.0,0.0,0.0,1.0,0.0,0.0,0.0,0.0,0.0,20.0,21.0,0.0,1.0,21.0,22.0,2.0,43.0,09,Carlton                                      , ,03 
21-22,97.0,1.0,MOOSE LAKE PUBLIC SCHOOL DISTRICT  ,10.0,MOOSE LAKE SECONDARY               ,0.0,0.0,0.0,0.0,0.0,0.0,1.0,0.0,0.0,0.0,0.0,0.0,20.0,21.0,0.0,1.0,21.0,22.0,2.0,43.0,09,Carlton                                      ,33,03 
21-22,99.0,1.0,ESKO PUBLIC SCHOOL DISTRICT        ,0.0,District Totals,1.0,2.0,1.0,1.0,0.0,0.0,2.0,0.0,0.0,0.0,0.0,0.0,43.0,48.0,1.0,2.0,48.0,53.0,10.0,101.0,09,Carlton                                      , ,03 
21-22,99.0,1.0,ESKO PUBLIC SCHOOL DISTRICT        ,1.0,LINCOLN SECONDARY                  ,1.0,2.0,1.0,1.0,0.0,0.0,2.0,0.0,0.0,0.0,0.0,0.0,43.0,48.0,1.0,2.0,48.0,53.0,10.0,101.0,09,Carlton                                      ,33,03 
21-22,100.0,1.0,WRENSHALL PUBLIC SCHOOL DISTRICT   ,0.0,District Totals,0.0,0.0,0.0,0.0,0.0,0.0,0.0,1.0,0.0,0.0,0.0,0.0,8.0,10.0,0.0,0.0,8.0,11.0,1.0,19.0,09,Carlton                                      , ,03 
21-22,100.0,1.0,WRENSHALL PUBLIC SCHOOL DISTRICT   ,2.0,WRENSHALL SECONDARY                ,0.0,0.0,0.0,0.0,0.0,0.0,0.0,1.0,0.0,0.0,0.0,0.0,8.0,10.0,0.0,0.0,8.0,11.0,1.0,19.0,09,Carlton                                      ,33,03 
21-22,108.0,1.0,CENTRAL PUBLIC SCHOOL DISTRICT     ,0.0,District Totals,0.0,0.0,0.0,0.0,1.0,0.0,0.0,1.0,0.0,0.0,0.0,0.0,27.0,35.0,1.0,0.0,29.0,36.0,3.0,65.0,10,Carver                                       , ,11 
21-22,108.0,1.0,CENTRAL PUBLIC SCHOOL DISTRICT     ,20.0,CENTRAL SENIOR HIGH                ,0.0,0.0,0.0,0.0,1.0,0.0,0.0,1.0,0.0,0.0,0.0,0.0,27.0,35.0,1.0,0.0,29.0,36.0,3.0,65.0,10,Carver                                       ,32,11 
21-22,110.0,1.0,WACONIA PUBLIC SCHOOL DISTRICT     ,0.0,District Totals,0.0,0.0,2.0,1.0,2.0,1.0,14.0,10.0,0.0,0.0,0.0,0.0,153.0,126.0,3.0,5.0,174.0,143.0,38.0,317.0,10,Carver                                       , ,11 
21-22,110.0,1.0,WACONIA PUBLIC SCHOOL DISTRICT     ,310.0,Waconia High School                ,0.0,0.0,2.0,1.0,1.0,1.0,8.0,4.0,0.0,0.0,0.0,0.0,137.0,117.0,3.0,4.0,151.0,127.0,24.0,278.0,10,Carver                                       ,32,11 
21-22,110.0,1.0,WACONIA PUBLIC SCHOOL DISTRICT     ,315.0,TRANSITIONS 110                    ,0.0,0.0,0.0,0.0,0.0,0.0,1.0,0.0,0.0,0.0,0.0,0.0,1.0,1.0,0.0,0.0,2.0,1.0,1.0,3.0,10,Carver                                       ,50,11 
21-22,110.0,1.0,WACONIA PUBLIC SCHOOL DISTRICT     ,601.0,Waconia Learning Center            ,0.0,0.0,0.0,0.0,1.0,0.0,5.0,6.0,0.0,0.0,0.0,0.0,15.0,8.0,0.0,1.0,21.0,15.0,13.0,36.0,10,Carver                                       ,41,11 
21-22,111.0,1.0,Watertown-Mayer Public School Dist ,0.0,District Totals,0.0,1.0,0.0,0.0,0.0,0.0,0.0,1.0,0.0,0.0,0.0,0.0,54.0,50.0,2.0,2.0,56.0,54.0,6.0,110.0,10,Carver                                       , ,11 
21-22,111.0,1.0,Watertown-Mayer Public School Dist ,842.0,WATERTOWN MAYER HIGH               ,0.0,1.0,0.0,0.0,0.0,0.0,0.0,1.0,0.0,0.0,0.0,0.0,54.0,50.0,2.0,2.0,56.0,54.0,6.0,110.0,10,Carver                                       ,32,11 
21-22,112.0,1.0,EASTERN CARVER COUNTY PUBLIC SCHOOL,0.0,District Totals,4.0,5.0,14.0,15.0,12.0,25.0,28.0,40.0,0.0,0.0,0.0,0.0,325.0,329.0,20.0,19.0,403.0,433.0,182.0,836.0,10,Carver                                       , ,11 
21-22,112.0,1.0,EASTERN CARVER COUNTY PUBLIC SCHOOL,60.0,CHASKA HIGH SCHOOL                 ,0.0,2.0,5.0,8.0,9.0,17.0,16.0,19.0,0.0,0.0,0.0,0.0,140.0,123.0,8.0,8.0,178.0,177.0,92.0,355.0,10,Carver                                       ,32,11 
21-22,112.0,1.0,EASTERN CARVER COUNTY PUBLIC SCHOOL,64.0,CHANHASSEN HIGH SCHOOL             ,3.0,1.0,8.0,6.0,1.0,7.0,9.0,10.0,0.0,0.0,0.0,0.0,164.0,180.0,10.0,7.0,195.0,211.0,62.0,406.0,10,Carver                                       ,32,11 
21-22,112.0,1.0,EASTERN CARVER COUNTY PUBLIC SCHOOL,65.0,INTEGRATED ARTS ACADEMY            ,0.0,0.0,0.0,0.0,0.0,0.0,0.0,6.0,0.0,0.0,0.0,0.0,8.0,10.0,0.0,1.0,8.0,17.0,7.0,25.0,10,Carver                                       ,41,11 
21-22,112.0,1.0,EASTERN CARVER COUNTY PUBLIC SCHOOL,67.0,112 ALC Independent Study          ,1.0,1.0,0.0,0.0,2.0,1.0,3.0,4.0,0.0,0.0,0.0,0.0,6.0,9.0,0.0,2.0,12.0,17.0,14.0,29.0,10,Carver                                       ,41,11 
21-22,112.0,1.0,EASTERN CARVER COUNTY PUBLIC SCHOOL,69.0,STEPS TOWARD ADULT RESPONSIBILITY  ,0.0,1.0,1.0,0.0,0.0,0.0,0.0,1.0,0.0,0.0,0.0,0.0,5.0,7.0,2.0,1.0,8.0,10.0,6.0,18.0,10,Carver                                       ,50,11 
21-22,112.0,1.0,EASTERN CARVER COUNTY PUBLIC SCHOOL,523.0,The Anicca Program                 ,0.0,0.0,0.0,1.0,0.0,0.0,0.0,0.0,0.0,0.0,0.0,0.0,2.0,0.0,0.0,0.0,2.0,1.0,1.0,3.0,10,Carver                                       ,79,11 
21-22,113.0,1.0,WALKER-HACKENSACK-AKELEY SCHL. DIST,0.0,District Totals,2.0,2.0,0.0,0.0,0.0,0.0,2.0,0.0,0.0,0.0,0.0,0.0,12.0,25.0,0.0,0.0,16.0,27.0,6.0,43.0,11,Cass                                         , ,05 
21-22,113.0,1.0,WALKER-HACKENSACK-AKELEY SCHL. DIST,20.0,WALKER-HACKENSACK-AKELEY SEC.      ,2.0,2.0,0.0,0.0,0.0,0.0,2.0,0.0,0.0,0.0,0.0,0.0,12.0,25.0,0.0,0.0,16.0,27.0,6.0,43.0,11,Cass                                         ,33,05 
21-22,115.0,1.0,CASS LAKE-BENA PUBLIC SCHOOLS      ,0.0,District Totals,38.0,31.0,0.0,0.0,0.0,0.0,0.0,1.0,0.0,0.0,0.0,0.0,4.0,9.0,0.0,0.0,42.0,41.0,70.0,83.0,11,Cass                                         , ,05 
21-22,115.0,1.0,CASS LAKE-BENA PUBLIC SCHOOLS      ,30.0,CASS LAKE-BENA SECONDARY           ,26.0,21.0,0.0,0.0,0.0,0.0,0.0,0.0,0.0,0.0,0.0,0.0,2.0,5.0,0.0,0.0,28.0,26.0,47.0,54.0,11,Cass                                         ,32,05 
21-22,115.0,1.0,CASS LAKE-BENA PUBLIC SCHOOLS      ,31.0,CASS LAKE-BENA AREA LRNG. CNTR.    ,12.0,10.0,0.0,0.0,0.0,0.0,0.0,1.0,0.0,0.0,0.0,0.0,2.0,4.0,0.0,0.0,14.0,15.0,23.0,29.0,11,Cass                                         ,41,05 
21-22,116.0,1.0,PILLAGER PUBLIC SCHOOL DISTRICT    ,0.0,District Totals,0.0,0.0,0.0,0.0,0.0,1.0,1.0,1.0,0.0,0.0,0.0,0.0,33.0,40.0,1.0,0.0,35.0,42.0,4.0,77.0,11,Cass                                         , ,05 
21-22,116.0,1.0,PILLAGER PUBLIC SCHOOL DISTRICT    ,20.0,Pillager Senior High School        ,0.0,0.0,0.0,0.0,0.0,1.0,1.0,1.0,0.0,0.0,0.0,0.0,33.0,40.0,1.0,0.0,35.0,42.0,4.0,77.0,11,Cass                                         ,32,05 
21-22,118.0,1.0,NORTHLAND COMMUNITY SCHOOLS        ,0.0,District Totals,2.0,1.0,1.0,0.0,0.0,0.0,0.0,0.0,0.0,0.0,0.0,0.0,5.0,8.0,0.0,0.0,8.0,9.0,4.0,17.0,11,Cass                                         , ,05 
21-22,118.0,1.0,NORTHLAND COMMUNITY SCHOOLS        ,20.0,NORTHLAND SECONDARY                ,2.0,1.0,1.0,0.0,0.0,0.0,0.0,0.0,0.0,0.0,0.0,0.0,5.0,8.0,0.0,0.0,8.0,9.0,4.0,17.0,11,Cass                                         ,33,05 
21-22,129.0,1.0,MONTEVIDEO PUBLIC SCHOOL DISTRICT  ,0.0,District Totals,0.0,1.0,0.0,0.0,0.0,0.0,2.0,5.0,0.0,0.0,2.0,2.0,38.0,36.0,0.0,1.0,42.0,45.0,13.0,87.0,12,Chippewa                                     , ,06W
21-22,129.0,1.0,MONTEVIDEO PUBLIC SCHOOL DISTRICT  ,40.0,MONTEVIDEO SENIOR HIGH             ,0.0,1.0,0.0,0.0,0.0,0.0,2.0,5.0,0.0,0.0,2.0,2.0,38.0,36.0,0.0,1.0,42.0,45.0,13.0,87.0,12,Chippewa                                     ,32,06W
21-22,138.0,1.0,North Branch Area Public Schools   ,0.0,District Totals,3.0,2.0,3.0,1.0,0.0,0.0,5.0,2.0,0.0,0.0,0.0,0.0,102.0,104.0,0.0,1.0,113.0,110.0,17.0,223.0,13,Chisago                                      , ,07E
21-22,138.0,1.0,North Branch Area Public Schools   ,30.0,North Branch Area High School      ,3.0,0.0,3.0,0.0,0.0,0.0,3.0,2.0,0.0,0.0,0.0,0.0,86.0,99.0,0.0,1.0,95.0,102.0,12.0,197.0,13,Chisago                                      ,32,07E
21-22,138.0,1.0,North Branch Area Public Schools   ,50.0,Norse Area Learning Center         ,0.0,1.0,0.0,1.0,0.0,0.0,2.0,0.0,0.0,0.0,0.0,0.0,11.0,2.0,0.0,0.0,13.0,4.0,4.0,17.0,13,Chisago                                      ,41,07E
21-22,138.0,1.0,North Branch Area Public Schools   ,70.0,Distance Learning Academy Secondary,0.0,1.0,0.0,0.0,0.0,0.0,0.0,0.0,0.0,0.0,0.0,0.0,5.0,3.0,0.0,0.0,5.0,4.0,1.0,9.0,13,Chisago                                      ,46,07E
21-22,139.0,1.0,RUSH CITY PUBLIC SCHOOL DISTRICT   ,0.0,District Totals,1.0,0.0,1.0,0.0,0.0,1.0,2.0,0.0,0.0,0.0,0.0,0.0,28.0,24.0,1.0,0.0,33.0,25.0,6.0,58.0,13,Chisago                                      , ,07E
21-22,139.0,1.0,RUSH CITY PUBLIC SCHOOL DISTRICT   ,20.0,RUSH CITY SECONDARY                ,1.0,0.0,1.0,0.0,0.0,1.0,2.0,0.0,0.0,0.0,0.0,0.0,28.0,24.0,1.0,0.0,33.0,25.0,6.0,58.0,13,Chisago                                      ,33,07E
21-22,146.0,1.0,BARNESVILLE PUBLIC SCHOOL DIST.    ,0.0,District Totals,0.0,0.0,0.0,0.0,0.0,0.0,3.0,0.0,0.0,0.0,0.0,0.0,24.0,23.0,0.0,0.0,27.0,23.0,3.0,50.0,14,Clay                                         , ,04 
21-22,146.0,1.0,BARNESVILLE PUBLIC SCHOOL DIST.    ,40.0,BARNESVILLE SECONDARY              ,0.0,0.0,0.0,0.0,0.0,0.0,3.0,0.0,0.0,0.0,0.0,0.0,24.0,23.0,0.0,0.0,27.0,23.0,3.0,50.0,14,Clay                                         ,33,04 
21-22,150.0,1.0,HAWLEY PUBLIC SCHOOL DISTRICT      ,0.0,District Totals,0.0,0.0,0.0,1.0,0.0,0.0,0.0,2.0,0.0,0.0,0.0,0.0,33.0,34.0,0.0,0.0,33.0,37.0,3.0,70.0,14,Clay                                         , ,04 
21-22,150.0,1.0,HAWLEY PUBLIC SCHOOL DISTRICT      ,20.0,HAWLEY SECONDARY                   ,0.0,0.0,0.0,1.0,0.0,0.0,0.0,2.0,0.0,0.0,0.0,0.0,33.0,34.0,0.0,0.0,33.0,37.0,3.0,70.0,14,Clay                                         ,33,04 
21-22,152.0,1.0,Moorhead Area Public Schools       ,0.0,District Totals,8.0,20.0,1.0,5.0,24.0,19.0,15.0,16.0,0.0,1.0,0.0,0.0,159.0,164.0,10.0,9.0,217.0,234.0,128.0,451.0,14,Clay                                         , ,04 
21-22,152.0,1.0,Moorhead Area Public Schools       ,382.0,MOORHEAD HIGH SCHOOL               ,6.0,18.0,1.0,4.0,20.0,18.0,10.0,11.0,0.0,1.0,0.0,0.0,123.0,139.0,9.0,7.0,169.0,198.0,105.0,367.0,14,Clay                                         ,32,04 
21-22,152.0,1.0,Moorhead Area Public Schools       ,399.0,Moorhead Online Secondary Academy  ,0.0,0.0,0.0,1.0,0.0,1.0,2.0,0.0,0.0,0.0,0.0,0.0,11.0,6.0,0.0,0.0,13.0,8.0,4.0,21.0,14,Clay                                         ,46,04 
21-22,152.0,1.0,Moorhead Area Public Schools       ,960.0,West Central Academy-S             ,1.0,0.0,0.0,0.0,0.0,0.0,0.0,0.0,0.0,0.0,0.0,0.0,2.0,0.0,0.0,0.0,3.0,0.0,1.0,3.0,14,Clay                                         ,77,04 
21-22,152.0,1.0,Moorhead Area Public Schools       ,970.0,West Central Academy-N             ,0.0,0.0,0.0,0.0,0.0,0.0,0.0,0.0,0.0,0.0,0.0,0.0,2.0,1.0,0.0,0.0,2.0,1.0,0.0,3.0,14,Clay                                         ,77,04 
21-22,152.0,1.0,Moorhead Area Public Schools       ,980.0,Moorhead ALC                       ,1.0,2.0,0.0,0.0,4.0,0.0,3.0,5.0,0.0,0.0,0.0,0.0,21.0,18.0,1.0,2.0,30.0,27.0,18.0,57.0,14,Clay                                         ,41,04 
21-22,160.0,70.0,MINNESOTA STATE ACADEMIES          ,0.0,District Totals,1.0,0.0,0.0,0.0,2.0,1.0,4.0,2.0,0.0,0.0,0.0,0.0,3.0,3.0,0.0,1.0,10.0,7.0,11.0,17.0,66,Rice                                         , ,10 
21-22,160.0,70.0,MINNESOTA STATE ACADEMIES          ,1.0,MN ACADEMY FOR THE BLIND           ,0.0,0.0,0.0,0.0,1.0,0.0,0.0,0.0,0.0,0.0,0.0,0.0,1.0,2.0,0.0,0.0,2.0,2.0,1.0,4.0,66,Rice                                         ,50,10 
21-22,160.0,70.0,MINNESOTA STATE ACADEMIES          ,2.0,MN ACADEMY FOR THE DEAF            ,1.0,0.0,0.0,0.0,1.0,1.0,4.0,2.0,0.0,0.0,0.0,0.0,2.0,1.0,0.0,1.0,8.0,5.0,10.0,13.0,66,Rice                                         ,50,10 
21-22,162.0,1.0,BAGLEY PUBLIC SCHOOL DISTRICT      ,0.0,District Totals,2.0,7.0,0.0,0.0,0.0,0.0,0.0,0.0,0.0,0.0,0.0,0.0,20.0,19.0,1.0,1.0,23.0,27.0,11.0,50.0,15,Clearwater                                   , ,02 
21-22,162.0,1.0,BAGLEY PUBLIC SCHOOL DISTRICT      ,20.0,BAGLEY SECONDARY                   ,2.0,6.0,0.0,0.0,0.0,0.0,0.0,0.0,0.0,0.0,0.0,0.0,19.0,18.0,1.0,1.0,22.0,25.0,10.0,47.0,15,Clearwater                                   ,33,02 
21-22,162.0,1.0,BAGLEY PUBLIC SCHOOL DISTRICT      ,30.0,BAGLEY ALP                         ,0.0,1.0,0.0,0.0,0.0,0.0,0.0,0.0,0.0,0.0,0.0,0.0,1.0,1.0,0.0,0.0,1.0,2.0,1.0,3.0,15,Clearwater                                   ,42,02 
21-22,166.0,1.0,COOK COUNTY PUBLIC SCHOOLS         ,0.0,District Totals,2.0,2.0,0.0,0.0,0.0,0.0,1.0,0.0,0.0,0.0,0.0,0.0,8.0,15.0,0.0,0.0,11.0,17.0,5.0,28.0,16,Cook                                         , ,03 
21-22,166.0,1.0,COOK COUNTY PUBLIC SCHOOLS         ,50.0,COOK COUNTY SENIOR HIGH            ,2.0,2.0,0.0,0.0,0.0,0.0,1.0,0.0,0.0,0.0,0.0,0.0,8.0,15.0,0.0,0.0,11.0,17.0,5.0,28.0,16,Cook                                         ,32,03 
21-22,173.0,1.0,MOUNTAIN LAKE PUBLIC SCHOOLS       ,0.0,District Totals,1.0,0.0,5.0,3.0,1.0,0.0,4.0,0.0,0.0,0.0,0.0,0.0,19.0,12.0,2.0,0.0,32.0,15.0,16.0,47.0,17,Cottonwood                                   , ,08 
21-22,173.0,1.0,MOUNTAIN LAKE PUBLIC SCHOOLS       ,20.0,MOUNTAIN LAKE SECONDARY            ,1.0,0.0,5.0,3.0,1.0,0.0,4.0,0.0,0.0,0.0,0.0,0.0,19.0,12.0,2.0,0.0,32.0,15.0,16.0,47.0,17,Cottonwood                                   ,33,08 
21-22,177.0,1.0,WINDOM PUBLIC SCHOOL DISTRICT      ,0.0,District Totals,0.0,1.0,1.0,1.0,0.0,0.0,6.0,6.0,2.0,0.0,0.0,0.0,30.0,17.0,1.0,3.0,40.0,28.0,21.0,68.0,17,Cottonwood                                   , ,08 
21-22,177.0,1.0,WINDOM PUBLIC SCHOOL DISTRICT      ,50.0,WINDOM SENIOR HIGH                 ,0.0,1.0,1.0,1.0,0.0,0.0,6.0,6.0,2.0,0.0,0.0,0.0,30.0,17.0,1.0,3.0,40.0,28.0,21.0,68.0,17,Cottonwood                                   ,32,08 
21-22,181.0,1.0,BRAINERD PUBLIC SCHOOL DISTRICT    ,0.0,District Totals,5.0,4.0,3.0,3.0,3.0,3.0,3.0,4.0,0.0,0.0,0.0,0.0,232.0,209.0,2.0,3.0,248.0,226.0,33.0,474.0,18,Crow Wing                                    , ,05 
21-22,181.0,1.0,BRAINERD PUBLIC SCHOOL DISTRICT    ,14.0,BRAINERD SENIOR HIGH               ,3.0,2.0,3.0,3.0,2.0,3.0,2.0,4.0,0.0,0.0,0.0,0.0,186.0,180.0,0.0,3.0,196.0,195.0,25.0,391.0,18,Crow Wing                                    ,32,05 
21-22,181.0,1.0,BRAINERD PUBLIC SCHOOL DISTRICT    ,17.0,LINCOLN EDUCATION CENTER           ,1.0,0.0,0.0,0.0,1.0,0.0,1.0,0.0,0.0,0.0,0.0,0.0,14.0,5.0,2.0,0.0,19.0,5.0,5.0,24.0,18,Crow Wing                                    ,71,05 
21-22,181.0,1.0,BRAINERD PUBLIC SCHOOL DISTRICT    ,18.0,ISD 181 LEARNING CENTER            ,1.0,2.0,0.0,0.0,0.0,0.0,0.0,0.0,0.0,0.0,0.0,0.0,32.0,24.0,0.0,0.0,33.0,26.0,3.0,59.0,18,Crow Wing                                    ,41,05 
21-22,182.0,1.0,CROSBY-IRONTON PUBLIC SCHOOL DIST. ,0.0,District Totals,0.0,1.0,0.0,0.0,0.0,1.0,1.0,0.0,0.0,0.0,0.0,0.0,25.0,31.0,0.0,3.0,26.0,36.0,6.0,62.0,18,Crow Wing                                    , ,05 
21-22,182.0,1.0,CROSBY-IRONTON PUBLIC SCHOOL DIST. ,1.0,CROSBY-IRONTON SECONDARY           ,0.0,1.0,0.0,0.0,0.0,1.0,1.0,0.0,0.0,0.0,0.0,0.0,25.0,31.0,0.0,3.0,26.0,36.0,6.0,62.0,18,Crow Wing                                    ,33,05 
21-22,186.0,1.0,PEQUOT LAKES PUBLIC SCHOOLS        ,0.0,District Totals,0.0,0.0,1.0,1.0,2.0,1.0,0.0,0.0,0.0,0.0,0.0,0.0,60.0,62.0,0.0,0.0,63.0,64.0,5.0,127.0,18,Crow Wing                                    , ,05 
21-22,186.0,1.0,PEQUOT LAKES PUBLIC SCHOOLS        ,20.0,PEQUOT LAKES SENIOR HIGH           ,0.0,0.0,1.0,1.0,2.0,1.0,0.0,0.0,0.0,0.0,0.0,0.0,60.0,62.0,0.0,0.0,63.0,64.0,5.0,127.0,18,Crow Wing                                    ,32,05 
21-22,191.0,1.0,BURNSVILLE PUBLIC SCHOOL DISTRICT  ,0.0,District Totals,2.0,2.0,39.0,28.0,69.0,75.0,43.0,40.0,1.0,1.0,0.0,0.0,131.0,112.0,13.0,11.0,298.0,269.0,324.0,567.0,19,Dakota                                       , ,11 
21-22,191.0,1.0,BURNSVILLE PUBLIC SCHOOL DISTRICT  ,14.0,Burnsville High School             ,1.0,2.0,26.0,21.0,50.0,56.0,31.0,25.0,0.0,0.0,0.0,0.0,101.0,91.0,10.0,6.0,219.0,201.0,228.0,420.0,19,Dakota                                       ,32,11 
21-22,191.0,1.0,BURNSVILLE PUBLIC SCHOOL DISTRICT  ,79.0,ONE91 Virtual Academy Secondary    ,0.0,0.0,7.0,5.0,1.0,6.0,1.0,4.0,0.0,1.0,0.0,0.0,6.0,3.0,2.0,0.0,17.0,19.0,27.0,36.0,19,Dakota                                       ,46,11 
21-22,191.0,1.0,BURNSVILLE PUBLIC SCHOOL DISTRICT  ,414.0,BES TRANSITION PROGRAM             ,1.0,0.0,0.0,0.0,2.0,1.0,0.0,1.0,0.0,0.0,0.0,0.0,6.0,1.0,0.0,0.0,9.0,3.0,5.0,12.0,19,Dakota                                       ,50,11 
21-22,191.0,1.0,BURNSVILLE PUBLIC SCHOOL DISTRICT  ,514.0,BURNSVILLE ALTERNATIVE HIGH SCHOOL ,0.0,0.0,6.0,2.0,16.0,12.0,11.0,10.0,1.0,0.0,0.0,0.0,18.0,17.0,1.0,5.0,53.0,46.0,64.0,99.0,19,Dakota                                       ,41,11 
21-22,192.0,1.0,FARMINGTON PUBLIC SCHOOL DISTRICT  ,0.0,District Totals,4.0,0.0,10.0,9.0,11.0,11.0,21.0,24.0,0.0,0.0,1.0,0.0,186.0,197.0,8.0,11.0,241.0,252.0,110.0,493.0,19,Dakota                                       , ,11 
21-22,192.0,1.0,FARMINGTON PUBLIC SCHOOL DISTRICT  ,20.0,FARMINGTON HIGH SCHOOL             ,4.0,0.0,8.0,9.0,10.0,11.0,21.0,23.0,0.0,0.0,1.0,0.0,181.0,194.0,8.0,11.0,233.0,248.0,106.0,481.0,19,Dakota                                       ,32,11 
21-22,192.0,1.0,FARMINGTON PUBLIC SCHOOL DISTRICT  ,50.0,DAKOTA PRAIRIE AREA LEARNING CENTER,0.0,0.0,2.0,0.0,1.0,0.0,0.0,1.0,0.0,0.0,0.0,0.0,5.0,3.0,0.0,0.0,8.0,4.0,4.0,12.0,19,Dakota                                       ,42,11 
21-22,194.0,1.0,LAKEVILLE PUBLIC SCHOOL DISTRICT   ,0.0,District Totals,2.0,3.0,15.0,24.0,24.0,17.0,35.0,27.0,0.0,0.0,0.0,0.0,354.0,341.0,27.0,23.0,457.0,435.0,197.0,892.0,19,Dakota                                       , ,11 
21-22,194.0,1.0,LAKEVILLE PUBLIC SCHOOL DISTRICT   ,28.0,LAKEVILLE NORTH HIGH               ,1.0,0.0,9.0,16.0,9.0,9.0,10.0,10.0,0.0,0.0,0.0,0.0,173.0,171.0,13.0,12.0,215.0,218.0,89.0,433.0,19,Dakota                                       ,32,11 
21-22,194.0,1.0,LAKEVILLE PUBLIC SCHOOL DISTRICT   ,40.0,LAKEVILLE SOUTH HIGH               ,1.0,2.0,5.0,6.0,12.0,7.0,23.0,14.0,0.0,0.0,0.0,0.0,163.0,150.0,13.0,9.0,217.0,188.0,92.0,405.0,19,Dakota                                       ,32,11 
21-22,194.0,1.0,LAKEVILLE PUBLIC SCHOOL DISTRICT   ,90.0,Link12 Lakeville High School       ,0.0,1.0,0.0,1.0,1.0,0.0,0.0,1.0,0.0,0.0,0.0,0.0,12.0,11.0,1.0,1.0,14.0,15.0,6.0,29.0,19,Dakota                                       ,46,11 
21-22,194.0,1.0,LAKEVILLE PUBLIC SCHOOL DISTRICT   ,590.0,LAKEVILLE AREA LEARNING CENTER     ,0.0,0.0,1.0,1.0,2.0,1.0,2.0,2.0,0.0,0.0,0.0,0.0,6.0,9.0,0.0,1.0,11.0,14.0,10.0,25.0,19,Dakota                                       ,41,11 
21-22,195.0,1.0,RANDOLPH PUBLIC SCHOOL DISTRICT    ,0.0,District Totals,0.0,1.0,0.0,0.0,0.0,0.0,0.0,1.0,0.0,0.0,0.0,0.0,20.0,18.0,0.0,0.0,20.0,20.0,2.0,40.0,19,Dakota                                       , ,11 
21-22,195.0,1.0,RANDOLPH PUBLIC SCHOOL DISTRICT    ,20.0,RANDOLPH SECONDARY                 ,0.0,1.0,0.0,0.0,0.0,0.0,0.0,1.0,0.0,0.0,0.0,0.0,20.0,18.0,0.0,0.0,20.0,20.0,2.0,40.0,19,Dakota                                       ,33,11 
21-22,196.0,1.0,ROSEMOUNT-APPLE VALLEY-EAGAN       ,0.0,District Totals,9.0,9.0,61.0,94.0,140.0,114.0,67.0,94.0,0.0,0.0,0.0,1.0,661.0,666.0,56.0,55.0,994.0,1033.0,700.0,2027.0,19,Dakota                                       , ,11 
21-22,196.0,1.0,ROSEMOUNT-APPLE VALLEY-EAGAN       ,24.0,TRANSITION PLUS                    ,0.0,0.0,1.0,1.0,2.0,1.0,3.0,0.0,0.0,0.0,0.0,0.0,21.0,6.0,2.0,0.0,29.0,8.0,10.0,37.0,19,Dakota                                       ,50,11 
21-22,196.0,1.0,ROSEMOUNT-APPLE VALLEY-EAGAN       ,34.0,ABE Diploma Program                ,0.0,0.0,1.0,3.0,3.0,4.0,2.0,8.0,0.0,0.0,0.0,0.0,13.0,15.0,2.0,3.0,21.0,33.0,26.0,54.0,19,Dakota                                       ,42,11 
21-22,196.0,1.0,ROSEMOUNT-APPLE VALLEY-EAGAN       ,38.0,ROSEMOUNT SENIOR HIGH              ,3.0,3.0,16.0,14.0,21.0,11.0,7.0,11.0,0.0,0.0,0.0,0.0,217.0,177.0,12.0,9.0,276.0,225.0,107.0,501.0,19,Dakota                                       ,32,11 
21-22,196.0,1.0,ROSEMOUNT-APPLE VALLEY-EAGAN       ,41.0,EAGAN SENIOR HIGH                  ,3.0,0.0,15.0,30.0,27.0,12.0,11.0,19.0,0.0,0.0,0.0,1.0,136.0,149.0,8.0,6.0,200.0,217.0,132.0,417.0,19,Dakota                                       ,32,11 
21-22,196.0,1.0,ROSEMOUNT-APPLE VALLEY-EAGAN       ,58.0,ROSEMOUNT AREA LEARNING CENTER     ,0.0,1.0,3.0,2.0,12.0,3.0,5.0,8.0,0.0,0.0,0.0,0.0,25.0,12.0,3.0,2.0,48.0,28.0,39.0,76.0,19,Dakota                                       ,41,11 
21-22,196.0,1.0,ROSEMOUNT-APPLE VALLEY-EAGAN       ,60.0,SCHOOL OF ENVIRONMENTAL STUDIES    ,0.0,1.0,1.0,4.0,2.0,6.0,0.0,7.0,0.0,0.0,0.0,0.0,24.0,71.0,2.0,5.0,29.0,94.0,28.0,123.0,19,Dakota                                       ,32,11 
21-22,196.0,1.0,ROSEMOUNT-APPLE VALLEY-EAGAN       ,67.0,196Online High School              ,0.0,0.0,0.0,1.0,1.0,2.0,1.0,0.0,0.0,0.0,0.0,0.0,8.0,11.0,1.0,3.0,11.0,17.0,9.0,28.0,19,Dakota                                       ,46,11 
21-22,196.0,1.0,ROSEMOUNT-APPLE VALLEY-EAGAN       ,88.0,EASTVIEW SENIOR HIGH               ,3.0,2.0,19.0,35.0,34.0,36.0,11.0,13.0,0.0,0.0,0.0,0.0,137.0,159.0,14.0,17.0,218.0,262.0,184.0,480.0,19,Dakota                                       ,32,11 
21-22,196.0,1.0,ROSEMOUNT-APPLE VALLEY-EAGAN       ,97.0,APPLE VALLEY SENIOR HIGH           ,0.0,1.0,5.0,4.0,36.0,39.0,27.0,27.0,0.0,0.0,0.0,0.0,79.0,64.0,12.0,10.0,159.0,145.0,161.0,304.0,19,Dakota                                       ,32,11 
21-22,196.0,1.0,ROSEMOUNT-APPLE VALLEY-EAGAN       ,100.0,DAKOTA RIDGE SCHOOL                ,0.0,1.0,0.0,0.0,2.0,0.0,0.0,1.0,0.0,0.0,0.0,0.0,1.0,2.0,0.0,0.0,3.0,4.0,4.0,7.0,19,Dakota                                       ,50,11 
21-22,197.0,1.0,West St. Paul-Mendota Heights-Eagan,0.0,District Totals,1.0,1.0,8.0,5.0,16.0,11.0,38.0,43.0,0.0,0.0,0.0,0.0,99.0,90.0,5.0,5.0,167.0,155.0,133.0,322.0,19,Dakota                                       , ,11 
21-22,197.0,1.0,West St. Paul-Mendota Heights-Eagan,51.0,W ST. PAUL AREA LEARNING CNTR.     ,0.0,0.0,0.0,0.0,0.0,0.0,0.0,0.0,0.0,0.0,0.0,0.0,1.0,1.0,0.0,0.0,1.0,1.0,0.0,2.0,19,Dakota                                       ,42,11 
21-22,197.0,1.0,West St. Paul-Mendota Heights-Eagan,53.0,Two Rivers High School             ,1.0,0.0,8.0,5.0,15.0,10.0,35.0,40.0,0.0,0.0,0.0,0.0,97.0,86.0,5.0,5.0,161.0,146.0,124.0,307.0,19,Dakota                                       ,32,11 
21-22,197.0,1.0,West St. Paul-Mendota Heights-Eagan,823.0,BRANCH OUT TRANSITIONAL SERVICES   ,0.0,1.0,0.0,0.0,1.0,1.0,3.0,3.0,0.0,0.0,0.0,0.0,1.0,3.0,0.0,0.0,5.0,8.0,9.0,13.0,19,Dakota                                       ,50,11 
21-22,199.0,1.0,INVER GROVE HEIGHTS SCHOOLS        ,0.0,District Totals,4.0,3.0,4.0,7.0,10.0,14.0,32.0,32.0,0.0,0.0,0.0,0.0,72.0,73.0,10.0,7.0,132.0,136.0,123.0,268.0,19,Dakota                                       , ,11 
21-22,199.0,1.0,INVER GROVE HEIGHTS SCHOOLS        ,26.0,SIMLEY SENIOR HIGH                 ,2.0,3.0,3.0,7.0,8.0,13.0,26.0,25.0,0.0,0.0,0.0,0.0,63.0,67.0,9.0,5.0,111.0,120.0,101.0,231.0,19,Dakota                                       ,32,11 
21-22,199.0,1.0,INVER GROVE HEIGHTS SCHOOLS        ,90.0,199 Online High School             ,0.0,0.0,1.0,0.0,1.0,0.0,2.0,0.0,0.0,0.0,0.0,0.0,4.0,1.0,1.0,0.0,9.0,1.0,5.0,10.0,19,Dakota                                       ,46,11 
21-22,199.0,1.0,INVER GROVE HEIGHTS SCHOOLS        ,226.0,SIMLEY ALTERNATIVE PROGRAM         ,2.0,0.0,0.0,0.0,1.0,1.0,4.0,7.0,0.0,0.0,0.0,0.0,5.0,5.0,0.0,2.0,12.0,15.0,17.0,27.0,19,Dakota                                       ,42,11 
21-22,200.0,1.0,HASTINGS PUBLIC SCHOOL DISTRICT    ,0.0,District Totals,1.0,4.0,2.0,3.0,1.0,5.0,6.0,8.0,0.0,0.0,0.0,0.0,168.0,147.0,5.0,2.0,183.0,169.0,37.0,352.0,19,Dakota                                       , ,11 
21-22,200.0,1.0,HASTINGS PUBLIC SCHOOL DISTRICT    ,127.0,STAARS                             ,0.0,0.0,0.0,0.0,0.0,0.0,0.0,0.0,0.0,0.0,0.0,0.0,2.0,0.0,0.0,0.0,2.0,0.0,0.0,2.0,19,Dakota                                       ,50,11 
21-22,200.0,1.0,HASTINGS PUBLIC SCHOOL DISTRICT    ,129.0,HASTINGS HIGH SCHOOL               ,1.0,2.0,2.0,3.0,1.0,4.0,6.0,7.0,0.0,0.0,0.0,0.0,140.0,139.0,3.0,1.0,153.0,156.0,30.0,309.0,19,Dakota                                       ,32,11 
21-22,200.0,1.0,HASTINGS PUBLIC SCHOOL DISTRICT    ,136.0,HASTINGS ALTERNATIVE CENTER        ,0.0,0.0,0.0,0.0,0.0,0.0,0.0,0.0,0.0,0.0,0.0,0.0,9.0,4.0,2.0,0.0,11.0,4.0,2.0,15.0,19,Dakota                                       ,42,11 
21-22,200.0,1.0,HASTINGS PUBLIC SCHOOL DISTRICT    ,229.0,HOA High School                    ,0.0,2.0,0.0,0.0,0.0,1.0,0.0,1.0,0.0,0.0,0.0,0.0,17.0,4.0,0.0,1.0,17.0,9.0,5.0,26.0,19,Dakota                                       ,46,11 
21-22,203.0,1.0,HAYFIELD PUBLIC SCHOOL DISTRICT    ,0.0,District Totals,0.0,0.0,0.0,0.0,0.0,0.0,2.0,0.0,0.0,0.0,0.0,0.0,17.0,23.0,0.0,0.0,19.0,23.0,2.0,42.0,20,Dodge                                        , ,10 
21-22,203.0,1.0,HAYFIELD PUBLIC SCHOOL DISTRICT    ,1.0,HAYFIELD SECONDARY                 ,0.0,0.0,0.0,0.0,0.0,0.0,2.0,0.0,0.0,0.0,0.0,0.0,17.0,23.0,0.0,0.0,19.0,23.0,2.0,42.0,20,Dodge                                        ,33,10 
21-22,204.0,1.0,KASSON-MANTORVILLE SCHOOL DISTRICT ,0.0,District Totals,0.0,0.0,0.0,1.0,0.0,0.0,2.0,4.0,0.0,0.0,0.0,0.0,65.0,75.0,1.0,5.0,68.0,85.0,13.0,153.0,20,Dodge                                        , ,10 
21-22,204.0,1.0,KASSON-MANTORVILLE SCHOOL DISTRICT ,30.0,KASSON-MANTORVILLE SENIOR HIGH     ,0.0,0.0,0.0,1.0,0.0,0.0,2.0,4.0,0.0,0.0,0.0,0.0,65.0,75.0,1.0,5.0,68.0,85.0,13.0,153.0,20,Dodge                                        ,32,10 
21-22,206.0,1.0,ALEXANDRIA PUBLIC SCHOOL DISTRICT  ,0.0,District Totals,2.0,1.0,5.0,2.0,3.0,1.0,5.0,5.0,0.0,0.0,0.0,0.0,130.0,131.0,1.0,4.0,146.0,144.0,29.0,290.0,21,Douglas                                      , ,04 
21-22,206.0,1.0,ALEXANDRIA PUBLIC SCHOOL DISTRICT  ,320.0,Alexandria Area High School        ,2.0,1.0,5.0,2.0,3.0,1.0,5.0,5.0,0.0,0.0,0.0,0.0,130.0,131.0,1.0,4.0,146.0,144.0,29.0,290.0,21,Douglas                                      ,32,04 
21-22,213.0,1.0,OSAKIS PUBLIC SCHOOL DISTRICT      ,0.0,District Totals,0.0,0.0,0.0,0.0,0.0,0.0,0.0,0.0,0.0,0.0,0.0,0.0,32.0,33.0,0.0,0.0,32.0,33.0,0.0,65.0,21,Douglas                                      , ,04 
21-22,213.0,1.0,OSAKIS PUBLIC SCHOOL DISTRICT      ,20.0,OSAKIS SECONDARY                   ,0.0,0.0,0.0,0.0,0.0,0.0,0.0,0.0,0.0,0.0,0.0,0.0,32.0,33.0,0.0,0.0,32.0,33.0,0.0,65.0,21,Douglas                                      ,33,04 
21-22,227.0,1.0,CHATFIELD PUBLIC SCHOOLS           ,0.0,District Totals,0.0,0.0,0.0,0.0,0.0,2.0,1.0,1.0,0.0,0.0,0.0,0.0,31.0,32.0,0.0,1.0,32.0,36.0,5.0,68.0,55,Olmsted                                      , ,10 
21-22,227.0,1.0,CHATFIELD PUBLIC SCHOOLS           ,1.0,CHATFIELD SECONDARY                ,0.0,0.0,0.0,0.0,0.0,1.0,1.0,1.0,0.0,0.0,0.0,0.0,26.0,29.0,0.0,1.0,27.0,32.0,4.0,59.0,55,Olmsted                                      ,33,10 
21-22,227.0,1.0,CHATFIELD PUBLIC SCHOOLS           ,7.0,FOCUS ALP                          ,0.0,0.0,0.0,0.0,0.0,1.0,0.0,0.0,0.0,0.0,0.0,0.0,5.0,3.0,0.0,0.0,5.0,4.0,1.0,9.0,55,Olmsted                                      ,42,10 
21-22,229.0,1.0,LANESBORO PUBLIC SCHOOL DISTRICT   ,0.0,District Totals,0.0,0.0,0.0,0.0,0.0,0.0,0.0,0.0,0.0,0.0,0.0,0.0,19.0,15.0,0.0,0.0,19.0,15.0,0.0,34.0,23,Fillmore                                     , ,10 
21-22,229.0,1.0,LANESBORO PUBLIC SCHOOL DISTRICT   ,20.0,LANESBORO SECONDARY                ,0.0,0.0,0.0,0.0,0.0,0.0,0.0,0.0,0.0,0.0,0.0,0.0,19.0,15.0,0.0,0.0,19.0,15.0,0.0,34.0,23,Fillmore                                     ,33,10 
21-22,238.0,1.0,Mabel-Canton Public School District,0.0,District Totals,0.0,0.0,0.0,0.0,0.0,0.0,0.0,0.0,0.0,0.0,0.0,0.0,10.0,9.0,0.0,0.0,10.0,9.0,0.0,19.0,23,Fillmore                                     , ,10 
21-22,238.0,1.0,Mabel-Canton Public School District,2.0,MABEL-CANTON SECONDARY             ,0.0,0.0,0.0,0.0,0.0,0.0,0.0,0.0,0.0,0.0,0.0,0.0,10.0,9.0,0.0,0.0,10.0,9.0,0.0,19.0,23,Fillmore                                     ,33,10 
21-22,239.0,1.0,RUSHFORD-PETERSON PUBLIC SCHOOLS   ,0.0,District Totals,0.0,0.0,0.0,1.0,1.0,1.0,1.0,0.0,0.0,0.0,0.0,0.0,25.0,15.0,0.0,0.0,27.0,17.0,4.0,44.0,23,Fillmore                                     , ,10 
21-22,239.0,1.0,RUSHFORD-PETERSON PUBLIC SCHOOLS   ,2.0,RUSHFORD-PETERSON SENIOR HIGH      ,0.0,0.0,0.0,1.0,1.0,1.0,1.0,0.0,0.0,0.0,0.0,0.0,25.0,15.0,0.0,0.0,27.0,17.0,4.0,44.0,23,Fillmore                                     ,32,10 
21-22,241.0,1.0,ALBERT LEA PUBLIC SCHOOL DISTRICT  ,0.0,District Totals,0.0,1.0,8.0,13.0,4.0,3.0,28.0,26.0,0.0,0.0,0.0,0.0,89.0,79.0,1.0,7.0,130.0,129.0,91.0,259.0,24,Freeborn                                     , ,10 
21-22,241.0,1.0,ALBERT LEA PUBLIC SCHOOL DISTRICT  ,310.0,ALBERT LEA SENIOR HIGH             ,0.0,1.0,7.0,10.0,3.0,2.0,18.0,20.0,0.0,0.0,0.0,0.0,68.0,55.0,1.0,6.0,97.0,94.0,68.0,191.0,24,Freeborn                                     ,32,10 
21-22,241.0,1.0,ALBERT LEA PUBLIC SCHOOL DISTRICT  ,330.0,Albert Lea Secondary Online Academy,0.0,0.0,0.0,0.0,0.0,0.0,1.0,1.0,0.0,0.0,0.0,0.0,4.0,9.0,0.0,0.0,5.0,10.0,2.0,15.0,24,Freeborn                                     ,46,10 
21-22,241.0,1.0,ALBERT LEA PUBLIC SCHOOL DISTRICT  ,350.0,Albert Lea Area Learning Center    ,0.0,0.0,1.0,3.0,1.0,1.0,9.0,5.0,0.0,0.0,0.0,0.0,17.0,15.0,0.0,1.0,28.0,25.0,21.0,53.0,24,Freeborn                                     ,41,10 
21-22,242.0,1.0,ALDEN-CONGER PUBLIC SCHOOL DISTRICT,0.0,District Totals,0.0,0.0,0.0,0.0,0.0,0.0,0.0,0.0,0.0,0.0,0.0,0.0,10.0,16.0,0.0,0.0,10.0,16.0,0.0,26.0,24,Freeborn                                     , ,10 
21-22,242.0,1.0,ALDEN-CONGER PUBLIC SCHOOL DISTRICT,1.0,ALDEN-CONGER SECONDARY             ,0.0,0.0,0.0,0.0,0.0,0.0,0.0,0.0,0.0,0.0,0.0,0.0,10.0,16.0,0.0,0.0,10.0,16.0,0.0,26.0,24,Freeborn                                     ,33,10 
21-22,252.0,1.0,CANNON FALLS PUBLIC SCHOOL DISTRICT,0.0,District Totals,1.0,3.0,0.0,1.0,0.0,0.0,0.0,1.0,0.0,1.0,0.0,0.0,47.0,36.0,0.0,2.0,48.0,44.0,9.0,92.0,25,Goodhue                                      , ,10 
21-22,252.0,1.0,CANNON FALLS PUBLIC SCHOOL DISTRICT,2.0,Cannon Falls Secondary             ,1.0,3.0,0.0,1.0,0.0,0.0,0.0,1.0,0.0,1.0,0.0,0.0,47.0,36.0,0.0,2.0,48.0,44.0,9.0,92.0,25,Goodhue                                      ,33,10 
21-22,253.0,1.0,GOODHUE PUBLIC SCHOOL DISTRICT     ,0.0,District Totals,0.0,0.0,0.0,0.0,0.0,0.0,0.0,5.0,0.0,0.0,0.0,0.0,30.0,21.0,0.0,0.0,30.0,26.0,5.0,56.0,25,Goodhue                                      , ,10 
21-22,253.0,1.0,GOODHUE PUBLIC SCHOOL DISTRICT     ,2.0,GOODHUE SECONDARY                  ,0.0,0.0,0.0,0.0,0.0,0.0,0.0,5.0,0.0,0.0,0.0,0.0,30.0,21.0,0.0,0.0,30.0,26.0,5.0,56.0,25,Goodhue                                      ,33,10 
21-22,255.0,1.0,Pine Island Public School District ,0.0,District Totals,0.0,0.0,2.0,1.0,0.0,0.0,0.0,2.0,0.0,0.0,0.0,0.0,51.0,45.0,1.0,0.0,54.0,48.0,6.0,102.0,25,Goodhue                                      , ,10 
21-22,255.0,1.0,Pine Island Public School District ,20.0,PINE ISLAND SECONDARY              ,0.0,0.0,2.0,1.0,0.0,0.0,0.0,2.0,0.0,0.0,0.0,0.0,51.0,45.0,1.0,0.0,54.0,48.0,6.0,102.0,25,Goodhue                                      ,32,10 
21-22,256.0,1.0,Red Wing Public School District    ,0.0,District Totals,3.0,4.0,2.0,2.0,3.0,0.0,6.0,5.0,0.0,0.0,0.0,0.0,57.0,67.0,5.0,1.0,76.0,79.0,31.0,155.0,25,Goodhue                                      , ,10 
21-22,256.0,1.0,Red Wing Public School District    ,108.0,Red Wing Senior High               ,3.0,4.0,2.0,2.0,3.0,0.0,6.0,5.0,0.0,0.0,0.0,0.0,57.0,67.0,5.0,1.0,76.0,79.0,31.0,155.0,25,Goodhue                                      ,33,10 
21-22,261.0,1.0,ASHBY PUBLIC SCHOOL DISTRICT       ,0.0,District Totals,0.0,0.0,0.0,0.0,0.0,0.0,0.0,0.0,0.0,0.0,0.0,0.0,17.0,8.0,0.0,0.0,17.0,8.0,0.0,25.0,26,Grant                                        , ,04 
21-22,261.0,1.0,ASHBY PUBLIC SCHOOL DISTRICT       ,20.0,ASHBY SECONDARY                    ,0.0,0.0,0.0,0.0,0.0,0.0,0.0,0.0,0.0,0.0,0.0,0.0,17.0,8.0,0.0,0.0,17.0,8.0,0.0,25.0,26,Grant                                        ,33,04 
21-22,264.0,1.0,HERMAN-NORCROSS SCHOOL DISTRICT    ,0.0,District Totals,0.0,0.0,0.0,0.0,0.0,0.0,0.0,0.0,0.0,0.0,0.0,0.0,6.0,4.0,0.0,0.0,6.0,4.0,0.0,10.0,26,Grant                                        , ,04 
21-22,264.0,1.0,HERMAN-NORCROSS SCHOOL DISTRICT    ,2.0,HERMAN SECONDARY                   ,0.0,0.0,0.0,0.0,0.0,0.0,0.0,0.0,0.0,0.0,0.0,0.0,6.0,4.0,0.0,0.0,6.0,4.0,0.0,10.0,26,Grant                                        ,33,04 
21-22,270.0,1.0,HOPKINS PUBLIC SCHOOL DISTRICT     ,0.0,District Totals,3.0,2.0,11.0,15.0,50.0,59.0,15.0,18.0,0.0,0.0,0.0,0.0,148.0,130.0,10.0,12.0,237.0,236.0,195.0,473.0,27,Hennepin                                     , ,11 
21-22,270.0,1.0,HOPKINS PUBLIC SCHOOL DISTRICT     ,93.0,TRANSITION PLUS                    ,0.0,0.0,1.0,0.0,2.0,5.0,1.0,1.0,0.0,0.0,0.0,0.0,8.0,3.0,0.0,0.0,12.0,9.0,10.0,21.0,27,Hennepin                                     ,50,11 
21-22,270.0,1.0,HOPKINS PUBLIC SCHOOL DISTRICT     ,282.0,HOPKINS SENIOR HIGH                ,3.0,2.0,10.0,15.0,48.0,54.0,14.0,17.0,0.0,0.0,0.0,0.0,140.0,127.0,10.0,12.0,225.0,227.0,185.0,452.0,27,Hennepin                                     ,32,11 
21-22,271.0,1.0,BLOOMINGTON PUBLIC SCHOOL DISTRICT ,0.0,District Totals,6.0,7.0,29.0,28.0,62.0,59.0,69.0,74.0,0.0,0.0,0.0,0.0,178.0,187.0,22.0,20.0,366.0,375.0,376.0,741.0,27,Hennepin                                     , ,11 
21-22,271.0,1.0,BLOOMINGTON PUBLIC SCHOOL DISTRICT ,7.0,KENNEDY SENIOR HIGH                ,3.0,3.0,12.0,16.0,35.0,33.0,34.0,45.0,0.0,0.0,0.0,0.0,49.0,49.0,6.0,9.0,139.0,155.0,196.0,294.0,27,Hennepin                                     ,32,11 
21-22,271.0,1.0,BLOOMINGTON PUBLIC SCHOOL DISTRICT ,9.0,JEFFERSON SENIOR HIGH              ,2.0,3.0,14.0,10.0,12.0,11.0,13.0,14.0,0.0,0.0,0.0,0.0,110.0,124.0,13.0,6.0,164.0,168.0,98.0,332.0,27,Hennepin                                     ,32,11 
21-22,271.0,1.0,BLOOMINGTON PUBLIC SCHOOL DISTRICT ,536.0,BLOOMINGTON TRANSITION CENTER      ,0.0,0.0,0.0,0.0,1.0,2.0,0.0,0.0,0.0,0.0,0.0,0.0,0.0,1.0,0.0,1.0,1.0,4.0,4.0,5.0,27,Hennepin                                     ,50,11 
21-22,271.0,1.0,BLOOMINGTON PUBLIC SCHOOL DISTRICT ,620.0,Choice Academy                     ,1.0,1.0,3.0,2.0,14.0,13.0,22.0,15.0,0.0,0.0,0.0,0.0,19.0,13.0,3.0,4.0,62.0,48.0,78.0,110.0,27,Hennepin                                     ,42,11 
21-22,272.0,1.0,EDEN PRAIRIE PUBLIC SCHOOL DISTRICT,0.0,District Totals,1.0,0.0,51.0,40.0,54.0,58.0,33.0,30.0,0.0,0.0,0.0,0.0,206.0,185.0,23.0,21.0,368.0,334.0,311.0,702.0,27,Hennepin                                     , ,11 
21-22,272.0,1.0,EDEN PRAIRIE PUBLIC SCHOOL DISTRICT,64.0,EDEN PRAIRIE SENIOR HIGH           ,1.0,0.0,50.0,39.0,52.0,53.0,30.0,29.0,0.0,0.0,0.0,0.0,194.0,175.0,22.0,19.0,349.0,315.0,295.0,664.0,27,Hennepin                                     ,32,11 
21-22,272.0,1.0,EDEN PRAIRIE PUBLIC SCHOOL DISTRICT,66.0,Eden Prairie Online Secondary      ,0.0,0.0,0.0,1.0,2.0,3.0,2.0,1.0,0.0,0.0,0.0,0.0,6.0,9.0,1.0,2.0,11.0,16.0,12.0,27.0,27,Hennepin                                     ,46,11 
21-22,272.0,1.0,EDEN PRAIRIE PUBLIC SCHOOL DISTRICT,889.0,TASSEL TRANSITION                  ,0.0,0.0,1.0,0.0,0.0,2.0,1.0,0.0,0.0,0.0,0.0,0.0,6.0,1.0,0.0,0.0,8.0,3.0,4.0,11.0,27,Hennepin                                     ,50,11 
21-22,273.0,1.0,EDINA PUBLIC SCHOOL DISTRICT       ,0.0,District Totals,1.0,3.0,18.0,25.0,23.0,23.0,16.0,18.0,0.0,0.0,0.0,0.0,230.0,222.0,14.0,19.0,302.0,310.0,160.0,612.0,27,Hennepin                                     , ,11 
21-22,273.0,1.0,EDINA PUBLIC SCHOOL DISTRICT       ,21.0,EDINA SENIOR HIGH                  ,1.0,3.0,18.0,25.0,23.0,23.0,15.0,18.0,0.0,0.0,0.0,0.0,229.0,222.0,14.0,19.0,300.0,310.0,159.0,610.0,27,Hennepin                                     ,32,11 
21-22,273.0,1.0,EDINA PUBLIC SCHOOL DISTRICT       ,621.0,OPTIONS AT EDINA HIGH SCHOOL       ,0.0,0.0,0.0,0.0,0.0,0.0,1.0,0.0,0.0,0.0,0.0,0.0,1.0,0.0,0.0,0.0,2.0,0.0,1.0,2.0,27,Hennepin                                     ,42,11 
21-22,276.0,1.0,MINNETONKA PUBLIC SCHOOL DISTRICT  ,0.0,District Totals,3.0,3.0,18.0,29.0,16.0,15.0,26.0,16.0,0.0,0.0,0.0,0.0,340.0,329.0,15.0,17.0,418.0,409.0,158.0,827.0,27,Hennepin                                     , ,11 
21-22,276.0,1.0,MINNETONKA PUBLIC SCHOOL DISTRICT  ,72.0,Tonka Online                       ,0.0,0.0,0.0,0.0,0.0,1.0,0.0,0.0,0.0,0.0,0.0,0.0,0.0,0.0,0.0,0.0,0.0,1.0,1.0,1.0,27,Hennepin                                     ,46,11 
21-22,276.0,1.0,MINNETONKA PUBLIC SCHOOL DISTRICT  ,74.0,MINNETONKA SENIOR HIGH             ,3.0,3.0,18.0,29.0,16.0,13.0,26.0,16.0,0.0,0.0,0.0,0.0,335.0,326.0,15.0,17.0,413.0,404.0,156.0,817.0,27,Hennepin                                     ,32,11 
21-22,276.0,1.0,MINNETONKA PUBLIC SCHOOL DISTRICT  ,77.0,Shorewood Education Center         ,0.0,0.0,0.0,0.0,0.0,1.0,0.0,0.0,0.0,0.0,0.0,0.0,5.0,3.0,0.0,0.0,5.0,4.0,1.0,9.0,27,Hennepin                                     ,50,11 
21-22,277.0,1.0,WESTONKA PUBLIC SCHOOL DISTRICT    ,0.0,District Totals,1.0,0.0,1.0,3.0,1.0,2.0,4.0,4.0,0.0,1.0,0.0,0.0,87.0,87.0,4.0,2.0,98.0,99.0,23.0,197.0,27,Hennepin                                     , ,11 
21-22,277.0,1.0,WESTONKA PUBLIC SCHOOL DISTRICT    ,62.0,MOUND WESTONKA HIGH SCHOOL         ,1.0,0.0,1.0,3.0,1.0,2.0,4.0,4.0,0.0,1.0,0.0,0.0,84.0,84.0,4.0,2.0,95.0,96.0,23.0,191.0,27,Hennepin                                     ,33,11 
21-22,277.0,1.0,WESTONKA PUBLIC SCHOOL DISTRICT    ,620.0,Transition Plus                    ,0.0,0.0,0.0,0.0,0.0,0.0,0.0,0.0,0.0,0.0,0.0,0.0,3.0,3.0,0.0,0.0,3.0,3.0,0.0,6.0,27,Hennepin                                     ,50,11 
21-22,278.0,1.0,ORONO PUBLIC SCHOOL DISTRICT       ,0.0,District Totals,0.0,0.0,0.0,5.0,0.0,0.0,6.0,6.0,0.0,0.0,0.0,0.0,106.0,103.0,4.0,6.0,116.0,120.0,27.0,236.0,27,Hennepin                                     , ,11 
21-22,278.0,1.0,ORONO PUBLIC SCHOOL DISTRICT       ,30.0,ORONO SENIOR HIGH                  ,0.0,0.0,0.0,5.0,0.0,0.0,6.0,6.0,0.0,0.0,0.0,0.0,106.0,103.0,4.0,6.0,116.0,120.0,27.0,236.0,27,Hennepin                                     ,32,11 
21-22,279.0,1.0,OSSEO PUBLIC SCHOOL DISTRICT       ,0.0,District Totals,9.0,12.0,122.0,134.0,161.0,193.0,53.0,45.0,0.0,1.0,0.0,1.0,307.0,334.0,45.0,40.0,697.0,760.0,816.0,1457.0,27,Hennepin                                     , ,11 
21-22,279.0,1.0,OSSEO PUBLIC SCHOOL DISTRICT       ,32.0,OSSEO SENIOR HIGH                  ,2.0,3.0,39.0,18.0,44.0,75.0,20.0,17.0,0.0,0.0,0.0,1.0,71.0,75.0,13.0,16.0,189.0,205.0,248.0,394.0,27,Hennepin                                     ,32,11 
21-22,279.0,1.0,OSSEO PUBLIC SCHOOL DISTRICT       ,42.0,Osseo Education Center             ,1.0,0.0,0.0,1.0,6.0,4.0,2.0,0.0,0.0,0.0,0.0,0.0,5.0,4.0,0.0,0.0,14.0,9.0,14.0,23.0,27,Hennepin                                     ,50,11 
21-22,279.0,1.0,OSSEO PUBLIC SCHOOL DISTRICT       ,88.0,PARK CENTER IB WORLD SCHOOL        ,2.0,1.0,58.0,65.0,71.0,75.0,15.0,11.0,0.0,1.0,0.0,0.0,27.0,28.0,11.0,6.0,184.0,187.0,316.0,371.0,27,Hennepin                                     ,32,11 
21-22,279.0,1.0,OSSEO PUBLIC SCHOOL DISTRICT       ,90.0,MAPLE GROVE SENIOR HIGH            ,4.0,5.0,13.0,24.0,24.0,16.0,12.0,11.0,0.0,0.0,0.0,0.0,193.0,217.0,14.0,14.0,260.0,287.0,137.0,547.0,27,Hennepin                                     ,32,11 
21-22,279.0,1.0,OSSEO PUBLIC SCHOOL DISTRICT       ,701.0,ALC CREDIT RECOVERY                ,0.0,0.0,3.0,3.0,4.0,5.0,1.0,0.0,0.0,0.0,0.0,0.0,3.0,2.0,4.0,0.0,15.0,10.0,20.0,25.0,27,Hennepin                                     ,41,11 
21-22,279.0,1.0,OSSEO PUBLIC SCHOOL DISTRICT       ,702.0,ALC SENIOR HIGH                    ,0.0,2.0,4.0,3.0,5.0,8.0,1.0,2.0,0.0,0.0,0.0,0.0,5.0,5.0,0.0,1.0,15.0,21.0,26.0,36.0,27,Hennepin                                     ,41,11 
21-22,279.0,1.0,OSSEO PUBLIC SCHOOL DISTRICT       ,731.0,Osseo ALC Alternative Programs     ,0.0,0.0,0.0,0.0,0.0,1.0,0.0,0.0,0.0,0.0,0.0,0.0,0.0,0.0,0.0,0.0,0.0,1.0,1.0,1.0,27,Hennepin                                     ,41,11 
21-22,279.0,1.0,OSSEO PUBLIC SCHOOL DISTRICT       ,812.0,279Online Learning Program 9-12    ,0.0,1.0,5.0,20.0,7.0,9.0,2.0,4.0,0.0,0.0,0.0,0.0,3.0,3.0,3.0,3.0,20.0,40.0,54.0,60.0,27,Hennepin                                     ,46,11 
21-22,280.0,1.0,RICHFIELD PUBLIC SCHOOL DISTRICT   ,0.0,District Totals,2.0,2.0,13.0,3.0,26.0,20.0,80.0,63.0,0.0,0.0,0.0,0.0,31.0,31.0,12.0,6.0,164.0,125.0,227.0,289.0,27,Hennepin                                     , ,11 
21-22,280.0,1.0,RICHFIELD PUBLIC SCHOOL DISTRICT   ,35.0,RICHFIELD SENIOR HIGH              ,2.0,1.0,11.0,3.0,20.0,13.0,59.0,45.0,0.0,0.0,0.0,0.0,26.0,26.0,8.0,5.0,126.0,93.0,167.0,219.0,27,Hennepin                                     ,32,11 
21-22,280.0,1.0,RICHFIELD PUBLIC SCHOOL DISTRICT   ,697.0,RICHFIELD EXTENDED SCHOOL YEAR     ,0.0,0.0,1.0,0.0,0.0,0.0,0.0,0.0,0.0,0.0,0.0,0.0,0.0,0.0,0.0,0.0,1.0,0.0,1.0,1.0,27,Hennepin                                     ,51,11 
21-22,280.0,1.0,RICHFIELD PUBLIC SCHOOL DISTRICT   ,699.0,SECONDARY SPECIAL EDUCATION        ,0.0,0.0,1.0,0.0,0.0,1.0,1.0,1.0,0.0,0.0,0.0,0.0,1.0,1.0,0.0,0.0,3.0,3.0,4.0,6.0,27,Hennepin                                     ,50,11 
21-22,280.0,1.0,RICHFIELD PUBLIC SCHOOL DISTRICT   ,820.0,Richfield College Experience Prg   ,0.0,1.0,0.0,0.0,6.0,6.0,20.0,17.0,0.0,0.0,0.0,0.0,4.0,4.0,4.0,1.0,34.0,29.0,55.0,63.0,27,Hennepin                                     ,42,11 
21-22,281.0,1.0,ROBBINSDALE PUBLIC SCHOOL DISTRICT ,0.0,District Totals,8.0,14.0,35.0,32.0,148.0,154.0,69.0,66.0,0.0,0.0,0.0,0.0,167.0,172.0,35.0,31.0,462.0,469.0,592.0,931.0,27,Hennepin                                     , ,11 
21-22,281.0,1.0,ROBBINSDALE PUBLIC SCHOOL DISTRICT ,50.0,ROBBINSDALE COOPER SENIOR HIGH     ,2.0,5.0,24.0,23.0,60.0,78.0,25.0,34.0,0.0,0.0,0.0,0.0,41.0,41.0,16.0,14.0,168.0,195.0,281.0,363.0,27,Hennepin                                     ,32,11 
21-22,281.0,1.0,ROBBINSDALE PUBLIC SCHOOL DISTRICT ,53.0,ROBBINSDALE ARMSTRONG SENIOR HIGH  ,2.0,3.0,6.0,7.0,42.0,30.0,20.0,12.0,0.0,0.0,0.0,0.0,108.0,112.0,10.0,14.0,188.0,178.0,146.0,366.0,27,Hennepin                                     ,32,11 
21-22,281.0,1.0,ROBBINSDALE PUBLIC SCHOOL DISTRICT ,180.0,ROBBINSDALE TRANSITION CENTER      ,0.0,1.0,0.0,0.0,5.0,5.0,3.0,0.0,0.0,0.0,0.0,0.0,4.0,3.0,1.0,0.0,13.0,9.0,15.0,22.0,27,Hennepin                                     ,50,11 
21-22,281.0,1.0,ROBBINSDALE PUBLIC SCHOOL DISTRICT ,200.0,HIGHVIEW ALC                       ,3.0,4.0,3.0,0.0,36.0,30.0,17.0,15.0,0.0,0.0,0.0,0.0,11.0,13.0,6.0,1.0,76.0,63.0,115.0,139.0,27,Hennepin                                     ,41,11 
21-22,281.0,1.0,ROBBINSDALE PUBLIC SCHOOL DISTRICT ,289.0,Robbinsdale Virtual Academy        ,0.0,1.0,0.0,2.0,2.0,9.0,2.0,3.0,0.0,0.0,0.0,0.0,2.0,1.0,2.0,2.0,8.0,18.0,23.0,26.0,27,Hennepin                                     ,46,11 
21-22,281.0,1.0,ROBBINSDALE PUBLIC SCHOOL DISTRICT ,648.0,ADULT ACADEMICS                    ,0.0,0.0,0.0,0.0,0.0,0.0,0.0,1.0,0.0,0.0,0.0,0.0,0.0,1.0,0.0,0.0,0.0,2.0,1.0,2.0,27,Hennepin                                     ,41,11 
21-22,281.0,1.0,ROBBINSDALE PUBLIC SCHOOL DISTRICT ,698.0,Summer Credit Recovery             ,1.0,0.0,2.0,0.0,3.0,2.0,2.0,1.0,0.0,0.0,0.0,0.0,1.0,1.0,0.0,0.0,9.0,4.0,11.0,13.0,27,Hennepin                                     ,41,11 
21-22,282.0,1.0,ST. ANTHONY-NEW BRIGHTON SCHOOLS   ,0.0,District Totals,0.0,0.0,8.0,9.0,8.0,12.0,6.0,8.0,0.0,0.0,0.0,0.0,59.0,47.0,0.0,4.0,81.0,80.0,55.0,161.0,27,Hennepin                                     , ,11 
21-22,282.0,1.0,ST. ANTHONY-NEW BRIGHTON SCHOOLS   ,10.0,ST. ANTHONY VILLAGE ALTERNATIVE    ,0.0,0.0,0.0,0.0,0.0,2.0,0.0,0.0,0.0,0.0,0.0,0.0,1.0,1.0,0.0,1.0,1.0,4.0,3.0,5.0,27,Hennepin                                     ,42,11 
21-22,282.0,1.0,ST. ANTHONY-NEW BRIGHTON SCHOOLS   ,20.0,ST. ANTHONY VILLAGE SENIOR HIGH    ,0.0,0.0,8.0,9.0,8.0,10.0,6.0,8.0,0.0,0.0,0.0,0.0,58.0,46.0,0.0,3.0,80.0,76.0,52.0,156.0,27,Hennepin                                     ,32,11 
21-22,283.0,1.0,ST. LOUIS PARK PUBLIC SCHOOL DIST. ,0.0,District Totals,1.0,4.0,7.0,5.0,35.0,41.0,16.0,27.0,0.0,1.0,0.0,0.0,87.0,84.0,11.0,10.0,157.0,172.0,158.0,329.0,27,Hennepin                                     , ,11 
21-22,283.0,1.0,ST. LOUIS PARK PUBLIC SCHOOL DIST. ,40.0,ST. LOUIS PARK SENIOR HIGH         ,0.0,4.0,7.0,5.0,35.0,41.0,16.0,27.0,0.0,0.0,0.0,0.0,86.0,81.0,11.0,10.0,155.0,168.0,156.0,323.0,27,Hennepin                                     ,32,11 
21-22,283.0,1.0,ST. LOUIS PARK PUBLIC SCHOOL DIST. ,757.0,SPECIAL ED.                        ,1.0,0.0,0.0,0.0,0.0,0.0,0.0,0.0,0.0,1.0,0.0,0.0,1.0,3.0,0.0,0.0,2.0,4.0,2.0,6.0,27,Hennepin                                     ,50,11 
21-22,284.0,1.0,WAYZATA PUBLIC SCHOOL DISTRICT     ,0.0,District Totals,1.0,1.0,84.0,79.0,19.0,29.0,14.0,19.0,0.0,1.0,0.0,1.0,319.0,279.0,16.0,19.0,453.0,428.0,283.0,881.0,27,Hennepin                                     , ,11 
21-22,284.0,1.0,WAYZATA PUBLIC SCHOOL DISTRICT     ,47.0,Wayzata Transition School          ,0.0,0.0,0.0,0.0,0.0,0.0,0.0,0.0,0.0,0.0,0.0,0.0,0.0,0.0,1.0,0.0,1.0,0.0,1.0,1.0,27,Hennepin                                     ,50,11 
21-22,284.0,1.0,WAYZATA PUBLIC SCHOOL DISTRICT     ,50.0,WAYZATA HIGH                       ,1.0,1.0,84.0,79.0,19.0,29.0,14.0,19.0,0.0,1.0,0.0,1.0,317.0,278.0,15.0,18.0,450.0,426.0,281.0,876.0,27,Hennepin                                     ,32,11 
21-22,284.0,1.0,WAYZATA PUBLIC SCHOOL DISTRICT     ,149.0,Alternative Programs Summer Session,0.0,0.0,0.0,0.0,0.0,0.0,0.0,0.0,0.0,0.0,0.0,0.0,2.0,1.0,0.0,1.0,2.0,2.0,1.0,4.0,27,Hennepin                                     ,41,11 
21-22,286.0,1.0,BROOKLYN CENTER SCHOOL DISTRICT    ,0.0,District Totals,1.0,7.0,14.0,13.0,43.0,39.0,18.0,32.0,0.0,0.0,1.0,0.0,31.0,33.0,4.0,7.0,112.0,131.0,179.0,243.0,27,Hennepin                                     , ,11 
21-22,286.0,1.0,BROOKLYN CENTER SCHOOL DISTRICT    ,9.0,Brooklyn Center Summer School      ,0.0,0.0,0.0,0.0,1.0,1.0,1.0,0.0,0.0,0.0,0.0,0.0,0.0,0.0,0.0,0.0,2.0,1.0,3.0,3.0,27,Hennepin                                     ,41,11 
21-22,286.0,1.0,BROOKLYN CENTER SCHOOL DISTRICT    ,12.0,Brooklyn Center High School        ,0.0,2.0,11.0,11.0,27.0,21.0,11.0,14.0,0.0,0.0,1.0,0.0,1.0,5.0,0.0,4.0,51.0,57.0,102.0,108.0,27,Hennepin                                     ,32,11 
21-22,286.0,1.0,BROOKLYN CENTER SCHOOL DISTRICT    ,221.0,INSIGHT SCHOOL OF MINNESOTA        ,1.0,5.0,1.0,1.0,9.0,7.0,3.0,11.0,0.0,0.0,0.0,0.0,29.0,28.0,2.0,2.0,45.0,54.0,42.0,99.0,27,Hennepin                                     ,46,11 
21-22,286.0,1.0,BROOKLYN CENTER SCHOOL DISTRICT    ,763.0,Brooklyn Center Early College Acad ,0.0,0.0,2.0,1.0,6.0,10.0,3.0,7.0,0.0,0.0,0.0,0.0,1.0,0.0,2.0,1.0,14.0,19.0,32.0,33.0,27,Hennepin                                     ,41,11 
21-22,287.0,6.0,Intermediate School District 287   ,0.0,District Totals,4.0,1.0,8.0,3.0,33.0,18.0,12.0,11.0,0.0,0.0,0.0,0.0,58.0,33.0,5.0,4.0,120.0,70.0,99.0,190.0,27,Hennepin                                     , ,11 
21-22,287.0,6.0,Intermediate School District 287   ,301.0,Tier One                           ,1.0,0.0,0.0,1.0,0.0,1.0,0.0,0.0,0.0,0.0,0.0,0.0,5.0,1.0,0.0,0.0,6.0,3.0,3.0,9.0,27,Hennepin                                     ,50,11 
21-22,287.0,6.0,Intermediate School District 287   ,302.0,Tier Two                           ,0.0,0.0,0.0,0.0,3.0,3.0,3.0,1.0,0.0,0.0,0.0,0.0,14.0,3.0,1.0,0.0,21.0,7.0,11.0,28.0,27,Hennepin                                     ,50,11 
21-22,287.0,6.0,Intermediate School District 287   ,303.0,Tier Three                         ,0.0,0.0,1.0,0.0,9.0,0.0,2.0,0.0,0.0,0.0,0.0,0.0,14.0,3.0,0.0,0.0,26.0,3.0,12.0,29.0,27,Hennepin                                     ,50,11 
21-22,287.0,6.0,Intermediate School District 287   ,622.0,South Education Center Academy     ,0.0,0.0,0.0,0.0,0.0,2.0,3.0,1.0,0.0,0.0,0.0,0.0,0.0,1.0,0.0,0.0,3.0,4.0,6.0,7.0,27,Hennepin                                     ,41,11 
21-22,287.0,6.0,Intermediate School District 287   ,626.0,270 HOPKINS ALTERNATIVE            ,0.0,0.0,2.0,0.0,3.0,0.0,1.0,0.0,0.0,0.0,0.0,0.0,2.0,0.0,0.0,0.0,8.0,0.0,6.0,8.0,27,Hennepin                                     ,41,11 
21-22,287.0,6.0,Intermediate School District 287   ,766.0,District 287 - ALC - IS            ,0.0,0.0,3.0,1.0,3.0,3.0,0.0,0.0,0.0,0.0,0.0,0.0,2.0,2.0,0.0,0.0,8.0,6.0,10.0,14.0,27,Hennepin                                     ,41,11 
21-22,287.0,6.0,Intermediate School District 287   ,772.0,North Education Center Academy     ,1.0,1.0,0.0,0.0,0.0,3.0,0.0,2.0,0.0,0.0,0.0,0.0,1.0,5.0,1.0,3.0,3.0,14.0,11.0,17.0,27,Hennepin                                     ,41,11 
21-22,287.0,6.0,Intermediate School District 287   ,800.0,WEST EDUCATION CENTER ALTERNATIVE  ,0.0,0.0,0.0,0.0,8.0,2.0,0.0,3.0,0.0,0.0,0.0,0.0,5.0,8.0,1.0,1.0,14.0,14.0,15.0,28.0,27,Hennepin                                     ,41,11 
21-22,287.0,6.0,Intermediate School District 287   ,801.0,Hennepin Gateway To College        ,2.0,0.0,2.0,0.0,4.0,1.0,0.0,2.0,0.0,0.0,0.0,0.0,6.0,2.0,2.0,0.0,16.0,5.0,13.0,21.0,27,Hennepin                                     ,41,11 
21-22,287.0,6.0,Intermediate School District 287   ,808.0,ALC - SECA - EY                    ,0.0,0.0,0.0,0.0,1.0,0.0,2.0,0.0,0.0,0.0,0.0,0.0,0.0,0.0,0.0,0.0,3.0,0.0,3.0,3.0,27,Hennepin                                     ,41,11 
21-22,287.0,6.0,Intermediate School District 287   ,810.0,ALC - W-ALT - EY                   ,0.0,0.0,0.0,0.0,0.0,0.0,1.0,0.0,0.0,0.0,0.0,0.0,1.0,0.0,0.0,0.0,2.0,0.0,1.0,2.0,27,Hennepin                                     ,41,11 
21-22,287.0,6.0,Intermediate School District 287   ,811.0,ALC - Gateway - EY                 ,0.0,0.0,0.0,0.0,1.0,0.0,0.0,0.0,0.0,0.0,0.0,0.0,1.0,2.0,0.0,0.0,2.0,2.0,1.0,4.0,27,Hennepin                                     ,41,11 
21-22,287.0,6.0,Intermediate School District 287   ,814.0,Eden Prairie HS ALC                ,0.0,0.0,0.0,1.0,1.0,3.0,0.0,2.0,0.0,0.0,0.0,0.0,5.0,6.0,0.0,0.0,6.0,12.0,7.0,18.0,27,Hennepin                                     ,41,11 
21-22,287.0,6.0,Intermediate School District 287   ,815.0,Mound Westonka HS ALC              ,0.0,0.0,0.0,0.0,0.0,0.0,0.0,0.0,0.0,0.0,0.0,0.0,2.0,0.0,0.0,0.0,2.0,0.0,0.0,2.0,27,Hennepin                                     ,41,11 
21-22,288.0,6.0,Southwest Metro Intermediate 288   ,0.0,District Totals,1.0,2.0,5.0,1.0,6.0,1.0,12.0,3.0,0.0,0.0,0.0,0.0,51.0,18.0,0.0,1.0,75.0,26.0,32.0,101.0,70,Scott                                        , ,11 
21-22,288.0,6.0,Southwest Metro Intermediate 288   ,11.0,SWMetro Shakopee Special Ed        ,0.0,0.0,4.0,1.0,0.0,0.0,2.0,0.0,0.0,0.0,0.0,0.0,17.0,1.0,0.0,0.0,23.0,2.0,7.0,25.0,70,Scott                                        ,50,11 
21-22,288.0,6.0,Southwest Metro Intermediate 288   ,12.0,SWMetro Level 4 Programs           ,0.0,1.0,0.0,0.0,4.0,0.0,1.0,0.0,0.0,0.0,0.0,0.0,2.0,2.0,0.0,0.0,7.0,3.0,6.0,10.0,70,Scott                                        ,50,11 
21-22,288.0,6.0,Southwest Metro Intermediate 288   ,20.0,SWMetro ALC                        ,1.0,0.0,0.0,0.0,2.0,1.0,5.0,1.0,0.0,0.0,0.0,0.0,13.0,9.0,0.0,0.0,21.0,11.0,10.0,32.0,70,Scott                                        ,41,11 
21-22,288.0,6.0,Southwest Metro Intermediate 288   ,25.0,SWMetro Seat Based                 ,0.0,0.0,0.0,0.0,0.0,0.0,1.0,0.0,0.0,0.0,0.0,0.0,1.0,1.0,0.0,0.0,2.0,1.0,1.0,3.0,70,Scott                                        ,41,11 
21-22,288.0,6.0,Southwest Metro Intermediate 288   ,26.0,SWMetro Independent Study          ,0.0,0.0,1.0,0.0,0.0,0.0,1.0,2.0,0.0,0.0,0.0,0.0,0.0,0.0,0.0,0.0,2.0,2.0,4.0,4.0,70,Scott                                        ,41,11 
21-22,288.0,6.0,Southwest Metro Intermediate 288   ,27.0,SWMetro Online Learning            ,0.0,1.0,0.0,0.0,0.0,0.0,0.0,0.0,0.0,0.0,0.0,0.0,4.0,1.0,0.0,1.0,4.0,3.0,2.0,7.0,70,Scott                                        ,46,11 
21-22,288.0,6.0,Southwest Metro Intermediate 288   ,34.0,SWMetro Reflections                ,0.0,0.0,0.0,0.0,0.0,0.0,0.0,0.0,0.0,0.0,0.0,0.0,0.0,1.0,0.0,0.0,0.0,1.0,0.0,1.0,70,Scott                                        ,79,11 
21-22,288.0,6.0,Southwest Metro Intermediate 288   ,37.0,SWMetro Annica Program             ,0.0,0.0,0.0,0.0,0.0,0.0,0.0,0.0,0.0,0.0,0.0,0.0,0.0,1.0,0.0,0.0,0.0,1.0,0.0,1.0,70,Scott                                        ,79,11 
21-22,288.0,6.0,Southwest Metro Intermediate 288   ,829.0,SWMetro Waseca                     ,0.0,0.0,0.0,0.0,0.0,0.0,0.0,0.0,0.0,0.0,0.0,0.0,1.0,0.0,0.0,0.0,1.0,0.0,0.0,1.0,70,Scott                                        ,50,11 
21-22,288.0,6.0,Southwest Metro Intermediate 288   ,864.0,SWMetro Lakeside Academy           ,0.0,0.0,0.0,0.0,0.0,0.0,2.0,0.0,0.0,0.0,0.0,0.0,4.0,0.0,0.0,0.0,6.0,0.0,2.0,6.0,70,Scott                                        ,77,11 
21-22,288.0,6.0,Southwest Metro Intermediate 288   ,865.0,SWMetro JAF                        ,0.0,0.0,0.0,0.0,0.0,0.0,0.0,0.0,0.0,0.0,0.0,0.0,1.0,0.0,0.0,0.0,1.0,0.0,0.0,1.0,70,Scott                                        ,77,11 
21-22,288.0,6.0,Southwest Metro Intermediate 288   ,877.0,SWMetro Buffalo-Transitions        ,0.0,0.0,0.0,0.0,0.0,0.0,0.0,0.0,0.0,0.0,0.0,0.0,8.0,2.0,0.0,0.0,8.0,2.0,0.0,10.0,70,Scott                                        ,50,11 
21-22,294.0,1.0,HOUSTON PUBLIC SCHOOL DISTRICT     ,0.0,District Totals,2.0,3.0,0.0,1.0,4.0,9.0,7.0,7.0,0.0,0.0,0.0,0.0,39.0,72.0,3.0,3.0,55.0,95.0,39.0,150.0,28,Houston                                      , ,10 
21-22,294.0,1.0,HOUSTON PUBLIC SCHOOL DISTRICT     ,7.0,SUMMIT LEARNING PROGRAM            ,0.0,0.0,0.0,0.0,0.0,0.0,1.0,0.0,0.0,0.0,0.0,0.0,0.0,6.0,0.0,0.0,1.0,6.0,1.0,7.0,28,Houston                                      ,42,10 
21-22,294.0,1.0,HOUSTON PUBLIC SCHOOL DISTRICT     ,12.0,Minnesota Virtual Academy High     ,2.0,2.0,0.0,1.0,3.0,9.0,6.0,7.0,0.0,0.0,0.0,0.0,31.0,46.0,1.0,3.0,43.0,68.0,34.0,111.0,28,Houston                                      ,46,10 
21-22,294.0,1.0,HOUSTON PUBLIC SCHOOL DISTRICT     ,20.0,HOUSTON SECONDARY                  ,0.0,1.0,0.0,0.0,1.0,0.0,0.0,0.0,0.0,0.0,0.0,0.0,8.0,20.0,2.0,0.0,11.0,21.0,4.0,32.0,28,Houston                                      ,33,10 
21-22,297.0,1.0,SPRING GROVE SCHOOL DISTRICT       ,0.0,District Totals,0.0,0.0,0.0,0.0,0.0,0.0,0.0,0.0,0.0,0.0,0.0,0.0,7.0,16.0,0.0,0.0,7.0,16.0,0.0,23.0,28,Houston                                      , ,10 
21-22,297.0,1.0,SPRING GROVE SCHOOL DISTRICT       ,20.0,SPRING GROVE SECONDARY             ,0.0,0.0,0.0,0.0,0.0,0.0,0.0,0.0,0.0,0.0,0.0,0.0,7.0,16.0,0.0,0.0,7.0,16.0,0.0,23.0,28,Houston                                      ,33,10 
21-22,299.0,1.0,CALEDONIA PUBLIC SCHOOL DISTRICT   ,0.0,District Totals,0.0,0.0,0.0,0.0,0.0,1.0,0.0,0.0,0.0,0.0,0.0,0.0,36.0,28.0,1.0,0.0,37.0,29.0,2.0,66.0,28,Houston                                      , ,10 
21-22,299.0,1.0,CALEDONIA PUBLIC SCHOOL DISTRICT   ,32.0,CALEDONIA SENIOR HIGH              ,0.0,0.0,0.0,0.0,0.0,1.0,0.0,0.0,0.0,0.0,0.0,0.0,36.0,28.0,1.0,0.0,37.0,29.0,2.0,66.0,28,Houston                                      ,32,10 
21-22,300.0,1.0,LA CRESCENT-HOKAH SCHOOL DISTRICT  ,0.0,District Totals,1.0,0.0,0.0,0.0,0.0,0.0,0.0,0.0,0.0,0.0,0.0,0.0,45.0,40.0,4.0,3.0,50.0,43.0,8.0,93.0,28,Houston                                      , ,10 
21-22,300.0,1.0,LA CRESCENT-HOKAH SCHOOL DISTRICT  ,20.0,LA CRESCENT SENIOR HIGH            ,1.0,0.0,0.0,0.0,0.0,0.0,0.0,0.0,0.0,0.0,0.0,0.0,45.0,40.0,4.0,3.0,50.0,43.0,8.0,93.0,28,Houston                                      ,32,10 
21-22,306.0,1.0,Laporte Public School District     ,0.0,District Totals,0.0,2.0,0.0,0.0,1.0,0.0,0.0,0.0,0.0,0.0,0.0,0.0,5.0,3.0,0.0,0.0,6.0,5.0,3.0,11.0,29,Hubbard                                      , ,02 
21-22,306.0,1.0,Laporte Public School District     ,20.0,LAPORTE SECONDARY                  ,0.0,2.0,0.0,0.0,1.0,0.0,0.0,0.0,0.0,0.0,0.0,0.0,5.0,3.0,0.0,0.0,6.0,5.0,3.0,11.0,29,Hubbard                                      ,32,02 
21-22,308.0,1.0,NEVIS PUBLIC SCHOOL DISTRICT       ,0.0,District Totals,2.0,2.0,0.0,0.0,0.0,1.0,1.0,0.0,0.0,0.0,0.0,0.0,12.0,19.0,2.0,0.0,17.0,22.0,8.0,39.0,29,Hubbard                                      , ,02 
21-22,308.0,1.0,NEVIS PUBLIC SCHOOL DISTRICT       ,20.0,NEVIS SECONDARY                    ,2.0,2.0,0.0,0.0,0.0,1.0,1.0,0.0,0.0,0.0,0.0,0.0,11.0,18.0,2.0,0.0,16.0,21.0,8.0,37.0,29,Hubbard                                      ,33,02 
21-22,308.0,1.0,NEVIS PUBLIC SCHOOL DISTRICT       ,30.0,NEVIS AREA LEARNING PROGRAM        ,0.0,0.0,0.0,0.0,0.0,0.0,0.0,0.0,0.0,0.0,0.0,0.0,1.0,1.0,0.0,0.0,1.0,1.0,0.0,2.0,29,Hubbard                                      ,42,02 
21-22,309.0,1.0,PARK RAPIDS PUBLIC SCHOOL DISTRICT ,0.0,District Totals,1.0,2.0,0.0,1.0,0.0,0.0,3.0,6.0,0.0,0.0,0.0,0.0,30.0,44.0,0.0,1.0,34.0,54.0,14.0,88.0,29,Hubbard                                      , ,02 
21-22,309.0,1.0,PARK RAPIDS PUBLIC SCHOOL DISTRICT ,60.0,PARK RAPIDS SENIOR HIGH            ,1.0,1.0,0.0,1.0,0.0,0.0,2.0,6.0,0.0,0.0,0.0,0.0,27.0,38.0,0.0,1.0,30.0,47.0,12.0,77.0,29,Hubbard                                      ,32,02 
21-22,309.0,1.0,PARK RAPIDS PUBLIC SCHOOL DISTRICT ,90.0,HEADWATERS EDUC LEARNING PROGRAM   ,0.0,1.0,0.0,0.0,0.0,0.0,1.0,0.0,0.0,0.0,0.0,0.0,3.0,6.0,0.0,0.0,4.0,7.0,2.0,11.0,29,Hubbard                                      ,41,02 
21-22,314.0,1.0,BRAHAM PUBLIC SCHOOL DISTRICT      ,0.0,District Totals,0.0,0.0,0.0,0.0,0.0,0.0,0.0,1.0,0.0,0.0,0.0,0.0,16.0,20.0,0.0,1.0,16.0,22.0,2.0,38.0,30,Isanti                                       , ,07E
21-22,314.0,1.0,BRAHAM PUBLIC SCHOOL DISTRICT      ,1.0,BRAHAM AREA SECONDARY              ,0.0,0.0,0.0,0.0,0.0,0.0,0.0,1.0,0.0,0.0,0.0,0.0,16.0,20.0,0.0,1.0,16.0,22.0,2.0,38.0,30,Isanti                                       ,33,07E
21-22,316.0,1.0,GREENWAY PUBLIC SCHOOL DISTRICT    ,0.0,District Totals,4.0,3.0,0.0,0.0,2.0,0.0,2.0,1.0,0.0,0.0,0.0,0.0,29.0,22.0,1.0,0.0,38.0,26.0,13.0,64.0,31,Itasca                                       , ,03 
21-22,316.0,1.0,GREENWAY PUBLIC SCHOOL DISTRICT    ,310.0,GREENWAY SENIOR HIGH               ,4.0,3.0,0.0,0.0,2.0,0.0,2.0,1.0,0.0,0.0,0.0,0.0,29.0,22.0,1.0,0.0,38.0,26.0,13.0,64.0,31,Itasca                                       ,32,03 
21-22,317.0,1.0,DEER RIVER PUBLIC SCHOOL DISTRICT  ,0.0,District Totals,9.0,8.0,0.0,0.0,0.0,1.0,0.0,0.0,0.0,0.0,0.0,0.0,12.0,11.0,0.0,1.0,21.0,21.0,19.0,42.0,31,Itasca                                       , ,03 
21-22,317.0,1.0,DEER RIVER PUBLIC SCHOOL DISTRICT  ,1.0,DEER RIVER SECONDARY               ,9.0,6.0,0.0,0.0,0.0,1.0,0.0,0.0,0.0,0.0,0.0,0.0,12.0,11.0,0.0,1.0,21.0,19.0,17.0,40.0,31,Itasca                                       ,33,03 
21-22,317.0,1.0,DEER RIVER PUBLIC SCHOOL DISTRICT  ,10.0,Deer River High School ALP         ,0.0,2.0,0.0,0.0,0.0,0.0,0.0,0.0,0.0,0.0,0.0,0.0,0.0,0.0,0.0,0.0,0.0,2.0,2.0,2.0,31,Itasca                                       ,42,03 
21-22,318.0,1.0,GRAND RAPIDS PUBLIC SCHOOL DISTRICT,0.0,District Totals,17.0,15.0,0.0,0.0,1.0,1.0,4.0,0.0,0.0,0.0,0.0,1.0,157.0,178.0,6.0,5.0,185.0,200.0,50.0,385.0,31,Itasca                                       , ,03 
21-22,318.0,1.0,GRAND RAPIDS PUBLIC SCHOOL DISTRICT,350.0,BIGFORK SECONDARY                  ,1.0,2.0,0.0,0.0,0.0,0.0,0.0,0.0,0.0,0.0,0.0,0.0,13.0,6.0,1.0,0.0,15.0,8.0,4.0,23.0,31,Itasca                                       ,33,03 
21-22,318.0,1.0,GRAND RAPIDS PUBLIC SCHOOL DISTRICT,360.0,GRAND RAPIDS SENIOR HIGH           ,8.0,8.0,0.0,0.0,1.0,1.0,3.0,0.0,0.0,0.0,0.0,0.0,106.0,123.0,4.0,2.0,122.0,134.0,27.0,256.0,31,Itasca                                       ,32,03 
21-22,318.0,1.0,GRAND RAPIDS PUBLIC SCHOOL DISTRICT,365.0,GRAND RAPIDS AREA LEARNING CENTER  ,8.0,5.0,0.0,0.0,0.0,0.0,1.0,0.0,0.0,0.0,0.0,1.0,38.0,49.0,1.0,3.0,48.0,58.0,19.0,106.0,31,Itasca                                       ,41,03 
21-22,319.0,1.0,NASHWAUK-KEEWATIN SCHOOL DISTRICT  ,0.0,District Totals,0.0,1.0,0.0,0.0,0.0,0.0,0.0,0.0,0.0,0.0,0.0,0.0,19.0,9.0,1.0,1.0,20.0,11.0,3.0,31.0,31,Itasca                                       , ,03 
21-22,319.0,1.0,NASHWAUK-KEEWATIN SCHOOL DISTRICT  ,50.0,NASHWAUK SECONDARY                 ,0.0,1.0,0.0,0.0,0.0,0.0,0.0,0.0,0.0,0.0,0.0,0.0,19.0,9.0,1.0,1.0,20.0,11.0,3.0,31.0,31,Itasca                                       ,33,03 
21-22,323.0,2.0,FRANCONIA PUBLIC SCHOOL DISTRICT   ,0.0,District Totals,0.0,0.0,0.0,0.0,0.0,0.0,0.0,0.0,0.0,0.0,0.0,0.0,3.0,0.0,0.0,0.0,3.0,0.0,0.0,3.0,13,Chisago                                      , ,07E
21-22,323.0,2.0,FRANCONIA PUBLIC SCHOOL DISTRICT   ,10.0,FRANCONIA SCHOOL RECORD            ,0.0,0.0,0.0,0.0,0.0,0.0,0.0,0.0,0.0,0.0,0.0,0.0,3.0,0.0,0.0,0.0,3.0,0.0,0.0,3.0,13,Chisago                                      ,71,07E
21-22,330.0,1.0,HERON LAKE-OKABENA SCHOOL DISTRICT ,0.0,District Totals,0.0,0.0,0.0,0.0,0.0,1.0,2.0,2.0,0.0,0.0,0.0,0.0,21.0,11.0,0.0,0.0,23.0,14.0,5.0,37.0,32,Jackson                                      , ,08 
21-22,330.0,1.0,HERON LAKE-OKABENA SCHOOL DISTRICT ,30.0,Heron Lake-Okabena Secondary       ,0.0,0.0,0.0,0.0,0.0,1.0,2.0,2.0,0.0,0.0,0.0,0.0,21.0,11.0,0.0,0.0,23.0,14.0,5.0,37.0,32,Jackson                                      ,33,08 
21-22,332.0,1.0,MORA PUBLIC SCHOOL DISTRICT        ,0.0,District Totals,1.0,2.0,0.0,0.0,1.0,0.0,0.0,1.0,0.0,0.0,0.0,0.0,51.0,56.0,3.0,0.0,56.0,59.0,8.0,115.0,33,Kanabec                                      , ,07E
21-22,332.0,1.0,MORA PUBLIC SCHOOL DISTRICT        ,40.0,MORA SECONDARY                     ,0.0,2.0,0.0,0.0,1.0,0.0,0.0,1.0,0.0,0.0,0.0,0.0,43.0,49.0,3.0,0.0,47.0,52.0,7.0,99.0,33,Kanabec                                      ,33,07E
21-22,332.0,1.0,MORA PUBLIC SCHOOL DISTRICT        ,50.0,MORA ALTERNATIVE LEARNING CENTER   ,1.0,0.0,0.0,0.0,0.0,0.0,0.0,0.0,0.0,0.0,0.0,0.0,8.0,7.0,0.0,0.0,9.0,7.0,1.0,16.0,33,Kanabec                                      ,41,07E
21-22,333.0,1.0,OGILVIE PUBLIC SCHOOL DISTRICT     ,0.0,District Totals,0.0,0.0,0.0,0.0,0.0,0.0,0.0,0.0,0.0,0.0,0.0,0.0,27.0,21.0,0.0,0.0,27.0,21.0,0.0,48.0,33,Kanabec                                      , ,07E
21-22,333.0,1.0,OGILVIE PUBLIC SCHOOL DISTRICT     ,20.0,OGILVIE SECONDARY                  ,0.0,0.0,0.0,0.0,0.0,0.0,0.0,0.0,0.0,0.0,0.0,0.0,26.0,21.0,0.0,0.0,26.0,21.0,0.0,47.0,33,Kanabec                                      ,33,07E
21-22,333.0,1.0,OGILVIE PUBLIC SCHOOL DISTRICT     ,60.0,LION Program-Alternative Education ,0.0,0.0,0.0,0.0,0.0,0.0,0.0,0.0,0.0,0.0,0.0,0.0,1.0,0.0,0.0,0.0,1.0,0.0,0.0,1.0,33,Kanabec                                      ,42,07E
21-22,345.0,1.0,NEW LONDON-SPICER SCHOOL DISTRICT  ,0.0,District Totals,0.0,0.0,0.0,0.0,1.0,0.0,0.0,1.0,0.0,0.0,0.0,0.0,55.0,49.0,0.0,0.0,56.0,50.0,2.0,106.0,34,Kandiyohi                                    , ,06E
21-22,345.0,1.0,NEW LONDON-SPICER SCHOOL DISTRICT  ,30.0,NEW LONDON-SPICER SR.              ,0.0,0.0,0.0,0.0,1.0,0.0,0.0,1.0,0.0,0.0,0.0,0.0,55.0,47.0,0.0,0.0,56.0,48.0,2.0,104.0,34,Kandiyohi                                    ,32,06E
21-22,345.0,1.0,NEW LONDON-SPICER SCHOOL DISTRICT  ,31.0,NEW LONDON ALTERNATIVE SCHOOL      ,0.0,0.0,0.0,0.0,0.0,0.0,0.0,0.0,0.0,0.0,0.0,0.0,0.0,2.0,0.0,0.0,0.0,2.0,0.0,2.0,34,Kandiyohi                                    ,42,06E
21-22,347.0,1.0,WILLMAR PUBLIC SCHOOL DISTRICT     ,0.0,District Totals,2.0,1.0,4.0,4.0,29.0,23.0,47.0,55.0,0.0,0.0,0.0,0.0,73.0,77.0,5.0,0.0,160.0,160.0,170.0,320.0,34,Kandiyohi                                    , ,06E
21-22,347.0,1.0,WILLMAR PUBLIC SCHOOL DISTRICT     ,300.0,WILLMAR SENIOR HIGH                ,0.0,1.0,4.0,4.0,24.0,19.0,34.0,35.0,0.0,0.0,0.0,0.0,62.0,66.0,2.0,0.0,126.0,125.0,123.0,251.0,34,Kandiyohi                                    ,32,06E
21-22,347.0,1.0,WILLMAR PUBLIC SCHOOL DISTRICT     ,931.0,Prairie Lakes Education Center     ,1.0,0.0,0.0,0.0,2.0,0.0,0.0,1.0,0.0,0.0,0.0,0.0,4.0,0.0,2.0,0.0,9.0,1.0,6.0,10.0,34,Kandiyohi                                    ,77,06E
21-22,347.0,1.0,WILLMAR PUBLIC SCHOOL DISTRICT     ,941.0,Lake Park School                   ,1.0,0.0,0.0,0.0,0.0,1.0,0.0,0.0,0.0,0.0,0.0,0.0,0.0,2.0,0.0,0.0,1.0,3.0,2.0,4.0,34,Kandiyohi                                    ,77,06E
21-22,347.0,1.0,WILLMAR PUBLIC SCHOOL DISTRICT     ,949.0,WILLMAR AREA LEARNING CENTER       ,0.0,0.0,0.0,0.0,3.0,3.0,13.0,19.0,0.0,0.0,0.0,0.0,7.0,9.0,1.0,0.0,24.0,31.0,39.0,55.0,34,Kandiyohi                                    ,41,06E
21-22,356.0,1.0,LANCASTER PUBLIC SCHOOL DISTRICT   ,0.0,District Totals,0.0,0.0,0.0,0.0,0.0,0.0,0.0,0.0,0.0,0.0,0.0,0.0,4.0,9.0,0.0,0.0,4.0,9.0,0.0,13.0,35,Kittson                                      , ,01 
21-22,356.0,1.0,LANCASTER PUBLIC SCHOOL DISTRICT   ,20.0,LANCASTER SECONDARY                ,0.0,0.0,0.0,0.0,0.0,0.0,0.0,0.0,0.0,0.0,0.0,0.0,4.0,9.0,0.0,0.0,4.0,9.0,0.0,13.0,35,Kittson                                      ,33,01 
21-22,361.0,1.0,INTERNATIONAL FALLS SCHOOL DISTRICT,0.0,District Totals,2.0,5.0,0.0,0.0,1.0,0.0,1.0,1.0,0.0,0.0,0.0,0.0,29.0,26.0,1.0,0.0,34.0,32.0,11.0,66.0,36,Koochiching                                  , ,03 
21-22,361.0,1.0,INTERNATIONAL FALLS SCHOOL DISTRICT,1.0,FALLS SECONDARY                    ,2.0,5.0,0.0,0.0,1.0,0.0,1.0,1.0,0.0,0.0,0.0,0.0,29.0,26.0,1.0,0.0,34.0,32.0,11.0,66.0,36,Koochiching                                  ,33,03 
21-22,362.0,1.0,LITTLEFORK-BIG FALLS SCHOOL DIST.  ,0.0,District Totals,0.0,0.0,0.0,0.0,0.0,0.0,0.0,1.0,0.0,0.0,0.0,0.0,7.0,14.0,0.0,0.0,7.0,15.0,1.0,22.0,36,Koochiching                                  , ,03 
21-22,362.0,1.0,LITTLEFORK-BIG FALLS SCHOOL DIST.  ,30.0,LITTLEFORK-BIG FALLS SECONDARY     ,0.0,0.0,0.0,0.0,0.0,0.0,0.0,1.0,0.0,0.0,0.0,0.0,7.0,14.0,0.0,0.0,7.0,15.0,1.0,22.0,36,Koochiching                                  ,33,03 
21-22,363.0,1.0,SOUTH KOOCHICHING SCHOOL DISTRICT  ,0.0,District Totals,1.0,0.0,0.0,0.0,0.0,2.0,1.0,0.0,0.0,0.0,0.0,0.0,3.0,7.0,0.0,0.0,5.0,9.0,4.0,14.0,36,Koochiching                                  , ,03 
21-22,363.0,1.0,SOUTH KOOCHICHING SCHOOL DISTRICT  ,60.0,INDUS SECONDARY                    ,0.0,0.0,0.0,0.0,0.0,0.0,0.0,0.0,0.0,0.0,0.0,0.0,3.0,2.0,0.0,0.0,3.0,2.0,0.0,5.0,36,Koochiching                                  ,33,03 
21-22,363.0,1.0,SOUTH KOOCHICHING SCHOOL DISTRICT  ,70.0,NORTHOME SECONDARY                 ,1.0,0.0,0.0,0.0,0.0,2.0,1.0,0.0,0.0,0.0,0.0,0.0,0.0,5.0,0.0,0.0,2.0,7.0,4.0,9.0,36,Koochiching                                  ,33,03 
21-22,378.0,1.0,DAWSON-BOYD PUBLIC SCHOOL DISTRICT ,0.0,District Totals,0.0,0.0,0.0,0.0,0.0,0.0,1.0,1.0,0.0,0.0,0.0,0.0,23.0,9.0,0.0,1.0,24.0,11.0,3.0,35.0,37,Lac qui Parle                                , ,06W
21-22,378.0,1.0,DAWSON-BOYD PUBLIC SCHOOL DISTRICT ,20.0,DAWSON-BOYD SECONDARY              ,0.0,0.0,0.0,0.0,0.0,0.0,1.0,1.0,0.0,0.0,0.0,0.0,23.0,9.0,0.0,1.0,24.0,11.0,3.0,35.0,37,Lac qui Parle                                ,33,06W
21-22,381.0,1.0,LAKE SUPERIOR PUBLIC SCHOOL DIST.  ,0.0,District Totals,0.0,0.0,2.0,1.0,0.0,0.0,2.0,0.0,0.0,0.0,0.0,0.0,56.0,34.0,0.0,1.0,60.0,36.0,6.0,96.0,38,Lake                                         , ,03 
21-22,381.0,1.0,LAKE SUPERIOR PUBLIC SCHOOL DIST.  ,90.0,Wm. M. Kelley Secondary            ,0.0,0.0,0.0,1.0,0.0,0.0,0.0,0.0,0.0,0.0,0.0,0.0,8.0,9.0,0.0,1.0,8.0,11.0,2.0,19.0,38,Lake                                         ,33,03 
21-22,381.0,1.0,LAKE SUPERIOR PUBLIC SCHOOL DIST.  ,200.0,TWO HARBORS SECONDARY              ,0.0,0.0,2.0,0.0,0.0,0.0,2.0,0.0,0.0,0.0,0.0,0.0,47.0,25.0,0.0,0.0,51.0,25.0,4.0,76.0,38,Lake                                         ,33,03 
21-22,381.0,1.0,LAKE SUPERIOR PUBLIC SCHOOL DIST.  ,255.0,SOLO                               ,0.0,0.0,0.0,0.0,0.0,0.0,0.0,0.0,0.0,0.0,0.0,0.0,1.0,0.0,0.0,0.0,1.0,0.0,0.0,1.0,38,Lake                                         ,41,03 
21-22,390.0,1.0,LAKE OF THE WOODS SCHOOL DISTRICT  ,0.0,District Totals,2.0,1.0,1.0,0.0,0.0,0.0,0.0,1.0,0.0,0.0,0.0,0.0,18.0,19.0,0.0,1.0,21.0,22.0,6.0,43.0,39,Lake of the Woods                            , ,02 
21-22,390.0,1.0,LAKE OF THE WOODS SCHOOL DISTRICT  ,222.0,LAKE OF THE WOODS SECONDARY        ,2.0,1.0,1.0,0.0,0.0,0.0,0.0,1.0,0.0,0.0,0.0,0.0,18.0,19.0,0.0,1.0,21.0,22.0,6.0,43.0,39,Lake of the Woods                            ,33,02 
21-22,391.0,1.0,CLEVELAND PUBLIC SCHOOL DISTRICT   ,0.0,District Totals,0.0,0.0,0.0,0.0,0.0,0.0,0.0,2.0,0.0,0.0,0.0,0.0,23.0,17.0,1.0,0.0,24.0,19.0,3.0,43.0,40,Le Sueur                                     , ,09 
21-22,391.0,1.0,CLEVELAND PUBLIC SCHOOL DISTRICT   ,20.0,CLEVELAND SECONDARY                ,0.0,0.0,0.0,0.0,0.0,0.0,0.0,2.0,0.0,0.0,0.0,0.0,23.0,17.0,1.0,0.0,24.0,19.0,3.0,43.0,40,Le Sueur                                     ,33,09 
21-22,397.0,52.0,Lake Agassiz Education Cooperative ,0.0,District Totals,0.0,0.0,0.0,0.0,0.0,0.0,0.0,0.0,0.0,0.0,0.0,0.0,3.0,0.0,0.0,0.0,3.0,0.0,0.0,3.0,14,Clay                                         , ,04 
21-22,397.0,52.0,Lake Agassiz Education Cooperative ,11.0,INTENSIVE INTERAGENCY PROGRAM      ,0.0,0.0,0.0,0.0,0.0,0.0,0.0,0.0,0.0,0.0,0.0,0.0,2.0,0.0,0.0,0.0,2.0,0.0,0.0,2.0,14,Clay                                         ,50,04 
21-22,397.0,52.0,Lake Agassiz Education Cooperative ,12.0,Glacial Ridge Transitional Skills P,0.0,0.0,0.0,0.0,0.0,0.0,0.0,0.0,0.0,0.0,0.0,0.0,1.0,0.0,0.0,0.0,1.0,0.0,0.0,1.0,14,Clay                                         ,50,04 
21-22,402.0,1.0,HENDRICKS PUBLIC SCHOOL DISTRICT   ,0.0,District Totals,0.0,0.0,0.0,0.0,0.0,0.0,1.0,0.0,0.0,0.0,0.0,0.0,14.0,14.0,1.0,0.0,16.0,14.0,2.0,30.0,41,Lincoln                                      , ,08 
21-22,402.0,1.0,HENDRICKS PUBLIC SCHOOL DISTRICT   ,20.0,Hendricks Senior High              ,0.0,0.0,0.0,0.0,0.0,0.0,1.0,0.0,0.0,0.0,0.0,0.0,9.0,5.0,0.0,0.0,10.0,5.0,1.0,15.0,41,Lincoln                                      ,32,08 
21-22,402.0,1.0,HENDRICKS PUBLIC SCHOOL DISTRICT   ,90.0,MNVSS                              ,0.0,0.0,0.0,0.0,0.0,0.0,0.0,0.0,0.0,0.0,0.0,0.0,5.0,9.0,1.0,0.0,6.0,9.0,1.0,15.0,41,Lincoln                                      ,46,08 
21-22,413.0,1.0,MARSHALL PUBLIC SCHOOL DISTRICT    ,0.0,District Totals,0.0,0.0,6.0,11.0,5.0,5.0,11.0,15.0,0.0,0.0,0.0,0.0,60.0,71.0,4.0,1.0,86.0,103.0,58.0,189.0,42,Lyon                                         , ,08 
21-22,413.0,1.0,MARSHALL PUBLIC SCHOOL DISTRICT    ,1.0,MARSHALL HIGH SCHOOL               ,0.0,0.0,6.0,11.0,5.0,5.0,7.0,14.0,0.0,0.0,0.0,0.0,56.0,66.0,4.0,1.0,78.0,97.0,53.0,175.0,42,Lyon                                         ,32,08 
21-22,413.0,1.0,MARSHALL PUBLIC SCHOOL DISTRICT    ,8.0,MATEC                              ,0.0,0.0,0.0,0.0,0.0,0.0,4.0,1.0,0.0,0.0,0.0,0.0,3.0,5.0,0.0,0.0,7.0,6.0,5.0,13.0,42,Lyon                                         ,41,08 
21-22,413.0,1.0,MARSHALL PUBLIC SCHOOL DISTRICT    ,9.0,Marshall Learning Center           ,0.0,0.0,0.0,0.0,0.0,0.0,0.0,0.0,0.0,0.0,0.0,0.0,1.0,0.0,0.0,0.0,1.0,0.0,0.0,1.0,42,Lyon                                         ,50,08 
21-22,414.0,1.0,MINNEOTA PUBLIC SCHOOL DISTRICT    ,0.0,District Totals,0.0,0.0,0.0,0.0,0.0,0.0,0.0,2.0,0.0,0.0,0.0,0.0,18.0,23.0,0.0,1.0,18.0,26.0,3.0,44.0,42,Lyon                                         , ,08 
21-22,414.0,1.0,MINNEOTA PUBLIC SCHOOL DISTRICT    ,2.0,MINNEOTA SECONDARY                 ,0.0,0.0,0.0,0.0,0.0,0.0,0.0,2.0,0.0,0.0,0.0,0.0,18.0,23.0,0.0,1.0,18.0,26.0,3.0,44.0,42,Lyon                                         ,33,08 
21-22,423.0,1.0,HUTCHINSON PUBLIC SCHOOL DISTRICT  ,0.0,District Totals,0.0,2.0,2.0,2.0,1.0,3.0,8.0,5.0,0.0,0.0,0.0,0.0,98.0,94.0,2.0,5.0,111.0,111.0,30.0,222.0,43,McLeod                                       , ,06E
21-22,423.0,1.0,HUTCHINSON PUBLIC SCHOOL DISTRICT  ,30.0,HUTCHINSON SENIOR HIGH             ,0.0,2.0,2.0,2.0,1.0,3.0,6.0,4.0,0.0,0.0,0.0,0.0,93.0,88.0,1.0,4.0,103.0,103.0,25.0,206.0,43,McLeod                                       ,32,06E
21-22,423.0,1.0,HUTCHINSON PUBLIC SCHOOL DISTRICT  ,35.0,CORNERSTONE                        ,0.0,0.0,0.0,0.0,0.0,0.0,1.0,0.0,0.0,0.0,0.0,0.0,0.0,0.0,0.0,0.0,1.0,0.0,1.0,1.0,43,McLeod                                       ,77,06E
21-22,423.0,1.0,HUTCHINSON PUBLIC SCHOOL DISTRICT  ,70.0,CROW RIVER AREA LEARNING CENTER    ,0.0,0.0,0.0,0.0,0.0,0.0,0.0,1.0,0.0,0.0,0.0,0.0,2.0,4.0,1.0,1.0,3.0,6.0,3.0,9.0,43,McLeod                                       ,41,06E
21-22,423.0,1.0,HUTCHINSON PUBLIC SCHOOL DISTRICT  ,72.0,HUTCHINSON NIGHT ALT LEARNING CTR  ,0.0,0.0,0.0,0.0,0.0,0.0,1.0,0.0,0.0,0.0,0.0,0.0,1.0,0.0,0.0,0.0,2.0,0.0,1.0,2.0,43,McLeod                                       ,41,06E
21-22,423.0,1.0,HUTCHINSON PUBLIC SCHOOL DISTRICT  ,90.0,HUTCHINSON TRANSITION ASSISTANCE PG,0.0,0.0,0.0,0.0,0.0,0.0,0.0,0.0,0.0,0.0,0.0,0.0,2.0,2.0,0.0,0.0,2.0,2.0,0.0,4.0,43,McLeod                                       ,50,06E
21-22,424.0,1.0,LESTER PRAIRIE PUBLIC SCHOOL DIST. ,0.0,District Totals,0.0,0.0,0.0,0.0,0.0,0.0,2.0,2.0,0.0,0.0,0.0,0.0,13.0,11.0,2.0,1.0,17.0,14.0,7.0,31.0,43,McLeod                                       , ,06E
21-22,424.0,1.0,LESTER PRAIRIE PUBLIC SCHOOL DIST. ,20.0,LESTER PRAIRIE SECONDARY           ,0.0,0.0,0.0,0.0,0.0,0.0,2.0,2.0,0.0,0.0,0.0,0.0,13.0,11.0,2.0,1.0,17.0,14.0,7.0,31.0,43,McLeod                                       ,33,06E
21-22,432.0,1.0,MAHNOMEN PUBLIC SCHOOL DISTRICT    ,0.0,District Totals,10.0,11.0,0.0,0.0,0.0,0.0,0.0,0.0,0.0,0.0,0.0,0.0,8.0,3.0,0.0,0.0,18.0,14.0,21.0,32.0,44,Mahnomen                                     , ,02 
21-22,432.0,1.0,MAHNOMEN PUBLIC SCHOOL DISTRICT    ,20.0,MAHNOMEN SECONDARY                 ,8.0,9.0,0.0,0.0,0.0,0.0,0.0,0.0,0.0,0.0,0.0,0.0,7.0,1.0,0.0,0.0,15.0,10.0,17.0,25.0,44,Mahnomen                                     ,33,02 
21-22,432.0,1.0,MAHNOMEN PUBLIC SCHOOL DISTRICT    ,40.0,MAHNOMEN AREA LEARNING CENTER      ,2.0,2.0,0.0,0.0,0.0,0.0,0.0,0.0,0.0,0.0,0.0,0.0,1.0,2.0,0.0,0.0,3.0,4.0,4.0,7.0,44,Mahnomen                                     ,41,02 
21-22,435.0,1.0,Waubun-Ogema-White Earth Schools   ,0.0,District Totals,16.0,13.0,0.0,0.0,0.0,0.0,0.0,0.0,0.0,0.0,0.0,0.0,4.0,4.0,0.0,0.0,20.0,17.0,29.0,37.0,44,Mahnomen                                     , ,02 
21-22,435.0,1.0,Waubun-Ogema-White Earth Schools   ,30.0,WAUBUN SECONDARY                   ,11.0,11.0,0.0,0.0,0.0,0.0,0.0,0.0,0.0,0.0,0.0,0.0,3.0,4.0,0.0,0.0,14.0,15.0,22.0,29.0,44,Mahnomen                                     ,33,02 
21-22,435.0,1.0,Waubun-Ogema-White Earth Schools   ,40.0,WAUBUN AREA LEARNING PROGRAM       ,1.0,0.0,0.0,0.0,0.0,0.0,0.0,0.0,0.0,0.0,0.0,0.0,1.0,0.0,0.0,0.0,2.0,0.0,1.0,2.0,44,Mahnomen                                     ,42,02 
21-22,435.0,1.0,Waubun-Ogema-White Earth Schools   ,70.0,Waubun ALC                         ,4.0,2.0,0.0,0.0,0.0,0.0,0.0,0.0,0.0,0.0,0.0,0.0,0.0,0.0,0.0,0.0,4.0,2.0,6.0,6.0,44,Mahnomen                                     ,41,02 
21-22,441.0,1.0,MARSHALL COUNTY CENTRAL SCHOOLS    ,0.0,District Totals,0.0,0.0,0.0,0.0,0.0,0.0,1.0,0.0,0.0,0.0,0.0,0.0,12.0,16.0,0.0,0.0,13.0,16.0,1.0,29.0,45,Marshall                                     , ,01 
21-22,441.0,1.0,MARSHALL COUNTY CENTRAL SCHOOLS    ,20.0,MARSHALL COUNTY CENTRAL HIGH       ,0.0,0.0,0.0,0.0,0.0,0.0,1.0,0.0,0.0,0.0,0.0,0.0,12.0,16.0,0.0,0.0,13.0,16.0,1.0,29.0,45,Marshall                                     ,33,01 
21-22,447.0,1.0,GRYGLA PUBLIC SCHOOL DISTRICT      ,0.0,District Totals,0.0,0.0,0.0,0.0,0.0,0.0,0.0,0.0,0.0,0.0,0.0,0.0,8.0,4.0,0.0,0.0,8.0,4.0,0.0,12.0,45,Marshall                                     , ,01 
21-22,447.0,1.0,GRYGLA PUBLIC SCHOOL DISTRICT      ,3.0,GRYGLA SECONDARY                   ,0.0,0.0,0.0,0.0,0.0,0.0,0.0,0.0,0.0,0.0,0.0,0.0,8.0,4.0,0.0,0.0,8.0,4.0,0.0,12.0,45,Marshall                                     ,33,01 
21-22,458.0,1.0,TRUMAN PUBLIC SCHOOL DISTRICT      ,0.0,District Totals,0.0,0.0,0.0,0.0,0.0,0.0,0.0,0.0,0.0,0.0,0.0,0.0,9.0,10.0,0.0,0.0,9.0,10.0,0.0,19.0,46,Martin                                       , ,09 
21-22,458.0,1.0,TRUMAN PUBLIC SCHOOL DISTRICT      ,20.0,TRUMAN SECONDARY                   ,0.0,0.0,0.0,0.0,0.0,0.0,0.0,0.0,0.0,0.0,0.0,0.0,9.0,10.0,0.0,0.0,9.0,10.0,0.0,19.0,46,Martin                                       ,33,09 
21-22,463.0,1.0,EDEN VALLEY-WATKINS SCHOOL DISTRICT,0.0,District Totals,0.0,0.0,0.0,0.0,0.0,0.0,1.0,0.0,0.0,0.0,0.0,0.0,29.0,42.0,0.0,0.0,30.0,42.0,1.0,72.0,47,Meeker                                       , ,06E
21-22,463.0,1.0,EDEN VALLEY-WATKINS SCHOOL DISTRICT,20.0,EDEN VALLEY SECONDARY              ,0.0,0.0,0.0,0.0,0.0,0.0,1.0,0.0,0.0,0.0,0.0,0.0,26.0,42.0,0.0,0.0,27.0,42.0,1.0,69.0,47,Meeker                                       ,33,06E
21-22,463.0,1.0,EDEN VALLEY-WATKINS SCHOOL DISTRICT,40.0,EDEN VALLEY-WATKINS ALP            ,0.0,0.0,0.0,0.0,0.0,0.0,0.0,0.0,0.0,0.0,0.0,0.0,3.0,0.0,0.0,0.0,3.0,0.0,0.0,3.0,47,Meeker                                       ,42,06E
21-22,465.0,1.0,LITCHFIELD PUBLIC SCHOOL DISTRICT  ,0.0,District Totals,0.0,0.0,0.0,0.0,0.0,1.0,6.0,6.0,0.0,0.0,0.0,0.0,44.0,41.0,0.0,0.0,50.0,48.0,13.0,98.0,47,Meeker                                       , ,06E
21-22,465.0,1.0,LITCHFIELD PUBLIC SCHOOL DISTRICT  ,40.0,LITCHFIELD SENIOR HIGH             ,0.0,0.0,0.0,0.0,0.0,1.0,6.0,5.0,0.0,0.0,0.0,0.0,43.0,39.0,0.0,0.0,49.0,45.0,12.0,94.0,47,Meeker                                       ,32,06E
21-22,465.0,1.0,LITCHFIELD PUBLIC SCHOOL DISTRICT  ,50.0,LITCHFIELD AREA LEARNING PROGRAM   ,0.0,0.0,0.0,0.0,0.0,0.0,0.0,1.0,0.0,0.0,0.0,0.0,1.0,2.0,0.0,0.0,1.0,3.0,1.0,4.0,47,Meeker                                       ,42,06E
21-22,466.0,1.0,Dassel-Cokato Public Schools       ,0.0,District Totals,0.0,0.0,0.0,0.0,1.0,0.0,2.0,2.0,0.0,0.0,0.0,0.0,80.0,78.0,0.0,1.0,83.0,81.0,6.0,164.0,86,Wright                                       , ,07W
21-22,466.0,1.0,Dassel-Cokato Public Schools       ,2.0,DASSEL-COKATO SENIOR HIGH          ,0.0,0.0,0.0,0.0,1.0,0.0,2.0,2.0,0.0,0.0,0.0,0.0,64.0,72.0,0.0,1.0,67.0,75.0,6.0,142.0,86,Wright                                       ,32,07W
21-22,466.0,1.0,Dassel-Cokato Public Schools       ,6.0,DASSEL-COKATO ALTERNATIVE CTR.     ,0.0,0.0,0.0,0.0,0.0,0.0,0.0,0.0,0.0,0.0,0.0,0.0,16.0,6.0,0.0,0.0,16.0,6.0,0.0,22.0,86,Wright                                       ,41,07W
21-22,473.0,1.0,ISLE PUBLIC SCHOOL DISTRICT        ,0.0,District Totals,1.0,1.0,0.0,0.0,0.0,0.0,0.0,1.0,0.0,0.0,0.0,0.0,6.0,12.0,0.0,0.0,7.0,14.0,3.0,21.0,48,Mille Lacs                                   , ,07E
21-22,473.0,1.0,ISLE PUBLIC SCHOOL DISTRICT        ,20.0,ISLE SECONDARY                     ,0.0,1.0,0.0,0.0,0.0,0.0,0.0,1.0,0.0,0.0,0.0,0.0,5.0,12.0,0.0,0.0,5.0,14.0,2.0,19.0,48,Mille Lacs                                   ,33,07E
21-22,473.0,1.0,ISLE PUBLIC SCHOOL DISTRICT        ,40.0,ISLE AREA LEARNING CENTER          ,1.0,0.0,0.0,0.0,0.0,0.0,0.0,0.0,0.0,0.0,0.0,0.0,1.0,0.0,0.0,0.0,2.0,0.0,1.0,2.0,48,Mille Lacs                                   ,41,07E
21-22,477.0,1.0,PRINCETON PUBLIC SCHOOL DISTRICT   ,0.0,District Totals,1.0,1.0,2.0,1.0,3.0,0.0,1.0,3.0,0.0,0.0,0.0,0.0,101.0,109.0,0.0,3.0,108.0,117.0,15.0,225.0,48,Mille Lacs                                   , ,07E
21-22,477.0,1.0,PRINCETON PUBLIC SCHOOL DISTRICT   ,30.0,Princeton High School              ,1.0,1.0,2.0,1.0,3.0,0.0,1.0,3.0,0.0,0.0,0.0,0.0,85.0,80.0,0.0,2.0,92.0,87.0,14.0,179.0,48,Mille Lacs                                   ,32,07E
21-22,477.0,1.0,PRINCETON PUBLIC SCHOOL DISTRICT   ,80.0,Princeton Online MN                ,0.0,0.0,0.0,0.0,0.0,0.0,0.0,0.0,0.0,0.0,0.0,0.0,3.0,16.0,0.0,1.0,3.0,17.0,1.0,20.0,48,Mille Lacs                                   ,46,07E
21-22,477.0,1.0,PRINCETON PUBLIC SCHOOL DISTRICT   ,100.0,Princeton Area Learning Center     ,0.0,0.0,0.0,0.0,0.0,0.0,0.0,0.0,0.0,0.0,0.0,0.0,11.0,12.0,0.0,0.0,11.0,12.0,0.0,23.0,48,Mille Lacs                                   ,41,07E
21-22,477.0,1.0,PRINCETON PUBLIC SCHOOL DISTRICT   ,250.0,Onward Transition Program          ,0.0,0.0,0.0,0.0,0.0,0.0,0.0,0.0,0.0,0.0,0.0,0.0,2.0,1.0,0.0,0.0,2.0,1.0,0.0,3.0,48,Mille Lacs                                   ,55,07E
21-22,480.0,1.0,ONAMIA PUBLIC SCHOOL DISTRICT      ,0.0,District Totals,8.0,11.0,0.0,0.0,0.0,0.0,1.0,0.0,0.0,0.0,0.0,0.0,6.0,5.0,1.0,0.0,16.0,16.0,21.0,32.0,48,Mille Lacs                                   , ,07E
21-22,480.0,1.0,ONAMIA PUBLIC SCHOOL DISTRICT      ,20.0,Onamia High School                 ,7.0,10.0,0.0,0.0,0.0,0.0,0.0,0.0,0.0,0.0,0.0,0.0,4.0,5.0,1.0,0.0,12.0,15.0,18.0,27.0,48,Mille Lacs                                   ,32,07E
21-22,480.0,1.0,ONAMIA PUBLIC SCHOOL DISTRICT      ,30.0,Onamia Academy                     ,0.0,0.0,0.0,0.0,0.0,0.0,1.0,0.0,0.0,0.0,0.0,0.0,1.0,0.0,0.0,0.0,2.0,0.0,1.0,2.0,48,Mille Lacs                                   ,77,07E
21-22,480.0,1.0,ONAMIA PUBLIC SCHOOL DISTRICT      ,35.0,KOKESH AREA LEARNING CENTER        ,1.0,1.0,0.0,0.0,0.0,0.0,0.0,0.0,0.0,0.0,0.0,0.0,1.0,0.0,0.0,0.0,2.0,1.0,2.0,3.0,48,Mille Lacs                                   ,41,07E
21-22,482.0,1.0,LITTLE FALLS PUBLIC SCHOOL DISTRICT,0.0,District Totals,0.0,2.0,0.0,0.0,0.0,0.0,2.0,2.0,0.0,0.0,0.0,0.0,78.0,78.0,1.0,1.0,81.0,83.0,8.0,164.0,49,Morrison                                     , ,05 
21-22,482.0,1.0,LITTLE FALLS PUBLIC SCHOOL DISTRICT,300.0,LITTLE FALLS SENIOR HIGH           ,0.0,1.0,0.0,0.0,0.0,0.0,1.0,1.0,0.0,0.0,0.0,0.0,62.0,67.0,0.0,1.0,63.0,70.0,4.0,133.0,49,Morrison                                     ,32,05 
21-22,482.0,1.0,LITTLE FALLS PUBLIC SCHOOL DISTRICT,400.0,LITTLE FALLS CONTINUING EDUCATION  ,0.0,1.0,0.0,0.0,0.0,0.0,1.0,1.0,0.0,0.0,0.0,0.0,16.0,11.0,1.0,0.0,18.0,13.0,4.0,31.0,49,Morrison                                     ,41,05 
21-22,484.0,1.0,PIERZ PUBLIC SCHOOL DISTRICT       ,0.0,District Totals,0.0,0.0,0.0,0.0,0.0,0.0,1.0,0.0,0.0,0.0,0.0,0.0,43.0,47.0,0.0,0.0,44.0,47.0,1.0,91.0,49,Morrison                                     , ,05 
21-22,484.0,1.0,PIERZ PUBLIC SCHOOL DISTRICT       ,30.0,HEALY SECONDARY                    ,0.0,0.0,0.0,0.0,0.0,0.0,1.0,0.0,0.0,0.0,0.0,0.0,41.0,46.0,0.0,0.0,42.0,46.0,1.0,88.0,49,Morrison                                     ,33,05 
21-22,484.0,1.0,PIERZ PUBLIC SCHOOL DISTRICT       ,40.0,PIERZ ALTERNATIVE PROGRAM          ,0.0,0.0,0.0,0.0,0.0,0.0,0.0,0.0,0.0,0.0,0.0,0.0,2.0,1.0,0.0,0.0,2.0,1.0,0.0,3.0,49,Morrison                                     ,42,05 
21-22,485.0,1.0,ROYALTON PUBLIC SCHOOL DISTRICT    ,0.0,District Totals,0.0,0.0,1.0,0.0,0.0,0.0,2.0,0.0,0.0,0.0,0.0,0.0,28.0,32.0,0.0,1.0,31.0,33.0,4.0,64.0,49,Morrison                                     , ,05 
21-22,485.0,1.0,ROYALTON PUBLIC SCHOOL DISTRICT    ,20.0,ROYALTON HIGH SCHOOL               ,0.0,0.0,1.0,0.0,0.0,0.0,2.0,0.0,0.0,0.0,0.0,0.0,28.0,32.0,0.0,1.0,31.0,33.0,4.0,64.0,49,Morrison                                     ,32,05 
21-22,486.0,1.0,SWANVILLE PUBLIC SCHOOL DISTRICT   ,0.0,District Totals,0.0,0.0,0.0,0.0,0.0,0.0,0.0,1.0,0.0,0.0,0.0,0.0,14.0,4.0,0.0,0.0,14.0,5.0,1.0,19.0,49,Morrison                                     , ,05 
21-22,486.0,1.0,SWANVILLE PUBLIC SCHOOL DISTRICT   ,20.0,SWANVILLE SECONDARY                ,0.0,0.0,0.0,0.0,0.0,0.0,0.0,1.0,0.0,0.0,0.0,0.0,13.0,4.0,0.0,0.0,13.0,5.0,1.0,18.0,49,Morrison                                     ,33,05 
21-22,486.0,1.0,SWANVILLE PUBLIC SCHOOL DISTRICT   ,30.0,MOLLY CREEK AREA LEARNING CENTER   ,0.0,0.0,0.0,0.0,0.0,0.0,0.0,0.0,0.0,0.0,0.0,0.0,1.0,0.0,0.0,0.0,1.0,0.0,0.0,1.0,49,Morrison                                     ,41,05 
21-22,487.0,1.0,UPSALA PUBLIC SCHOOL DISTRICT      ,0.0,District Totals,0.0,0.0,0.0,0.0,0.0,0.0,0.0,0.0,0.0,0.0,0.0,0.0,17.0,17.0,0.0,0.0,17.0,17.0,0.0,34.0,49,Morrison                                     , ,05 
21-22,487.0,1.0,UPSALA PUBLIC SCHOOL DISTRICT      ,20.0,UPSALA SECONDARY                   ,0.0,0.0,0.0,0.0,0.0,0.0,0.0,0.0,0.0,0.0,0.0,0.0,17.0,17.0,0.0,0.0,17.0,17.0,0.0,34.0,49,Morrison                                     ,33,05 
21-22,492.0,1.0,AUSTIN PUBLIC SCHOOL DISTRICT      ,0.0,District Totals,2.0,1.0,14.0,16.0,10.0,15.0,25.0,41.0,1.0,1.0,0.0,0.0,67.0,82.0,5.0,3.0,124.0,159.0,134.0,283.0,50,Mower                                        , ,10 
21-22,492.0,1.0,AUSTIN PUBLIC SCHOOL DISTRICT      ,145.0,AUSTIN AREA LEARNING CNTR. - SUMMER,0.0,0.0,0.0,0.0,0.0,0.0,0.0,2.0,0.0,0.0,0.0,0.0,0.0,1.0,0.0,0.0,0.0,3.0,2.0,3.0,50,Mower                                        ,41,10 
21-22,492.0,1.0,AUSTIN PUBLIC SCHOOL DISTRICT      ,150.0,AUSTIN AREA LEARNING CENTER        ,0.0,1.0,0.0,0.0,1.0,0.0,4.0,3.0,0.0,0.0,0.0,0.0,1.0,2.0,0.0,1.0,6.0,7.0,10.0,13.0,50,Mower                                        ,41,10 
21-22,492.0,1.0,AUSTIN PUBLIC SCHOOL DISTRICT      ,175.0,Austin Online Academy              ,0.0,0.0,0.0,1.0,0.0,2.0,0.0,3.0,0.0,0.0,0.0,0.0,2.0,6.0,0.0,1.0,2.0,13.0,7.0,15.0,50,Mower                                        ,46,10 
21-22,492.0,1.0,AUSTIN PUBLIC SCHOOL DISTRICT      ,200.0,AUSTIN SENIOR HIGH                 ,2.0,0.0,14.0,15.0,9.0,13.0,21.0,33.0,1.0,1.0,0.0,0.0,64.0,73.0,5.0,1.0,116.0,136.0,115.0,252.0,50,Mower                                        ,32,10 
21-22,495.0,1.0,GRAND MEADOW PUBLIC SCHOOL DISTRICT,0.0,District Totals,0.0,0.0,0.0,0.0,0.0,0.0,0.0,0.0,0.0,0.0,0.0,0.0,16.0,11.0,0.0,0.0,16.0,11.0,0.0,27.0,50,Mower                                        , ,10 
21-22,495.0,1.0,GRAND MEADOW PUBLIC SCHOOL DISTRICT,30.0,GRAND MEADOW SENIOR HIGH           ,0.0,0.0,0.0,0.0,0.0,0.0,0.0,0.0,0.0,0.0,0.0,0.0,16.0,11.0,0.0,0.0,16.0,11.0,0.0,27.0,50,Mower                                        ,32,10 
21-22,497.0,1.0,LYLE PUBLIC SCHOOL DISTRICT        ,0.0,District Totals,0.0,0.0,0.0,0.0,0.0,0.0,1.0,3.0,0.0,0.0,0.0,0.0,4.0,6.0,0.0,1.0,5.0,10.0,5.0,15.0,50,Mower                                        , ,10 
21-22,497.0,1.0,LYLE PUBLIC SCHOOL DISTRICT        ,20.0,LYLE SECONDARY                     ,0.0,0.0,0.0,0.0,0.0,0.0,1.0,3.0,0.0,0.0,0.0,0.0,4.0,6.0,0.0,1.0,5.0,10.0,5.0,15.0,50,Mower                                        ,33,10 
21-22,499.0,1.0,LEROY-OSTRANDER PUBLIC SCHOOLS     ,0.0,District Totals,0.0,0.0,0.0,0.0,0.0,0.0,1.0,0.0,0.0,0.0,0.0,0.0,5.0,7.0,0.0,0.0,6.0,7.0,1.0,13.0,50,Mower                                        , ,10 
21-22,499.0,1.0,LEROY-OSTRANDER PUBLIC SCHOOLS     ,30.0,LEROY SECONDARY                    ,0.0,0.0,0.0,0.0,0.0,0.0,1.0,0.0,0.0,0.0,0.0,0.0,5.0,7.0,0.0,0.0,6.0,7.0,1.0,13.0,50,Mower                                        ,33,10 
21-22,500.0,1.0,SOUTHLAND PUBLIC SCHOOL DISTRICT   ,0.0,District Totals,0.0,0.0,0.0,0.0,0.0,0.0,0.0,0.0,0.0,0.0,0.0,0.0,11.0,15.0,0.0,0.0,11.0,15.0,0.0,26.0,50,Mower                                        , ,10 
21-22,500.0,1.0,SOUTHLAND PUBLIC SCHOOL DISTRICT   ,40.0,SOUTHLAND SENIOR HIGH              ,0.0,0.0,0.0,0.0,0.0,0.0,0.0,0.0,0.0,0.0,0.0,0.0,11.0,15.0,0.0,0.0,11.0,15.0,0.0,26.0,50,Mower                                        ,32,10 
21-22,505.0,1.0,FULDA PUBLIC SCHOOL DISTRICT       ,0.0,District Totals,0.0,0.0,0.0,0.0,0.0,0.0,0.0,0.0,0.0,0.0,0.0,0.0,7.0,7.0,0.0,0.0,7.0,7.0,0.0,14.0,51,Murray                                       , ,08 
21-22,505.0,1.0,FULDA PUBLIC SCHOOL DISTRICT       ,20.0,FULDA SECONDARY                    ,0.0,0.0,0.0,0.0,0.0,0.0,0.0,0.0,0.0,0.0,0.0,0.0,7.0,7.0,0.0,0.0,7.0,7.0,0.0,14.0,51,Murray                                       ,33,08 
21-22,507.0,1.0,NICOLLET PUBLIC SCHOOL DISTRICT    ,0.0,District Totals,0.0,0.0,0.0,0.0,0.0,0.0,0.0,1.0,0.0,0.0,0.0,0.0,10.0,17.0,1.0,0.0,11.0,18.0,2.0,29.0,52,Nicollet                                     , ,09 
21-22,507.0,1.0,NICOLLET PUBLIC SCHOOL DISTRICT    ,20.0,Nicollet High School               ,0.0,0.0,0.0,0.0,0.0,0.0,0.0,1.0,0.0,0.0,0.0,0.0,10.0,17.0,1.0,0.0,11.0,18.0,2.0,29.0,52,Nicollet                                     ,33,09 
21-22,508.0,1.0,ST. PETER PUBLIC SCHOOL DISTRICT   ,0.0,District Totals,0.0,1.0,1.0,2.0,6.0,10.0,14.0,6.0,0.0,0.0,0.0,0.0,46.0,56.0,0.0,4.0,67.0,79.0,44.0,146.0,52,Nicollet                                     , ,09 
21-22,508.0,1.0,ST. PETER PUBLIC SCHOOL DISTRICT   ,20.0,ROCK BEND HS ALC                   ,0.0,0.0,0.0,0.0,0.0,1.0,5.0,1.0,0.0,0.0,0.0,0.0,4.0,2.0,0.0,0.0,9.0,4.0,7.0,13.0,52,Nicollet                                     ,41,09 
21-22,508.0,1.0,ST. PETER PUBLIC SCHOOL DISTRICT   ,40.0,St. Peter High School              ,0.0,1.0,1.0,2.0,5.0,9.0,8.0,5.0,0.0,0.0,0.0,0.0,38.0,54.0,0.0,4.0,52.0,75.0,35.0,127.0,52,Nicollet                                     ,32,09 
21-22,508.0,1.0,ST. PETER PUBLIC SCHOOL DISTRICT   ,45.0,ST. PETER ALC                      ,0.0,0.0,0.0,0.0,1.0,0.0,0.0,0.0,0.0,0.0,0.0,0.0,0.0,0.0,0.0,0.0,1.0,0.0,1.0,1.0,52,Nicollet                                     ,41,09 
21-22,508.0,1.0,ST. PETER PUBLIC SCHOOL DISTRICT   ,61.0,Oshawa Learning Academy            ,0.0,0.0,0.0,0.0,0.0,0.0,1.0,0.0,0.0,0.0,0.0,0.0,4.0,0.0,0.0,0.0,5.0,0.0,1.0,5.0,52,Nicollet                                     ,77,09 
21-22,511.0,1.0,ADRIAN PUBLIC SCHOOL DISTRICT      ,0.0,District Totals,0.0,0.0,0.0,0.0,0.0,0.0,3.0,6.0,0.0,0.0,0.0,0.0,10.0,14.0,1.0,0.0,14.0,20.0,10.0,34.0,53,Nobles                                       , ,08 
21-22,511.0,1.0,ADRIAN PUBLIC SCHOOL DISTRICT      ,20.0,ADRIAN SECONDARY                   ,0.0,0.0,0.0,0.0,0.0,0.0,3.0,6.0,0.0,0.0,0.0,0.0,10.0,14.0,1.0,0.0,14.0,20.0,10.0,34.0,53,Nobles                                       ,33,08 
21-22,514.0,1.0,ELLSWORTH PUBLIC SCHOOL DISTRICT   ,0.0,District Totals,0.0,0.0,0.0,0.0,0.0,0.0,0.0,0.0,0.0,0.0,0.0,0.0,5.0,6.0,0.0,0.0,5.0,6.0,0.0,11.0,53,Nobles                                       , ,08 
21-22,514.0,1.0,ELLSWORTH PUBLIC SCHOOL DISTRICT   ,20.0,ELLSWORTH SECONDARY                ,0.0,0.0,0.0,0.0,0.0,0.0,0.0,0.0,0.0,0.0,0.0,0.0,5.0,6.0,0.0,0.0,5.0,6.0,0.0,11.0,53,Nobles                                       ,33,08 
21-22,518.0,1.0,WORTHINGTON PUBLIC SCHOOL DISTRICT ,0.0,District Totals,2.0,0.0,9.0,9.0,9.0,9.0,70.0,58.0,1.0,0.0,0.0,0.0,35.0,39.0,3.0,5.0,129.0,120.0,175.0,249.0,53,Nobles                                       , ,08 
21-22,518.0,1.0,WORTHINGTON PUBLIC SCHOOL DISTRICT ,6.0,Learning Center                    ,2.0,0.0,5.0,4.0,3.0,1.0,27.0,19.0,0.0,0.0,0.0,0.0,4.0,2.0,0.0,0.0,41.0,26.0,61.0,67.0,53,Nobles                                       ,41,08 
21-22,518.0,1.0,WORTHINGTON PUBLIC SCHOOL DISTRICT ,8.0,WORTHINGTON SENIOR HIGH            ,0.0,0.0,4.0,5.0,6.0,8.0,43.0,38.0,1.0,0.0,0.0,0.0,30.0,37.0,3.0,5.0,87.0,93.0,113.0,180.0,53,Nobles                                       ,32,08 
21-22,518.0,1.0,WORTHINGTON PUBLIC SCHOOL DISTRICT ,20.0,518 Virtual Instruction Secondary  ,0.0,0.0,0.0,0.0,0.0,0.0,0.0,1.0,0.0,0.0,0.0,0.0,1.0,0.0,0.0,0.0,1.0,1.0,1.0,2.0,53,Nobles                                       ,46,08 
21-22,531.0,1.0,BYRON PUBLIC SCHOOL DISTRICT       ,0.0,District Totals,0.0,0.0,0.0,2.0,0.0,0.0,3.0,6.0,0.0,0.0,1.0,0.0,84.0,81.0,1.0,5.0,89.0,94.0,18.0,183.0,55,Olmsted                                      , ,10 
21-22,531.0,1.0,BYRON PUBLIC SCHOOL DISTRICT       ,20.0,BYRON SENIOR HIGH SCHOOL           ,0.0,0.0,0.0,2.0,0.0,0.0,3.0,6.0,0.0,0.0,1.0,0.0,84.0,81.0,1.0,5.0,89.0,94.0,18.0,183.0,55,Olmsted                                      ,32,10 
21-22,533.0,1.0,DOVER-EYOTA PUBLIC SCHOOL DISTRICT ,0.0,District Totals,0.0,0.0,0.0,0.0,0.0,0.0,2.0,0.0,0.0,0.0,0.0,0.0,38.0,40.0,0.0,4.0,40.0,44.0,6.0,84.0,55,Olmsted                                      , ,10 
21-22,533.0,1.0,DOVER-EYOTA PUBLIC SCHOOL DISTRICT ,30.0,DOVER-EYOTA HIGH SCHOOL            ,0.0,0.0,0.0,0.0,0.0,0.0,2.0,0.0,0.0,0.0,0.0,0.0,38.0,40.0,0.0,4.0,40.0,44.0,6.0,84.0,55,Olmsted                                      ,32,10 
21-22,534.0,1.0,STEWARTVILLE PUBLIC SCHOOL DISTRICT,0.0,District Totals,0.0,0.0,0.0,0.0,0.0,0.0,2.0,4.0,0.0,0.0,0.0,0.0,65.0,64.0,0.0,1.0,67.0,69.0,7.0,136.0,55,Olmsted                                      , ,10 
21-22,534.0,1.0,STEWARTVILLE PUBLIC SCHOOL DISTRICT,30.0,STEWARTVILLE SENIOR HIGH           ,0.0,0.0,0.0,0.0,0.0,0.0,2.0,4.0,0.0,0.0,0.0,0.0,65.0,64.0,0.0,1.0,67.0,69.0,7.0,136.0,55,Olmsted                                      ,32,10 
21-22,535.0,1.0,ROCHESTER PUBLIC SCHOOL DISTRICT   ,0.0,District Totals,4.0,7.0,64.0,56.0,113.0,115.0,68.0,72.0,0.0,1.0,0.0,0.0,417.0,369.0,37.0,30.0,703.0,650.0,567.0,1353.0,55,Olmsted                                      , ,10 
21-22,535.0,1.0,ROCHESTER PUBLIC SCHOOL DISTRICT   ,30.0,Project Search Mayo Clinic         ,0.0,0.0,0.0,0.0,0.0,0.0,0.0,0.0,0.0,0.0,0.0,0.0,4.0,1.0,0.0,0.0,4.0,1.0,0.0,5.0,55,Olmsted                                      ,50,10 
21-22,535.0,1.0,ROCHESTER PUBLIC SCHOOL DISTRICT   ,252.0,RPS Online High School             ,0.0,0.0,1.0,1.0,8.0,4.0,1.0,4.0,0.0,0.0,0.0,0.0,7.0,8.0,0.0,0.0,17.0,17.0,19.0,34.0,55,Olmsted                                      ,46,10 
21-22,535.0,1.0,ROCHESTER PUBLIC SCHOOL DISTRICT   ,305.0,CENTURY SENIOR HIGH                ,0.0,0.0,20.0,15.0,17.0,22.0,7.0,11.0,0.0,0.0,0.0,0.0,117.0,95.0,7.0,3.0,168.0,146.0,102.0,314.0,55,Olmsted                                      ,32,10 
21-22,535.0,1.0,ROCHESTER PUBLIC SCHOOL DISTRICT   ,306.0,Rochester Alternative Learning Cntr,1.0,3.0,4.0,3.0,27.0,20.0,22.0,17.0,0.0,0.0,0.0,0.0,36.0,33.0,4.0,6.0,94.0,82.0,107.0,176.0,55,Olmsted                                      ,41,10 
21-22,535.0,1.0,ROCHESTER PUBLIC SCHOOL DISTRICT   ,307.0,Rochester ALC Recovery Program     ,1.0,0.0,0.0,0.0,0.0,0.0,0.0,0.0,0.0,0.0,0.0,0.0,3.0,2.0,0.0,0.0,4.0,2.0,1.0,6.0,55,Olmsted                                      ,41,10 
21-22,535.0,1.0,ROCHESTER PUBLIC SCHOOL DISTRICT   ,310.0,JOHN MARSHALL SENIOR HIGH          ,0.0,1.0,20.0,19.0,31.0,38.0,10.0,10.0,0.0,0.0,0.0,0.0,85.0,88.0,13.0,10.0,159.0,166.0,152.0,325.0,55,Olmsted                                      ,32,10 
21-22,535.0,1.0,ROCHESTER PUBLIC SCHOOL DISTRICT   ,311.0,ALC SUMMER CREDIT RECOVERY         ,0.0,0.0,1.0,0.0,2.0,3.0,2.0,3.0,0.0,0.0,0.0,0.0,6.0,3.0,0.0,1.0,11.0,10.0,12.0,21.0,55,Olmsted                                      ,41,10 
21-22,535.0,1.0,ROCHESTER PUBLIC SCHOOL DISTRICT   ,315.0,Mayo Senior High                   ,1.0,3.0,18.0,17.0,25.0,26.0,23.0,26.0,0.0,1.0,0.0,0.0,143.0,133.0,11.0,8.0,221.0,214.0,159.0,435.0,55,Olmsted                                      ,32,10 
21-22,535.0,1.0,ROCHESTER PUBLIC SCHOOL DISTRICT   ,322.0,Rochester Academy-Idp Living(RAIL) ,0.0,0.0,0.0,1.0,2.0,0.0,2.0,1.0,0.0,0.0,0.0,0.0,11.0,3.0,1.0,0.0,16.0,5.0,7.0,21.0,55,Olmsted                                      ,50,10 
21-22,535.0,1.0,ROCHESTER PUBLIC SCHOOL DISTRICT   ,328.0,LEAP Launching Emerging Adults Prg ,1.0,0.0,0.0,0.0,0.0,0.0,0.0,0.0,0.0,0.0,0.0,0.0,3.0,1.0,0.0,1.0,4.0,2.0,2.0,6.0,55,Olmsted                                      ,50,10 
21-22,535.0,1.0,ROCHESTER PUBLIC SCHOOL DISTRICT   ,342.0,Rochester Phoenix Academy          ,0.0,0.0,0.0,0.0,1.0,2.0,1.0,0.0,0.0,0.0,0.0,0.0,2.0,2.0,1.0,1.0,5.0,5.0,6.0,10.0,55,Olmsted                                      ,50,10 
21-22,542.0,1.0,BATTLE LAKE PUBLIC SCHOOL DISTRICT ,0.0,District Totals,1.0,0.0,0.0,0.0,0.0,0.0,2.0,0.0,0.0,0.0,0.0,0.0,14.0,16.0,0.0,1.0,17.0,17.0,4.0,34.0,56,Otter Tail                                   , ,04 
21-22,542.0,1.0,BATTLE LAKE PUBLIC SCHOOL DISTRICT ,20.0,BATTLE LAKE SECONDARY              ,1.0,0.0,0.0,0.0,0.0,0.0,2.0,0.0,0.0,0.0,0.0,0.0,14.0,16.0,0.0,1.0,17.0,17.0,4.0,34.0,56,Otter Tail                                   ,33,04 
21-22,544.0,1.0,FERGUS FALLS PUBLIC SCHOOL DISTRICT,0.0,District Totals,5.0,4.0,0.0,2.0,1.0,3.0,1.0,5.0,0.0,0.0,0.0,0.0,80.0,95.0,4.0,4.0,91.0,113.0,29.0,204.0,56,Otter Tail                                   , ,04 
21-22,544.0,1.0,FERGUS FALLS PUBLIC SCHOOL DISTRICT,340.0,iQ Academy 9-12                    ,1.0,1.0,0.0,0.0,1.0,2.0,1.0,4.0,0.0,0.0,0.0,0.0,19.0,27.0,2.0,1.0,24.0,35.0,13.0,59.0,56,Otter Tail                                   ,46,04 
21-22,544.0,1.0,FERGUS FALLS PUBLIC SCHOOL DISTRICT,370.0,FERGUS FALLS AREA LEARNING CENTER  ,0.0,0.0,0.0,1.0,0.0,1.0,0.0,0.0,0.0,0.0,0.0,0.0,6.0,11.0,1.0,0.0,7.0,13.0,3.0,20.0,56,Otter Tail                                   ,41,04 
21-22,544.0,1.0,FERGUS FALLS PUBLIC SCHOOL DISTRICT,390.0,Kennedy High School                ,4.0,3.0,0.0,1.0,0.0,0.0,0.0,1.0,0.0,0.0,0.0,0.0,55.0,57.0,1.0,3.0,60.0,65.0,13.0,125.0,56,Otter Tail                                   ,32,04 
21-22,545.0,1.0,HENNING PUBLIC SCHOOL DISTRICT     ,0.0,District Totals,0.0,0.0,0.0,0.0,0.0,0.0,1.0,0.0,0.0,0.0,0.0,0.0,11.0,8.0,0.0,0.0,12.0,8.0,1.0,20.0,56,Otter Tail                                   , ,04 
21-22,545.0,1.0,HENNING PUBLIC SCHOOL DISTRICT     ,20.0,HENNING SECONDARY                  ,0.0,0.0,0.0,0.0,0.0,0.0,1.0,0.0,0.0,0.0,0.0,0.0,11.0,8.0,0.0,0.0,12.0,8.0,1.0,20.0,56,Otter Tail                                   ,33,04 
21-22,547.0,1.0,PARKERS PRAIRIE PUBLIC SCHOOL DIST.,0.0,District Totals,0.0,0.0,0.0,0.0,0.0,0.0,0.0,0.0,0.0,0.0,0.0,0.0,20.0,17.0,0.0,2.0,20.0,19.0,2.0,39.0,56,Otter Tail                                   , ,04 
21-22,547.0,1.0,PARKERS PRAIRIE PUBLIC SCHOOL DIST.,20.0,PARKERS PRAIRIE SECONDARY          ,0.0,0.0,0.0,0.0,0.0,0.0,0.0,0.0,0.0,0.0,0.0,0.0,20.0,17.0,0.0,2.0,20.0,19.0,2.0,39.0,56,Otter Tail                                   ,33,04 
21-22,548.0,1.0,Pelican Rapids Public Schools      ,0.0,District Totals,0.0,0.0,0.0,0.0,5.0,6.0,14.0,9.0,0.0,0.0,0.0,0.0,13.0,20.0,2.0,0.0,34.0,35.0,36.0,69.0,56,Otter Tail                                   , ,04 
21-22,548.0,1.0,Pelican Rapids Public Schools      ,20.0,PELICAN RAPIDS SECONDARY           ,0.0,0.0,0.0,0.0,4.0,6.0,14.0,9.0,0.0,0.0,0.0,0.0,13.0,20.0,2.0,0.0,33.0,35.0,35.0,68.0,56,Otter Tail                                   ,33,04 
21-22,548.0,1.0,Pelican Rapids Public Schools      ,50.0,PELICAN RAPIDS ALT LEARNING CENTER ,0.0,0.0,0.0,0.0,1.0,0.0,0.0,0.0,0.0,0.0,0.0,0.0,0.0,0.0,0.0,0.0,1.0,0.0,1.0,1.0,56,Otter Tail                                   ,41,04 
21-22,549.0,1.0,PERHAM-DENT PUBLIC SCHOOL DISTRICT ,0.0,District Totals,1.0,2.0,0.0,3.0,3.0,1.0,5.0,6.0,0.0,0.0,0.0,0.0,46.0,42.0,0.0,2.0,55.0,56.0,23.0,111.0,56,Otter Tail                                   , ,04 
21-22,549.0,1.0,PERHAM-DENT PUBLIC SCHOOL DISTRICT ,30.0,PERHAM SENIOR HIGH                 ,1.0,2.0,0.0,3.0,2.0,1.0,5.0,4.0,0.0,0.0,0.0,0.0,45.0,41.0,0.0,2.0,53.0,53.0,20.0,106.0,56,Otter Tail                                   ,32,04 
21-22,549.0,1.0,PERHAM-DENT PUBLIC SCHOOL DISTRICT ,80.0,PERHAM AREA LEARNING CENTER        ,0.0,0.0,0.0,0.0,1.0,0.0,0.0,2.0,0.0,0.0,0.0,0.0,1.0,1.0,0.0,0.0,2.0,3.0,3.0,5.0,56,Otter Tail                                   ,41,04 
21-22,550.0,1.0,UNDERWOOD PUBLIC SCHOOL DISTRICT   ,0.0,District Totals,0.0,0.0,1.0,0.0,0.0,0.0,0.0,0.0,0.0,0.0,0.0,0.0,16.0,21.0,0.0,0.0,17.0,21.0,1.0,38.0,56,Otter Tail                                   , ,04 
21-22,550.0,1.0,UNDERWOOD PUBLIC SCHOOL DISTRICT   ,20.0,UNDERWOOD SECONDARY                ,0.0,0.0,1.0,0.0,0.0,0.0,0.0,0.0,0.0,0.0,0.0,0.0,16.0,21.0,0.0,0.0,17.0,21.0,1.0,38.0,56,Otter Tail                                   ,33,04 
21-22,553.0,1.0,NEW YORK MILLS PUBLIC SCHOOL DIST. ,0.0,District Totals,1.0,0.0,0.0,0.0,0.0,1.0,0.0,0.0,0.0,0.0,0.0,0.0,23.0,17.0,0.0,0.0,24.0,18.0,2.0,42.0,56,Otter Tail                                   , ,04 
21-22,553.0,1.0,NEW YORK MILLS PUBLIC SCHOOL DIST. ,20.0,NEW YORK MILLS SECONDARY           ,1.0,0.0,0.0,0.0,0.0,1.0,0.0,0.0,0.0,0.0,0.0,0.0,23.0,17.0,0.0,0.0,24.0,18.0,2.0,42.0,56,Otter Tail                                   ,33,04 
21-22,561.0,1.0,GOODRIDGE PUBLIC SCHOOL DISTRICT   ,0.0,District Totals,1.0,0.0,0.0,0.0,0.0,0.0,1.0,0.0,0.0,0.0,0.0,0.0,3.0,4.0,0.0,0.0,5.0,4.0,2.0,9.0,57,Pennington                                   , ,01 
21-22,561.0,1.0,GOODRIDGE PUBLIC SCHOOL DISTRICT   ,20.0,GOODRIDGE SECONDARY                ,1.0,0.0,0.0,0.0,0.0,0.0,1.0,0.0,0.0,0.0,0.0,0.0,3.0,4.0,0.0,0.0,5.0,4.0,2.0,9.0,57,Pennington                                   ,33,01 
21-22,564.0,1.0,THIEF RIVER FALLS SCHOOL DISTRICT  ,0.0,District Totals,6.0,4.0,0.0,1.0,1.0,1.0,6.0,4.0,0.0,0.0,0.0,0.0,65.0,55.0,1.0,5.0,79.0,70.0,29.0,149.0,57,Pennington                                   , ,01 
21-22,564.0,1.0,THIEF RIVER FALLS SCHOOL DISTRICT  ,70.0,LINCOLN SENIOR HIGH                ,2.0,1.0,0.0,1.0,0.0,0.0,4.0,3.0,0.0,0.0,0.0,0.0,49.0,49.0,1.0,3.0,56.0,57.0,15.0,113.0,57,Pennington                                   ,32,01 
21-22,564.0,1.0,THIEF RIVER FALLS SCHOOL DISTRICT  ,75.0,NORTHWEST AREA LEARNING CENTER     ,4.0,3.0,0.0,0.0,1.0,1.0,2.0,1.0,0.0,0.0,0.0,0.0,16.0,6.0,0.0,2.0,23.0,13.0,14.0,36.0,57,Pennington                                   ,41,01 
21-22,577.0,1.0,WILLOW RIVER PUBLIC SCHOOL DISTRICT,0.0,District Totals,1.0,0.0,0.0,0.0,0.0,0.0,0.0,0.0,0.0,0.0,0.0,0.0,15.0,15.0,1.0,0.0,17.0,15.0,2.0,32.0,58,Pine                                         , ,07E
21-22,577.0,1.0,WILLOW RIVER PUBLIC SCHOOL DISTRICT,40.0,WILLOW RIVER SECONDARY             ,1.0,0.0,0.0,0.0,0.0,0.0,0.0,0.0,0.0,0.0,0.0,0.0,15.0,15.0,1.0,0.0,17.0,15.0,2.0,32.0,58,Pine                                         ,33,07E
21-22,578.0,1.0,PINE CITY PUBLIC SCHOOL DISTRICT   ,0.0,District Totals,0.0,2.0,0.0,1.0,0.0,0.0,3.0,3.0,0.0,0.0,0.0,0.0,55.0,47.0,0.0,1.0,58.0,54.0,10.0,112.0,58,Pine                                         , ,07E
21-22,578.0,1.0,PINE CITY PUBLIC SCHOOL DISTRICT   ,20.0,PINE CITY SECONDARY                ,0.0,1.0,0.0,1.0,0.0,0.0,3.0,2.0,0.0,0.0,0.0,0.0,48.0,35.0,0.0,1.0,51.0,40.0,8.0,91.0,58,Pine                                         ,33,07E
21-22,578.0,1.0,PINE CITY PUBLIC SCHOOL DISTRICT   ,692.0,PINE CITY AREA LEARNING CENTER     ,0.0,1.0,0.0,0.0,0.0,0.0,0.0,1.0,0.0,0.0,0.0,0.0,7.0,12.0,0.0,0.0,7.0,14.0,2.0,21.0,58,Pine                                         ,41,07E
21-22,581.0,1.0,EDGERTON PUBLIC SCHOOL DISTRICT    ,0.0,District Totals,0.0,0.0,0.0,0.0,1.0,0.0,1.0,3.0,0.0,0.0,0.0,0.0,7.0,15.0,0.0,0.0,9.0,18.0,5.0,27.0,59,Pipestone                                    , ,08 
21-22,581.0,1.0,EDGERTON PUBLIC SCHOOL DISTRICT    ,10.0,EDGERTON SECONDARY                 ,0.0,0.0,0.0,0.0,1.0,0.0,1.0,3.0,0.0,0.0,0.0,0.0,7.0,15.0,0.0,0.0,9.0,18.0,5.0,27.0,59,Pipestone                                    ,33,08 
21-22,592.0,1.0,CLIMAX-SHELLY PUBLIC SCHOOLS       ,0.0,District Totals,0.0,0.0,0.0,0.0,0.0,0.0,0.0,0.0,0.0,0.0,0.0,0.0,4.0,8.0,0.0,0.0,4.0,8.0,0.0,12.0,60,Polk                                         , ,01 
21-22,592.0,1.0,CLIMAX-SHELLY PUBLIC SCHOOLS       ,20.0,CLIMAX SECONDARY                   ,0.0,0.0,0.0,0.0,0.0,0.0,0.0,0.0,0.0,0.0,0.0,0.0,4.0,8.0,0.0,0.0,4.0,8.0,0.0,12.0,60,Polk                                         ,33,01 
21-22,593.0,1.0,CROOKSTON PUBLIC SCHOOL DISTRICT   ,0.0,District Totals,4.0,3.0,1.0,0.0,0.0,0.0,5.0,6.0,0.0,0.0,0.0,0.0,29.0,31.0,0.0,3.0,39.0,43.0,22.0,82.0,60,Polk                                         , ,01 
21-22,593.0,1.0,CROOKSTON PUBLIC SCHOOL DISTRICT   ,20.0,New Paths Alternative Learning Prgm,1.0,0.0,0.0,0.0,0.0,0.0,0.0,2.0,0.0,0.0,0.0,0.0,2.0,2.0,0.0,0.0,3.0,4.0,3.0,7.0,60,Polk                                         ,42,01 
21-22,593.0,1.0,CROOKSTON PUBLIC SCHOOL DISTRICT   ,90.0,CROOKSTON SECONDARY                ,3.0,3.0,1.0,0.0,0.0,0.0,5.0,4.0,0.0,0.0,0.0,0.0,27.0,29.0,0.0,3.0,36.0,39.0,19.0,75.0,60,Polk                                         ,33,01 
21-22,595.0,1.0,EAST GRAND FORKS PUBLIC SCHOOL DIST,0.0,District Totals,0.0,3.0,0.0,0.0,3.0,8.0,4.0,7.0,0.0,0.0,0.0,0.0,50.0,51.0,0.0,3.0,57.0,72.0,28.0,129.0,60,Polk                                         , ,01 
21-22,595.0,1.0,EAST GRAND FORKS PUBLIC SCHOOL DIST,320.0,EAST GRAND FORKS SENIOR HIGH       ,0.0,3.0,0.0,0.0,3.0,8.0,4.0,7.0,0.0,0.0,0.0,0.0,50.0,51.0,0.0,3.0,57.0,72.0,28.0,129.0,60,Polk                                         ,32,01 
21-22,599.0,1.0,FERTILE-BELTRAMI SCHOOL DISTRICT   ,0.0,District Totals,1.0,0.0,0.0,0.0,0.0,1.0,0.0,0.0,0.0,0.0,0.0,0.0,16.0,22.0,0.0,0.0,17.0,23.0,2.0,40.0,60,Polk                                         , ,01 
21-22,599.0,1.0,FERTILE-BELTRAMI SCHOOL DISTRICT   ,20.0,FERTILE-BELTRAMI SECONDARY         ,1.0,0.0,0.0,0.0,0.0,1.0,0.0,0.0,0.0,0.0,0.0,0.0,16.0,22.0,0.0,0.0,17.0,23.0,2.0,40.0,60,Polk                                         ,33,01 
21-22,600.0,1.0,FISHER PUBLIC SCHOOL DISTRICT      ,0.0,District Totals,0.0,0.0,0.0,0.0,1.0,0.0,1.0,1.0,0.0,0.0,0.0,0.0,12.0,7.0,0.0,0.0,14.0,8.0,3.0,22.0,60,Polk                                         , ,01 
21-22,600.0,1.0,FISHER PUBLIC SCHOOL DISTRICT      ,2.0,FISHER SECONDARY                   ,0.0,0.0,0.0,0.0,1.0,0.0,1.0,1.0,0.0,0.0,0.0,0.0,12.0,7.0,0.0,0.0,14.0,8.0,3.0,22.0,60,Polk                                         ,33,01 
21-22,601.0,1.0,FOSSTON PUBLIC SCHOOL DISTRICT     ,0.0,District Totals,2.0,4.0,0.0,0.0,0.0,0.0,0.0,0.0,0.0,0.0,0.0,0.0,21.0,15.0,0.0,0.0,23.0,19.0,6.0,42.0,60,Polk                                         , ,01 
21-22,601.0,1.0,FOSSTON PUBLIC SCHOOL DISTRICT     ,20.0,FOSSTON SECONDARY                  ,2.0,4.0,0.0,0.0,0.0,0.0,0.0,0.0,0.0,0.0,0.0,0.0,21.0,15.0,0.0,0.0,23.0,19.0,6.0,42.0,60,Polk                                         ,33,01 
21-22,621.0,1.0,MOUNDS VIEW PUBLIC SCHOOL DISTRICT ,0.0,District Totals,4.0,6.0,54.0,53.0,44.0,53.0,60.0,55.0,0.0,0.0,0.0,0.0,265.0,284.0,24.0,32.0,451.0,483.0,385.0,934.0,62,Ramsey                                       , ,11 
21-22,621.0,1.0,MOUNDS VIEW PUBLIC SCHOOL DISTRICT ,58.0,HIGH SCHOOL SUMMER PROGRAM         ,0.0,0.0,1.0,0.0,0.0,0.0,1.0,1.0,0.0,0.0,0.0,0.0,0.0,1.0,0.0,0.0,2.0,2.0,3.0,4.0,62,Ramsey                                       ,41,11 
21-22,621.0,1.0,MOUNDS VIEW PUBLIC SCHOOL DISTRICT ,59.0,Mounds View Adult Education        ,0.0,0.0,0.0,0.0,0.0,0.0,0.0,1.0,0.0,0.0,0.0,0.0,0.0,1.0,0.0,1.0,0.0,3.0,2.0,3.0,62,Ramsey                                       ,42,11 
21-22,621.0,1.0,MOUNDS VIEW PUBLIC SCHOOL DISTRICT ,60.0,MOUNDS VIEW ALC                    ,1.0,2.0,2.0,0.0,4.0,3.0,4.0,10.0,0.0,0.0,0.0,0.0,12.0,11.0,4.0,4.0,27.0,30.0,34.0,57.0,62,Ramsey                                       ,41,11 
21-22,621.0,1.0,MOUNDS VIEW PUBLIC SCHOOL DISTRICT ,61.0,Career and Life Trans Prg Tin Lake ,0.0,0.0,1.0,1.0,1.0,1.0,1.0,1.0,0.0,0.0,0.0,0.0,6.0,1.0,1.0,1.0,10.0,5.0,8.0,15.0,62,Ramsey                                       ,50,11 
21-22,621.0,1.0,MOUNDS VIEW PUBLIC SCHOOL DISTRICT ,64.0,MOUNDS VIEW SENIOR HIGH            ,1.0,1.0,27.0,30.0,7.0,10.0,12.0,16.0,0.0,0.0,0.0,0.0,141.0,150.0,11.0,15.0,199.0,222.0,130.0,421.0,62,Ramsey                                       ,32,11 
21-22,621.0,1.0,MOUNDS VIEW PUBLIC SCHOOL DISTRICT ,65.0,IRONDALE SENIOR HIGH               ,2.0,3.0,23.0,22.0,29.0,39.0,41.0,26.0,0.0,0.0,0.0,0.0,102.0,115.0,8.0,11.0,205.0,216.0,204.0,421.0,62,Ramsey                                       ,32,11 
21-22,621.0,1.0,MOUNDS VIEW PUBLIC SCHOOL DISTRICT ,68.0,Reach Transition                   ,0.0,0.0,0.0,0.0,3.0,0.0,1.0,0.0,0.0,0.0,0.0,0.0,2.0,1.0,0.0,0.0,6.0,1.0,4.0,7.0,62,Ramsey                                       ,50,11 
21-22,621.0,1.0,MOUNDS VIEW PUBLIC SCHOOL DISTRICT ,71.0,Career and Life Transition Program ,0.0,0.0,0.0,0.0,0.0,0.0,0.0,0.0,0.0,0.0,0.0,0.0,2.0,4.0,0.0,0.0,2.0,4.0,0.0,6.0,62,Ramsey                                       ,50,11 
21-22,622.0,1.0,North St. Paul-Maplewood Oakdale   ,0.0,District Totals,5.0,2.0,86.0,101.0,58.0,66.0,50.0,58.0,0.0,1.0,0.0,0.0,132.0,112.0,26.0,20.0,357.0,360.0,473.0,717.0,62,Ramsey                                       , ,11 
21-22,622.0,1.0,North St. Paul-Maplewood Oakdale   ,41.0,Harmony Learning Center            ,0.0,0.0,0.0,0.0,1.0,0.0,0.0,0.0,0.0,0.0,0.0,0.0,0.0,0.0,0.0,0.0,1.0,0.0,1.0,1.0,62,Ramsey                                       ,50,11 
21-22,622.0,1.0,North St. Paul-Maplewood Oakdale   ,43.0,The Next Step                      ,1.0,0.0,4.0,1.0,5.0,6.0,4.0,4.0,0.0,0.0,0.0,0.0,9.0,4.0,1.0,1.0,24.0,16.0,27.0,40.0,62,Ramsey                                       ,50,11 
21-22,622.0,1.0,North St. Paul-Maplewood Oakdale   ,49.0,622 Online High School             ,0.0,0.0,1.0,7.0,1.0,2.0,0.0,2.0,0.0,0.0,0.0,0.0,6.0,6.0,0.0,3.0,8.0,20.0,16.0,28.0,62,Ramsey                                       ,46,11 
21-22,622.0,1.0,North St. Paul-Maplewood Oakdale   ,57.0,NORTH SENIOR HIGH                  ,3.0,0.0,50.0,49.0,22.0,20.0,19.0,25.0,0.0,0.0,0.0,0.0,46.0,46.0,10.0,9.0,150.0,149.0,207.0,299.0,62,Ramsey                                       ,32,11 
21-22,622.0,1.0,North St. Paul-Maplewood Oakdale   ,58.0,TARTAN SENIOR HIGH                 ,1.0,2.0,31.0,44.0,29.0,38.0,27.0,27.0,0.0,1.0,0.0,0.0,71.0,56.0,15.0,7.0,174.0,175.0,222.0,349.0,62,Ramsey                                       ,32,11 
21-22,623.0,1.0,ROSEVILLE PUBLIC SCHOOL DISTRICT   ,0.0,District Totals,3.0,5.0,51.0,47.0,48.0,43.0,35.0,41.0,0.0,0.0,0.0,0.0,130.0,127.0,13.0,7.0,280.0,270.0,293.0,550.0,62,Ramsey                                       , ,11 
21-22,623.0,1.0,ROSEVILLE PUBLIC SCHOOL DISTRICT   ,69.0,ROSEVILLE AREA SENIOR HIGH         ,3.0,3.0,48.0,43.0,42.0,39.0,28.0,37.0,0.0,0.0,0.0,0.0,127.0,126.0,13.0,7.0,261.0,255.0,263.0,516.0,62,Ramsey                                       ,32,11 
21-22,623.0,1.0,ROSEVILLE PUBLIC SCHOOL DISTRICT   ,615.0,FAIRVIEW ALTERNATIVE HIGH SCHOOL   ,0.0,2.0,3.0,4.0,6.0,4.0,7.0,4.0,0.0,0.0,0.0,0.0,3.0,1.0,0.0,0.0,19.0,15.0,30.0,34.0,62,Ramsey                                       ,41,11 
21-22,624.0,1.0,WHITE BEAR LAKE SCHOOL DISTRICT    ,0.0,District Totals,5.0,3.0,21.0,13.0,15.0,13.0,21.0,20.0,0.0,1.0,0.0,0.0,205.0,203.0,12.0,15.0,279.0,268.0,139.0,547.0,62,Ramsey                                       , ,11 
21-22,624.0,1.0,WHITE BEAR LAKE SCHOOL DISTRICT    ,55.0,WHITE BEAR NORTH CAMPUS SENIOR     ,0.0,0.0,1.0,0.0,0.0,0.0,0.0,0.0,0.0,0.0,0.0,0.0,0.0,0.0,0.0,0.0,1.0,0.0,1.0,1.0,62,Ramsey                                       ,32,11 
21-22,624.0,1.0,WHITE BEAR LAKE SCHOOL DISTRICT    ,95.0,WHITE BEAR SOUTH CAMPUS SENIOR     ,4.0,2.0,17.0,11.0,11.0,11.0,14.0,12.0,0.0,1.0,0.0,0.0,163.0,159.0,11.0,9.0,220.0,205.0,103.0,425.0,62,Ramsey                                       ,32,11 
21-22,624.0,1.0,WHITE BEAR LAKE SCHOOL DISTRICT    ,99.0,Distance Learning Academy - H      ,0.0,0.0,0.0,0.0,1.0,0.0,0.0,1.0,0.0,0.0,0.0,0.0,4.0,3.0,0.0,0.0,5.0,4.0,2.0,9.0,62,Ramsey                                       ,32,11 
21-22,624.0,1.0,WHITE BEAR LAKE SCHOOL DISTRICT    ,837.0,WHITE BEAR AREA LEARNING CENTER    ,0.0,1.0,2.0,1.0,1.0,2.0,4.0,6.0,0.0,0.0,0.0,0.0,25.0,28.0,0.0,4.0,32.0,42.0,21.0,74.0,62,Ramsey                                       ,41,11 
21-22,624.0,1.0,WHITE BEAR LAKE SCHOOL DISTRICT    ,839.0,WHITE BEAR TRANSITION PLUS PROGRAM ,1.0,0.0,1.0,1.0,1.0,0.0,2.0,1.0,0.0,0.0,0.0,0.0,8.0,7.0,0.0,2.0,13.0,11.0,9.0,24.0,62,Ramsey                                       ,50,11 
21-22,624.0,1.0,WHITE BEAR LAKE SCHOOL DISTRICT    ,840.0,AREA LEARNING CENTER SUMMER        ,0.0,0.0,0.0,0.0,1.0,0.0,1.0,0.0,0.0,0.0,0.0,0.0,5.0,6.0,1.0,0.0,8.0,6.0,3.0,14.0,62,Ramsey                                       ,41,11 
21-22,625.0,1.0,ST. PAUL PUBLIC SCHOOL DISTRICT    ,0.0,District Totals,20.0,30.0,435.0,440.0,273.0,262.0,148.0,135.0,0.0,0.0,0.0,0.0,234.0,224.0,45.0,50.0,1155.0,1141.0,1838.0,2296.0,62,Ramsey                                       , ,11 
21-22,625.0,1.0,ST. PAUL PUBLIC SCHOOL DISTRICT    ,6.0,A. G. A. P. E. TEEN PARENT         ,0.0,1.0,0.0,4.0,0.0,3.0,0.0,5.0,0.0,0.0,0.0,0.0,0.0,0.0,0.0,1.0,0.0,14.0,14.0,14.0,62,Ramsey                                       ,71,11 
21-22,625.0,1.0,ST. PAUL PUBLIC SCHOOL DISTRICT    ,200.0,Saint Paul Online High School      ,1.0,1.0,5.0,13.0,2.0,5.0,1.0,3.0,0.0,0.0,0.0,0.0,4.0,5.0,1.0,0.0,14.0,27.0,32.0,41.0,62,Ramsey                                       ,46,11 
21-22,625.0,1.0,ST. PAUL PUBLIC SCHOOL DISTRICT    ,210.0,CENTRAL SENIOR HIGH                ,0.0,1.0,27.0,26.0,47.0,42.0,15.0,10.0,0.0,0.0,0.0,0.0,83.0,106.0,8.0,13.0,180.0,198.0,189.0,378.0,62,Ramsey                                       ,32,11 
21-22,625.0,1.0,ST. PAUL PUBLIC SCHOOL DISTRICT    ,211.0,Creative Arts Secondary School     ,0.0,1.0,2.0,0.0,1.0,7.0,2.0,0.0,0.0,0.0,0.0,0.0,3.0,2.0,0.0,2.0,8.0,12.0,15.0,20.0,62,Ramsey                                       ,33,11 
21-22,625.0,1.0,ST. PAUL PUBLIC SCHOOL DISTRICT    ,212.0,COMO PARK SENIOR HIGH              ,4.0,3.0,39.0,36.0,34.0,37.0,5.0,8.0,0.0,0.0,0.0,0.0,25.0,15.0,3.0,4.0,110.0,103.0,173.0,213.0,62,Ramsey                                       ,32,11 
21-22,625.0,1.0,ST. PAUL PUBLIC SCHOOL DISTRICT    ,215.0,HARDING SENIOR HIGH                ,2.0,7.0,92.0,105.0,27.0,24.0,14.0,17.0,0.0,0.0,0.0,0.0,3.0,7.0,4.0,6.0,142.0,166.0,298.0,308.0,62,Ramsey                                       ,32,11 
21-22,625.0,1.0,ST. PAUL PUBLIC SCHOOL DISTRICT    ,220.0,HIGHLAND PARK SENIOR HIGH          ,0.0,2.0,15.0,26.0,31.0,39.0,28.0,30.0,0.0,0.0,0.0,0.0,41.0,45.0,14.0,9.0,129.0,151.0,194.0,280.0,62,Ramsey                                       ,32,11 
21-22,625.0,1.0,ST. PAUL PUBLIC SCHOOL DISTRICT    ,225.0,HUMBOLDT HIGH SCHOOL               ,0.0,3.0,30.0,27.0,12.0,14.0,10.0,9.0,0.0,0.0,0.0,0.0,4.0,0.0,2.0,2.0,58.0,55.0,109.0,113.0,62,Ramsey                                       ,33,11 
21-22,625.0,1.0,ST. PAUL PUBLIC SCHOOL DISTRICT    ,230.0,JOHNSON SENIOR HIGH                ,1.0,2.0,57.0,65.0,20.0,11.0,16.0,8.0,0.0,0.0,0.0,0.0,14.0,2.0,3.0,3.0,111.0,91.0,186.0,202.0,62,Ramsey                                       ,32,11 
21-22,625.0,1.0,ST. PAUL PUBLIC SCHOOL DISTRICT    ,250.0,OPEN WORLD LEARNING SECONDARY      ,1.0,0.0,3.0,2.0,1.0,1.0,3.0,0.0,0.0,0.0,0.0,0.0,14.0,12.0,1.0,1.0,23.0,16.0,13.0,39.0,62,Ramsey                                       ,33,11 
21-22,625.0,1.0,ST. PAUL PUBLIC SCHOOL DISTRICT    ,252.0,WASHINGTON TECH SECONDARY MAGNET   ,3.0,1.0,67.0,56.0,16.0,18.0,6.0,10.0,0.0,0.0,0.0,0.0,5.0,1.0,2.0,4.0,99.0,90.0,183.0,189.0,62,Ramsey                                       ,33,11 
21-22,625.0,1.0,ST. PAUL PUBLIC SCHOOL DISTRICT    ,430.0,BRIDGE VIEW SPECIAL EDUCATION      ,0.0,0.0,0.0,0.0,0.0,1.0,0.0,0.0,0.0,0.0,0.0,0.0,0.0,0.0,0.0,0.0,0.0,1.0,1.0,1.0,62,Ramsey                                       ,50,11 
21-22,625.0,1.0,ST. PAUL PUBLIC SCHOOL DISTRICT    ,608.0,FOCUS BEYOND                       ,1.0,1.0,19.0,10.0,18.0,10.0,10.0,5.0,0.0,0.0,0.0,0.0,17.0,10.0,2.0,0.0,67.0,36.0,76.0,103.0,62,Ramsey                                       ,50,11 
21-22,625.0,1.0,ST. PAUL PUBLIC SCHOOL DISTRICT    ,695.0,JOURNEYS SECONDARY SCHOOL          ,0.0,1.0,4.0,0.0,5.0,11.0,5.0,0.0,0.0,0.0,0.0,0.0,1.0,4.0,1.0,0.0,16.0,16.0,27.0,32.0,62,Ramsey                                       ,50,11 
21-22,625.0,1.0,ST. PAUL PUBLIC SCHOOL DISTRICT    ,710.0,GORDON PARKS HIGH SCHOOL           ,2.0,2.0,11.0,8.0,22.0,9.0,7.0,10.0,0.0,0.0,0.0,0.0,3.0,4.0,0.0,2.0,45.0,35.0,73.0,80.0,62,Ramsey                                       ,41,11 
21-22,625.0,1.0,ST. PAUL PUBLIC SCHOOL DISTRICT    ,718.0,ALC Gateway to College             ,0.0,1.0,3.0,9.0,9.0,11.0,3.0,3.0,0.0,0.0,0.0,0.0,2.0,4.0,2.0,2.0,19.0,30.0,43.0,49.0,62,Ramsey                                       ,41,11 
21-22,625.0,1.0,ST. PAUL PUBLIC SCHOOL DISTRICT    ,723.0,LEAP HIGH SCHOOL                   ,0.0,0.0,2.0,3.0,4.0,0.0,5.0,1.0,0.0,0.0,0.0,0.0,0.0,0.0,0.0,0.0,11.0,4.0,15.0,15.0,62,Ramsey                                       ,41,11 
21-22,625.0,1.0,ST. PAUL PUBLIC SCHOOL DISTRICT    ,732.0,ALC Online School                  ,1.0,0.0,7.0,11.0,3.0,2.0,1.0,4.0,0.0,0.0,0.0,0.0,6.0,2.0,0.0,0.0,18.0,19.0,29.0,37.0,62,Ramsey                                       ,41,11 
21-22,625.0,1.0,ST. PAUL PUBLIC SCHOOL DISTRICT    ,795.0,Gordon Parks HS Summer             ,3.0,3.0,44.0,36.0,19.0,13.0,13.0,8.0,0.0,0.0,0.0,0.0,8.0,4.0,2.0,1.0,89.0,65.0,142.0,154.0,62,Ramsey                                       ,41,11 
21-22,625.0,1.0,ST. PAUL PUBLIC SCHOOL DISTRICT    ,796.0,LEAP HS Summer                     ,0.0,0.0,0.0,1.0,0.0,0.0,0.0,0.0,0.0,0.0,0.0,0.0,0.0,0.0,0.0,0.0,0.0,1.0,1.0,1.0,62,Ramsey                                       ,41,11 
21-22,625.0,1.0,ST. PAUL PUBLIC SCHOOL DISTRICT    ,841.0,GUADALUPE ALTERNATIVE PROGRAMS     ,1.0,0.0,8.0,2.0,2.0,4.0,4.0,4.0,0.0,0.0,0.0,0.0,1.0,1.0,0.0,0.0,16.0,11.0,25.0,27.0,62,Ramsey                                       ,43,11 
21-22,630.0,1.0,RED LAKE FALLS PUBLIC SCHOOL DIST. ,0.0,District Totals,0.0,0.0,0.0,0.0,0.0,0.0,0.0,0.0,0.0,0.0,0.0,0.0,8.0,16.0,0.0,0.0,8.0,16.0,0.0,24.0,63,Red Lake                                     , ,01 
21-22,630.0,1.0,RED LAKE FALLS PUBLIC SCHOOL DIST. ,20.0,LAFAYETTE SECONDARY                ,0.0,0.0,0.0,0.0,0.0,0.0,0.0,0.0,0.0,0.0,0.0,0.0,8.0,16.0,0.0,0.0,8.0,16.0,0.0,24.0,63,Red Lake                                     ,33,01 
21-22,640.0,1.0,WABASSO PUBLIC SCHOOL DISTRICT     ,0.0,District Totals,0.0,0.0,0.0,1.0,0.0,0.0,0.0,3.0,0.0,0.0,0.0,0.0,18.0,16.0,0.0,0.0,18.0,20.0,4.0,38.0,64,Redwood                                      , ,08 
21-22,640.0,1.0,WABASSO PUBLIC SCHOOL DISTRICT     ,20.0,WABASSO SECONDARY                  ,0.0,0.0,0.0,1.0,0.0,0.0,0.0,3.0,0.0,0.0,0.0,0.0,18.0,16.0,0.0,0.0,18.0,20.0,4.0,38.0,64,Redwood                                      ,33,08 
21-22,656.0,1.0,FARIBAULT PUBLIC SCHOOL DISTRICT   ,0.0,District Totals,0.0,0.0,3.0,3.0,27.0,22.0,28.0,18.0,0.0,0.0,0.0,0.0,72.0,64.0,2.0,0.0,132.0,107.0,103.0,239.0,66,Rice                                         , ,10 
21-22,656.0,1.0,FARIBAULT PUBLIC SCHOOL DISTRICT   ,80.0,FARIBAULT SENIOR HIGH              ,0.0,0.0,2.0,3.0,15.0,15.0,17.0,16.0,0.0,0.0,0.0,0.0,56.0,56.0,2.0,0.0,92.0,90.0,70.0,182.0,66,Rice                                         ,32,10 
21-22,656.0,1.0,FARIBAULT PUBLIC SCHOOL DISTRICT   ,81.0,FARIBAULT AREA LEARNING CENTER     ,0.0,0.0,0.0,0.0,7.0,2.0,11.0,0.0,0.0,0.0,0.0,0.0,9.0,4.0,0.0,0.0,27.0,6.0,20.0,33.0,66,Rice                                         ,41,10 
21-22,656.0,1.0,FARIBAULT PUBLIC SCHOOL DISTRICT   ,82.0,SECONDARY AREA LEARNING CNTR SUMMER,0.0,0.0,1.0,0.0,0.0,0.0,0.0,0.0,0.0,0.0,0.0,0.0,1.0,2.0,0.0,0.0,2.0,2.0,1.0,4.0,66,Rice                                         ,41,10 
21-22,656.0,1.0,FARIBAULT PUBLIC SCHOOL DISTRICT   ,910.0,Falcons Online Academy-HS          ,0.0,0.0,0.0,0.0,5.0,5.0,0.0,2.0,0.0,0.0,0.0,0.0,6.0,2.0,0.0,0.0,11.0,9.0,12.0,20.0,66,Rice                                         ,32,10 
21-22,659.0,1.0,NORTHFIELD PUBLIC SCHOOL DISTRICT  ,0.0,District Totals,0.0,1.0,1.0,3.0,7.0,8.0,19.0,25.0,0.0,0.0,0.0,0.0,128.0,130.0,3.0,6.0,158.0,173.0,73.0,331.0,66,Rice                                         , ,10 
21-22,659.0,1.0,NORTHFIELD PUBLIC SCHOOL DISTRICT  ,1.0,NORTHFIELD SENIOR HIGH             ,0.0,1.0,0.0,3.0,4.0,5.0,16.0,20.0,0.0,0.0,0.0,0.0,117.0,108.0,2.0,6.0,139.0,143.0,57.0,282.0,66,Rice                                         ,32,10 
21-22,659.0,1.0,NORTHFIELD PUBLIC SCHOOL DISTRICT  ,17.0,Northfield Portage High School     ,0.0,0.0,1.0,0.0,0.0,0.0,1.0,2.0,0.0,0.0,0.0,0.0,8.0,12.0,1.0,0.0,11.0,14.0,5.0,25.0,66,Rice                                         ,46,10 
21-22,659.0,1.0,NORTHFIELD PUBLIC SCHOOL DISTRICT  ,85.0,NORTHFIELD AREA LEARNING CENTER    ,0.0,0.0,0.0,0.0,3.0,3.0,2.0,3.0,0.0,0.0,0.0,0.0,3.0,10.0,0.0,0.0,8.0,16.0,11.0,24.0,66,Rice                                         ,41,10 
21-22,671.0,1.0,HILLS-BEAVER CREEK SCHOOL DISTRICT ,0.0,District Totals,0.0,0.0,0.0,0.0,0.0,0.0,0.0,0.0,0.0,0.0,0.0,0.0,26.0,12.0,0.0,0.0,26.0,12.0,0.0,38.0,67,Rock                                         , ,08 
21-22,671.0,1.0,HILLS-BEAVER CREEK SCHOOL DISTRICT ,20.0,HILLS-BEAVER CREEK SECONDARY       ,0.0,0.0,0.0,0.0,0.0,0.0,0.0,0.0,0.0,0.0,0.0,0.0,26.0,12.0,0.0,0.0,26.0,12.0,0.0,38.0,67,Rock                                         ,33,08 
21-22,676.0,1.0,BADGER PUBLIC SCHOOL DISTRICT      ,0.0,District Totals,1.0,0.0,0.0,1.0,0.0,0.0,0.0,2.0,0.0,0.0,0.0,0.0,4.0,11.0,0.0,0.0,5.0,14.0,4.0,19.0,68,Roseau                                       , ,01 
21-22,676.0,1.0,BADGER PUBLIC SCHOOL DISTRICT      ,20.0,BADGER SECONDARY                   ,1.0,0.0,0.0,1.0,0.0,0.0,0.0,2.0,0.0,0.0,0.0,0.0,4.0,11.0,0.0,0.0,5.0,14.0,4.0,19.0,68,Roseau                                       ,33,01 
21-22,682.0,1.0,ROSEAU PUBLIC SCHOOL DISTRICT      ,0.0,District Totals,2.0,1.0,0.0,0.0,0.0,3.0,1.0,1.0,0.0,0.0,0.0,0.0,52.0,34.0,1.0,0.0,56.0,39.0,9.0,95.0,68,Roseau                                       , ,01 
21-22,682.0,1.0,ROSEAU PUBLIC SCHOOL DISTRICT      ,20.0,ROSEAU SECONDARY                   ,2.0,1.0,0.0,0.0,0.0,3.0,1.0,1.0,0.0,0.0,0.0,0.0,52.0,34.0,1.0,0.0,56.0,39.0,9.0,95.0,68,Roseau                                       ,33,01 
21-22,690.0,1.0,WARROAD PUBLIC SCHOOL DISTRICT     ,0.0,District Totals,2.0,4.0,0.0,3.0,1.0,0.0,0.0,2.0,0.0,0.0,0.0,0.0,26.0,22.0,0.0,2.0,29.0,33.0,14.0,62.0,68,Roseau                                       , ,01 
21-22,690.0,1.0,WARROAD PUBLIC SCHOOL DISTRICT     ,30.0,WARROAD HIGH SCHOOL                ,2.0,4.0,0.0,3.0,1.0,0.0,0.0,2.0,0.0,0.0,0.0,0.0,26.0,22.0,0.0,2.0,29.0,33.0,14.0,62.0,68,Roseau                                       ,33,01 
21-22,695.0,1.0,CHISHOLM PUBLIC SCHOOL DISTRICT    ,0.0,District Totals,0.0,4.0,0.0,0.0,1.0,0.0,0.0,0.0,0.0,0.0,0.0,0.0,14.0,18.0,0.0,0.0,15.0,22.0,5.0,37.0,69,St. Louis                                    , ,03 
21-22,695.0,1.0,CHISHOLM PUBLIC SCHOOL DISTRICT    ,302.0,CHISHOLM SECONDARY                 ,0.0,4.0,0.0,0.0,1.0,0.0,0.0,0.0,0.0,0.0,0.0,0.0,14.0,18.0,0.0,0.0,15.0,22.0,5.0,37.0,69,St. Louis                                    ,33,03 
21-22,696.0,1.0,ELY PUBLIC SCHOOL DISTRICT         ,0.0,District Totals,2.0,2.0,0.0,0.0,0.0,0.0,0.0,0.0,0.0,0.0,0.0,0.0,13.0,12.0,0.0,0.0,15.0,14.0,4.0,29.0,69,St. Louis                                    , ,03 
21-22,696.0,1.0,ELY PUBLIC SCHOOL DISTRICT         ,3.0,MEMORIAL HIGH SCHOOL               ,2.0,2.0,0.0,0.0,0.0,0.0,0.0,0.0,0.0,0.0,0.0,0.0,13.0,12.0,0.0,0.0,15.0,14.0,4.0,29.0,69,St. Louis                                    ,32,03 
21-22,698.0,1.0,FLOODWOOD PUBLIC SCHOOL DISTRICT   ,0.0,District Totals,0.0,1.0,0.0,0.0,0.0,0.0,0.0,0.0,0.0,0.0,0.0,0.0,4.0,6.0,2.0,1.0,6.0,8.0,4.0,14.0,69,St. Louis                                    , ,03 
21-22,698.0,1.0,FLOODWOOD PUBLIC SCHOOL DISTRICT   ,20.0,FLOODWOOD SECONDARY                ,0.0,0.0,0.0,0.0,0.0,0.0,0.0,0.0,0.0,0.0,0.0,0.0,4.0,6.0,2.0,1.0,6.0,7.0,3.0,13.0,69,St. Louis                                    ,33,03 
21-22,698.0,1.0,FLOODWOOD PUBLIC SCHOOL DISTRICT   ,30.0,FLOODWOOD ALT. LEARNING PROGRAM    ,0.0,1.0,0.0,0.0,0.0,0.0,0.0,0.0,0.0,0.0,0.0,0.0,0.0,0.0,0.0,0.0,0.0,1.0,1.0,1.0,69,St. Louis                                    ,42,03 
21-22,700.0,1.0,HERMANTOWN PUBLIC SCHOOL DISTRICT  ,0.0,District Totals,0.0,2.0,0.0,0.0,0.0,0.0,2.0,0.0,0.0,0.0,0.0,0.0,67.0,75.0,2.0,2.0,71.0,79.0,8.0,150.0,69,St. Louis                                    , ,03 
21-22,700.0,1.0,HERMANTOWN PUBLIC SCHOOL DISTRICT  ,20.0,HERMANTOWN SENIOR HIGH             ,0.0,2.0,0.0,0.0,0.0,0.0,2.0,0.0,0.0,0.0,0.0,0.0,67.0,75.0,2.0,2.0,71.0,79.0,8.0,150.0,69,St. Louis                                    ,32,03 
21-22,701.0,1.0,HIBBING PUBLIC SCHOOL DISTRICT     ,0.0,District Totals,3.0,3.0,0.0,0.0,1.0,1.0,0.0,2.0,0.0,0.0,0.0,0.0,66.0,62.0,0.0,1.0,70.0,69.0,11.0,139.0,69,St. Louis                                    , ,03 
21-22,701.0,1.0,HIBBING PUBLIC SCHOOL DISTRICT     ,350.0,HIBBING HIGH                       ,3.0,3.0,0.0,0.0,1.0,1.0,0.0,2.0,0.0,0.0,0.0,0.0,64.0,60.0,0.0,1.0,68.0,67.0,11.0,135.0,69,St. Louis                                    ,33,03 
21-22,701.0,1.0,HIBBING PUBLIC SCHOOL DISTRICT     ,360.0,MESABI AREA LEARNING CENTER        ,0.0,0.0,0.0,0.0,0.0,0.0,0.0,0.0,0.0,0.0,0.0,0.0,2.0,2.0,0.0,0.0,2.0,2.0,0.0,4.0,69,St. Louis                                    ,41,03 
21-22,704.0,1.0,PROCTOR PUBLIC SCHOOL DISTRICT     ,0.0,District Totals,1.0,1.0,0.0,1.0,0.0,0.0,2.0,4.0,0.0,0.0,0.0,0.0,63.0,52.0,2.0,0.0,68.0,58.0,11.0,126.0,69,St. Louis                                    , ,03 
21-22,704.0,1.0,PROCTOR PUBLIC SCHOOL DISTRICT     ,1.0,PROCTOR SENIOR HIGH                ,1.0,1.0,0.0,1.0,0.0,0.0,2.0,4.0,0.0,0.0,0.0,0.0,62.0,52.0,2.0,0.0,67.0,58.0,11.0,125.0,69,St. Louis                                    ,32,03 
21-22,704.0,1.0,PROCTOR PUBLIC SCHOOL DISTRICT     ,20.0,RAILS ACADEMY                      ,0.0,0.0,0.0,0.0,0.0,0.0,0.0,0.0,0.0,0.0,0.0,0.0,1.0,0.0,0.0,0.0,1.0,0.0,0.0,1.0,69,St. Louis                                    ,42,03 
21-22,709.0,1.0,DULUTH PUBLIC SCHOOL DISTRICT      ,0.0,District Totals,15.0,12.0,6.0,5.0,10.0,8.0,13.0,8.0,1.0,0.0,0.0,1.0,272.0,273.0,12.0,19.0,329.0,326.0,110.0,655.0,69,St. Louis                                    , ,03 
21-22,709.0,1.0,DULUTH PUBLIC SCHOOL DISTRICT      ,215.0,DENFELD HIGH SCHOOL                ,8.0,4.0,0.0,2.0,3.0,4.0,5.0,3.0,0.0,0.0,0.0,0.0,79.0,60.0,6.0,10.0,101.0,83.0,45.0,184.0,69,St. Louis                                    ,32,03 
21-22,709.0,1.0,DULUTH PUBLIC SCHOOL DISTRICT      ,220.0,East High School                   ,4.0,2.0,6.0,2.0,4.0,2.0,5.0,4.0,1.0,0.0,0.0,0.0,157.0,171.0,4.0,5.0,181.0,186.0,39.0,367.0,69,St. Louis                                    ,32,03 
21-22,709.0,1.0,DULUTH PUBLIC SCHOOL DISTRICT      ,575.0,CHESTER CREEK ACADEMY              ,0.0,0.0,0.0,0.0,0.0,0.0,0.0,0.0,0.0,0.0,0.0,1.0,0.0,0.0,0.0,0.0,0.0,1.0,1.0,1.0,69,St. Louis                                    ,77,03 
21-22,709.0,1.0,DULUTH PUBLIC SCHOOL DISTRICT      ,580.0,Rockridge Academy                  ,0.0,1.0,0.0,0.0,0.0,0.0,0.0,0.0,0.0,0.0,0.0,0.0,0.0,1.0,0.0,0.0,0.0,2.0,1.0,2.0,69,St. Louis                                    ,79,03 
21-22,709.0,1.0,DULUTH PUBLIC SCHOOL DISTRICT      ,605.0,Arrowhead Academy                  ,0.0,1.0,0.0,0.0,0.0,0.0,0.0,0.0,0.0,0.0,0.0,0.0,0.0,0.0,0.0,0.0,0.0,1.0,1.0,1.0,69,St. Louis                                    ,77,03 
21-22,709.0,1.0,DULUTH PUBLIC SCHOOL DISTRICT      ,611.0,DULUTH AREA LEARNING CENTER        ,1.0,0.0,0.0,0.0,0.0,0.0,1.0,0.0,0.0,0.0,0.0,0.0,7.0,5.0,1.0,2.0,10.0,7.0,5.0,17.0,69,St. Louis                                    ,41,03 
21-22,709.0,1.0,DULUTH PUBLIC SCHOOL DISTRICT      ,616.0,ALC Independent Study              ,2.0,4.0,0.0,1.0,3.0,2.0,2.0,0.0,0.0,0.0,0.0,0.0,22.0,24.0,1.0,1.0,30.0,32.0,16.0,62.0,69,St. Louis                                    ,41,03 
21-22,709.0,1.0,DULUTH PUBLIC SCHOOL DISTRICT      ,650.0,Academic Excellence Online         ,0.0,0.0,0.0,0.0,0.0,0.0,0.0,1.0,0.0,0.0,0.0,0.0,5.0,11.0,0.0,0.0,5.0,12.0,1.0,17.0,69,St. Louis                                    ,46,03 
21-22,709.0,1.0,DULUTH PUBLIC SCHOOL DISTRICT      ,950.0,THE BRIDGE                         ,0.0,0.0,0.0,0.0,0.0,0.0,0.0,0.0,0.0,0.0,0.0,0.0,2.0,1.0,0.0,1.0,2.0,2.0,1.0,4.0,69,St. Louis                                    ,50,03 
21-22,712.0,1.0,MOUNTAIN IRON-BUHL SCHOOL DISTRICT ,0.0,District Totals,1.0,2.0,0.0,0.0,0.0,0.0,0.0,0.0,0.0,0.0,0.0,0.0,18.0,10.0,0.0,1.0,19.0,13.0,4.0,32.0,69,St. Louis                                    , ,03 
21-22,712.0,1.0,MOUNTAIN IRON-BUHL SCHOOL DISTRICT ,3.0,MOUNTAIN IRON-BUHL SECONDARY       ,1.0,2.0,0.0,0.0,0.0,0.0,0.0,0.0,0.0,0.0,0.0,0.0,18.0,10.0,0.0,1.0,19.0,13.0,4.0,32.0,69,St. Louis                                    ,33,03 
21-22,716.0,1.0,BELLE PLAINE PUBLIC SCHOOL DISTRICT,0.0,District Totals,0.0,1.0,1.0,0.0,1.0,0.0,3.0,3.0,0.0,0.0,0.0,0.0,48.0,56.0,2.0,2.0,55.0,62.0,13.0,117.0,70,Scott                                        , ,11 
21-22,716.0,1.0,BELLE PLAINE PUBLIC SCHOOL DISTRICT,20.0,BELLE PLAINE SENIOR HIGH           ,0.0,1.0,1.0,0.0,1.0,0.0,3.0,3.0,0.0,0.0,0.0,0.0,44.0,55.0,2.0,2.0,51.0,61.0,13.0,112.0,70,Scott                                        ,32,11 
21-22,716.0,1.0,BELLE PLAINE PUBLIC SCHOOL DISTRICT,70.0,Belle Plaine Transitions/Work Exper,0.0,0.0,0.0,0.0,0.0,0.0,0.0,0.0,0.0,0.0,0.0,0.0,4.0,1.0,0.0,0.0,4.0,1.0,0.0,5.0,70,Scott                                        ,55,11 
21-22,717.0,1.0,JORDAN PUBLIC SCHOOL DISTRICT      ,0.0,District Totals,2.0,1.0,2.0,0.0,4.0,0.0,5.0,9.0,0.0,0.0,0.0,0.0,51.0,52.0,4.0,1.0,68.0,63.0,28.0,131.0,70,Scott                                        , ,11 
21-22,717.0,1.0,JORDAN PUBLIC SCHOOL DISTRICT      ,127.0,Jordan High School                 ,2.0,1.0,2.0,0.0,4.0,0.0,5.0,9.0,0.0,0.0,0.0,0.0,51.0,52.0,4.0,1.0,68.0,63.0,28.0,131.0,70,Scott                                        ,32,11 
21-22,719.0,1.0,PRIOR LAKE-SAVAGE AREA SCHOOLS     ,0.0,District Totals,4.0,10.0,15.0,18.0,12.0,23.0,19.0,19.0,0.0,0.0,0.0,0.0,282.0,275.0,8.0,10.0,340.0,355.0,138.0,695.0,70,Scott                                        , ,11 
21-22,719.0,1.0,PRIOR LAKE-SAVAGE AREA SCHOOLS     ,30.0,PRIOR LAKE HIGH SCHOOL             ,3.0,5.0,13.0,16.0,11.0,20.0,15.0,12.0,0.0,0.0,0.0,0.0,260.0,262.0,6.0,9.0,308.0,324.0,110.0,632.0,70,Scott                                        ,32,11 
21-22,719.0,1.0,PRIOR LAKE-SAVAGE AREA SCHOOLS     ,33.0,ALC Independent Study              ,1.0,0.0,1.0,1.0,0.0,2.0,2.0,2.0,0.0,0.0,0.0,0.0,6.0,3.0,0.0,0.0,10.0,8.0,9.0,18.0,70,Scott                                        ,41,11 
21-22,719.0,1.0,PRIOR LAKE-SAVAGE AREA SCHOOLS     ,34.0,PRIOR LAKE-SAVAGE AREA ALC         ,0.0,5.0,1.0,1.0,1.0,1.0,2.0,5.0,0.0,0.0,0.0,0.0,16.0,10.0,2.0,1.0,22.0,23.0,19.0,45.0,70,Scott                                        ,41,11 
21-22,720.0,1.0,SHAKOPEE PUBLIC SCHOOL DISTRICT    ,0.0,District Totals,10.0,6.0,50.0,37.0,47.0,44.0,39.0,44.0,0.0,0.0,1.0,0.0,210.0,183.0,13.0,17.0,370.0,331.0,308.0,701.0,70,Scott                                        , ,11 
21-22,720.0,1.0,SHAKOPEE PUBLIC SCHOOL DISTRICT    ,83.0,Shakopee High School               ,9.0,6.0,47.0,36.0,46.0,44.0,38.0,38.0,0.0,0.0,1.0,0.0,201.0,176.0,12.0,16.0,354.0,316.0,293.0,670.0,70,Scott                                        ,32,11 
21-22,720.0,1.0,SHAKOPEE PUBLIC SCHOOL DISTRICT    ,86.0,Tokata Learning Center             ,1.0,0.0,0.0,0.0,0.0,0.0,1.0,4.0,0.0,0.0,0.0,0.0,6.0,6.0,1.0,0.0,9.0,10.0,7.0,19.0,70,Scott                                        ,41,11 
21-22,720.0,1.0,SHAKOPEE PUBLIC SCHOOL DISTRICT    ,90.0,Tokata ALC Independent Study       ,0.0,0.0,3.0,1.0,1.0,0.0,0.0,2.0,0.0,0.0,0.0,0.0,3.0,1.0,0.0,1.0,7.0,5.0,8.0,12.0,70,Scott                                        ,41,11 
21-22,721.0,1.0,NEW PRAGUE AREA SCHOOLS            ,0.0,District Totals,0.0,0.0,0.0,1.0,0.0,1.0,5.0,4.0,0.0,0.0,0.0,1.0,152.0,155.0,0.0,2.0,157.0,164.0,14.0,321.0,70,Scott                                        , ,11 
21-22,721.0,1.0,NEW PRAGUE AREA SCHOOLS            ,29.0,NEW PRAGUE SENIOR HIGH             ,0.0,0.0,0.0,1.0,0.0,1.0,3.0,4.0,0.0,0.0,0.0,0.0,139.0,145.0,0.0,2.0,142.0,153.0,11.0,295.0,70,Scott                                        ,32,11 
21-22,721.0,1.0,NEW PRAGUE AREA SCHOOLS            ,300.0,Compass Learning Center            ,0.0,0.0,0.0,0.0,0.0,0.0,2.0,0.0,0.0,0.0,0.0,1.0,5.0,7.0,0.0,0.0,7.0,8.0,3.0,15.0,70,Scott                                        ,41,11 
21-22,721.0,1.0,NEW PRAGUE AREA SCHOOLS            ,304.0,NEW PRAGUE SUMMER CREDIT RECOVERY  ,0.0,0.0,0.0,0.0,0.0,0.0,0.0,0.0,0.0,0.0,0.0,0.0,8.0,3.0,0.0,0.0,8.0,3.0,0.0,11.0,70,Scott                                        ,41,11 
21-22,726.0,1.0,BECKER PUBLIC SCHOOL DISTRICT      ,0.0,District Totals,2.0,2.0,1.0,1.0,1.0,1.0,1.0,0.0,0.0,0.0,0.0,0.0,86.0,84.0,0.0,2.0,91.0,90.0,11.0,181.0,71,Sherburne                                    , ,07W
21-22,726.0,1.0,BECKER PUBLIC SCHOOL DISTRICT      ,20.0,BECKER SENIOR HIGH                 ,2.0,2.0,1.0,1.0,1.0,1.0,1.0,0.0,0.0,0.0,0.0,0.0,81.0,82.0,0.0,2.0,86.0,88.0,11.0,174.0,71,Sherburne                                    ,32,07W
21-22,726.0,1.0,BECKER PUBLIC SCHOOL DISTRICT      ,50.0,BECKER ALTERNATIVE LEARNING PROGRAM,0.0,0.0,0.0,0.0,0.0,0.0,0.0,0.0,0.0,0.0,0.0,0.0,5.0,2.0,0.0,0.0,5.0,2.0,0.0,7.0,71,Sherburne                                    ,42,07W
21-22,727.0,1.0,BIG LAKE PUBLIC SCHOOL DISTRICT    ,0.0,District Totals,2.0,4.0,1.0,3.0,2.0,2.0,2.0,4.0,0.0,0.0,0.0,0.0,82.0,81.0,1.0,2.0,90.0,96.0,23.0,186.0,71,Sherburne                                    , ,07W
21-22,727.0,1.0,BIG LAKE PUBLIC SCHOOL DISTRICT    ,20.0,BIG LAKE SENIOR HIGH               ,2.0,4.0,1.0,2.0,2.0,2.0,1.0,3.0,0.0,0.0,0.0,0.0,73.0,66.0,1.0,1.0,80.0,78.0,19.0,158.0,71,Sherburne                                    ,32,07W
21-22,727.0,1.0,BIG LAKE PUBLIC SCHOOL DISTRICT    ,80.0,Big Lake Online 6-12               ,0.0,0.0,0.0,1.0,0.0,0.0,1.0,1.0,0.0,0.0,0.0,0.0,9.0,15.0,0.0,1.0,10.0,18.0,4.0,28.0,71,Sherburne                                    ,46,07W
21-22,728.0,1.0,Elk River School District          ,0.0,District Totals,16.0,11.0,8.0,9.0,20.0,7.0,15.0,22.0,0.0,1.0,0.0,0.0,445.0,431.0,13.0,11.0,517.0,492.0,133.0,1009.0,71,Sherburne                                    , ,07W
21-22,728.0,1.0,Elk River School District          ,500.0,ELK RIVER SENIOR HIGH              ,4.0,5.0,1.0,4.0,9.0,4.0,4.0,7.0,0.0,1.0,0.0,0.0,166.0,153.0,3.0,3.0,187.0,177.0,45.0,364.0,71,Sherburne                                    ,32,07W
21-22,728.0,1.0,Elk River School District          ,510.0,ROGERS SENIOR HIGH                 ,7.0,2.0,4.0,5.0,9.0,2.0,10.0,8.0,0.0,0.0,0.0,0.0,178.0,177.0,6.0,6.0,214.0,200.0,59.0,414.0,71,Sherburne                                    ,32,07W
21-22,728.0,1.0,Elk River School District          ,530.0,ZIMMERMAN HIGH SCHOOL              ,4.0,3.0,3.0,0.0,0.0,0.0,0.0,3.0,0.0,0.0,0.0,0.0,85.0,73.0,2.0,2.0,94.0,81.0,17.0,175.0,71,Sherburne                                    ,32,07W
21-22,728.0,1.0,Elk River School District          ,550.0,Online728 High School              ,1.0,0.0,0.0,0.0,0.0,0.0,0.0,0.0,0.0,0.0,0.0,0.0,4.0,8.0,1.0,0.0,6.0,8.0,2.0,14.0,71,Sherburne                                    ,46,07W
21-22,728.0,1.0,Elk River School District          ,599.0,C.O.M.P.A.S.S.                     ,0.0,0.0,0.0,0.0,0.0,0.0,0.0,1.0,0.0,0.0,0.0,0.0,2.0,6.0,0.0,0.0,2.0,7.0,1.0,9.0,71,Sherburne                                    ,50,07W
21-22,728.0,1.0,Elk River School District          ,600.0,IVAN SAND COMMUNITY HIGH SCHOOL    ,0.0,1.0,0.0,0.0,2.0,1.0,1.0,3.0,0.0,0.0,0.0,0.0,10.0,14.0,1.0,0.0,14.0,19.0,9.0,33.0,71,Sherburne                                    ,41,07W
21-22,738.0,1.0,HOLDINGFORD PUBLIC SCHOOL DISTRICT ,0.0,District Totals,0.0,0.0,0.0,0.0,1.0,0.0,3.0,0.0,0.0,0.0,0.0,0.0,30.0,29.0,1.0,0.0,35.0,29.0,5.0,64.0,73,Stearns                                      , ,07W
21-22,738.0,1.0,HOLDINGFORD PUBLIC SCHOOL DISTRICT ,2.0,HOLDINGFORD SECONDARY              ,0.0,0.0,0.0,0.0,1.0,0.0,3.0,0.0,0.0,0.0,0.0,0.0,30.0,29.0,1.0,0.0,35.0,29.0,5.0,64.0,73,Stearns                                      ,33,07W
21-22,739.0,1.0,KIMBALL PUBLIC SCHOOL DISTRICT     ,0.0,District Totals,0.0,0.0,0.0,0.0,0.0,1.0,0.0,0.0,0.0,0.0,0.0,0.0,29.0,25.0,0.0,2.0,29.0,28.0,3.0,57.0,73,Stearns                                      , ,07W
21-22,739.0,1.0,KIMBALL PUBLIC SCHOOL DISTRICT     ,20.0,KIMBALL SECONDARY                  ,0.0,0.0,0.0,0.0,0.0,1.0,0.0,0.0,0.0,0.0,0.0,0.0,29.0,25.0,0.0,2.0,29.0,28.0,3.0,57.0,73,Stearns                                      ,33,07W
21-22,740.0,1.0,MELROSE PUBLIC SCHOOL DISTRICT     ,0.0,District Totals,0.0,0.0,0.0,0.0,0.0,1.0,8.0,9.0,0.0,0.0,0.0,0.0,40.0,38.0,0.0,0.0,48.0,48.0,18.0,96.0,73,Stearns                                      , ,07W
21-22,740.0,1.0,MELROSE PUBLIC SCHOOL DISTRICT     ,30.0,MELROSE SECONDARY                  ,0.0,0.0,0.0,0.0,0.0,1.0,8.0,9.0,0.0,0.0,0.0,0.0,40.0,38.0,0.0,0.0,48.0,48.0,18.0,96.0,73,Stearns                                      ,33,07W
21-22,741.0,1.0,PAYNESVILLE PUBLIC SCHOOL DISTRICT ,0.0,District Totals,0.0,0.0,0.0,0.0,0.0,0.0,0.0,1.0,0.0,0.0,0.0,0.0,35.0,36.0,2.0,1.0,37.0,38.0,4.0,75.0,73,Stearns                                      , ,07W
21-22,741.0,1.0,PAYNESVILLE PUBLIC SCHOOL DISTRICT ,20.0,PAYNESVILLE AREA HIGH SCHOOL       ,0.0,0.0,0.0,0.0,0.0,0.0,0.0,1.0,0.0,0.0,0.0,0.0,35.0,36.0,2.0,1.0,37.0,38.0,4.0,75.0,73,Stearns                                      ,32,07W
21-22,742.0,1.0,ST. CLOUD PUBLIC SCHOOL DISTRICT   ,0.0,District Totals,2.0,5.0,8.0,9.0,113.0,140.0,16.0,25.0,0.0,1.0,0.0,0.0,158.0,141.0,10.0,12.0,307.0,333.0,341.0,640.0,73,Stearns                                      , ,07W
21-22,742.0,1.0,ST. CLOUD PUBLIC SCHOOL DISTRICT   ,12.0,SPECIAL EDUCATION FACILITIES       ,1.0,0.0,0.0,0.0,1.0,3.0,1.0,0.0,0.0,1.0,0.0,0.0,10.0,3.0,0.0,0.0,13.0,7.0,7.0,20.0,73,Stearns                                      ,50,07W
21-22,742.0,1.0,ST. CLOUD PUBLIC SCHOOL DISTRICT   ,57.0,APOLLO SENIOR HIGH                 ,1.0,2.0,5.0,7.0,26.0,49.0,6.0,13.0,0.0,0.0,0.0,0.0,52.0,51.0,5.0,4.0,95.0,126.0,118.0,221.0,73,Stearns                                      ,32,07W
21-22,742.0,1.0,ST. CLOUD PUBLIC SCHOOL DISTRICT   ,59.0,TECHNICAL SENIOR HIGH              ,0.0,0.0,3.0,2.0,44.0,56.0,5.0,7.0,0.0,0.0,0.0,0.0,70.0,62.0,2.0,4.0,124.0,131.0,123.0,255.0,73,Stearns                                      ,32,07W
21-22,742.0,1.0,ST. CLOUD PUBLIC SCHOOL DISTRICT   ,62.0,Roosevelt Education Center         ,0.0,0.0,0.0,0.0,0.0,0.0,0.0,0.0,0.0,0.0,0.0,0.0,2.0,0.0,0.0,0.0,2.0,0.0,0.0,2.0,73,Stearns                                      ,50,07W
21-22,742.0,1.0,ST. CLOUD PUBLIC SCHOOL DISTRICT   ,65.0,St. Cloud Area Learning Center     ,0.0,3.0,0.0,0.0,42.0,32.0,4.0,5.0,0.0,0.0,0.0,0.0,19.0,19.0,3.0,4.0,68.0,63.0,93.0,131.0,73,Stearns                                      ,41,07W
21-22,742.0,1.0,ST. CLOUD PUBLIC SCHOOL DISTRICT   ,647.0,ALC - Sauk Rapids                  ,0.0,0.0,0.0,0.0,0.0,0.0,0.0,0.0,0.0,0.0,0.0,0.0,5.0,5.0,0.0,0.0,5.0,5.0,0.0,10.0,73,Stearns                                      ,41,07W
21-22,742.0,1.0,ST. CLOUD PUBLIC SCHOOL DISTRICT   ,651.0,ALC - Foley                        ,0.0,0.0,0.0,0.0,0.0,0.0,0.0,0.0,0.0,0.0,0.0,0.0,0.0,1.0,0.0,0.0,0.0,1.0,0.0,1.0,73,Stearns                                      ,41,07W
21-22,743.0,1.0,SAUK CENTRE PUBLIC SCHOOL DISTRICT ,0.0,District Totals,0.0,0.0,0.0,0.0,0.0,0.0,1.0,4.0,0.0,0.0,0.0,0.0,26.0,39.0,0.0,1.0,27.0,44.0,6.0,71.0,73,Stearns                                      , ,07W
21-22,743.0,1.0,SAUK CENTRE PUBLIC SCHOOL DISTRICT ,30.0,SAUK CENTRE SECONDARY              ,0.0,0.0,0.0,0.0,0.0,0.0,1.0,4.0,0.0,0.0,0.0,0.0,26.0,39.0,0.0,1.0,27.0,44.0,6.0,71.0,73,Stearns                                      ,33,07W
21-22,745.0,1.0,ALBANY PUBLIC SCHOOL DISTRICT      ,0.0,District Totals,0.0,1.0,0.0,2.0,0.0,0.0,1.0,2.0,0.0,0.0,0.0,0.0,50.0,64.0,1.0,0.0,52.0,69.0,7.0,121.0,73,Stearns                                      , ,07W
21-22,745.0,1.0,ALBANY PUBLIC SCHOOL DISTRICT      ,60.0,Albany Area High School            ,0.0,1.0,0.0,2.0,0.0,0.0,1.0,2.0,0.0,0.0,0.0,0.0,50.0,64.0,1.0,0.0,52.0,69.0,7.0,121.0,73,Stearns                                      ,32,07W
21-22,748.0,1.0,SARTELL-ST. STEPHEN SCHOOL DISTRICT,0.0,District Totals,0.0,1.0,5.0,7.0,4.0,6.0,4.0,1.0,0.0,0.0,1.0,0.0,114.0,138.0,4.0,6.0,132.0,159.0,39.0,291.0,73,Stearns                                      , ,07W
21-22,748.0,1.0,SARTELL-ST. STEPHEN SCHOOL DISTRICT,20.0,SARTELL SENIOR HIGH                ,0.0,1.0,5.0,7.0,4.0,6.0,4.0,1.0,0.0,0.0,1.0,0.0,114.0,138.0,4.0,6.0,132.0,159.0,39.0,291.0,73,Stearns                                      ,32,07W
21-22,750.0,1.0,ROCORI PUBLIC SCHOOL DISTRICT      ,0.0,District Totals,0.0,0.0,0.0,0.0,1.0,5.0,6.0,8.0,0.0,0.0,0.0,0.0,73.0,86.0,2.0,1.0,82.0,100.0,23.0,182.0,73,Stearns                                      , ,07W
21-22,750.0,1.0,ROCORI PUBLIC SCHOOL DISTRICT      ,50.0,ROCORI SENIOR HIGH                 ,0.0,0.0,0.0,0.0,0.0,5.0,5.0,6.0,0.0,0.0,0.0,0.0,66.0,81.0,1.0,0.0,72.0,92.0,17.0,164.0,73,Stearns                                      ,32,07W
21-22,750.0,1.0,ROCORI PUBLIC SCHOOL DISTRICT      ,70.0,ROCORI ALC                         ,0.0,0.0,0.0,0.0,1.0,0.0,1.0,1.0,0.0,0.0,0.0,0.0,2.0,1.0,1.0,0.0,5.0,2.0,4.0,7.0,73,Stearns                                      ,41,07W
21-22,750.0,1.0,ROCORI PUBLIC SCHOOL DISTRICT      ,71.0,Rocori Online Learning Site        ,0.0,0.0,0.0,0.0,0.0,0.0,0.0,1.0,0.0,0.0,0.0,0.0,5.0,4.0,0.0,1.0,5.0,6.0,2.0,11.0,73,Stearns                                      ,46,07W
21-22,756.0,1.0,BLOOMING PRAIRIE PUBLIC SCHOOL DIST,0.0,District Totals,0.0,0.0,0.0,0.0,0.0,0.0,2.0,1.0,0.0,0.0,0.0,0.0,28.0,20.0,1.0,0.0,31.0,21.0,4.0,52.0,74,Steele                                       , ,10 
21-22,756.0,1.0,BLOOMING PRAIRIE PUBLIC SCHOOL DIST,20.0,BLOOMING PRAIRIE SECONDARY         ,0.0,0.0,0.0,0.0,0.0,0.0,2.0,1.0,0.0,0.0,0.0,0.0,28.0,20.0,1.0,0.0,31.0,21.0,4.0,52.0,74,Steele                                       ,33,10 
21-22,761.0,1.0,OWATONNA PUBLIC SCHOOL DISTRICT    ,0.0,District Totals,0.0,0.0,1.0,3.0,12.0,16.0,28.0,28.0,0.0,0.0,0.0,0.0,174.0,130.0,2.0,5.0,217.0,182.0,95.0,399.0,74,Steele                                       , ,10 
21-22,761.0,1.0,OWATONNA PUBLIC SCHOOL DISTRICT    ,150.0,OWATONNA SENIOR HIGH               ,0.0,0.0,1.0,3.0,11.0,15.0,23.0,23.0,0.0,0.0,0.0,0.0,161.0,114.0,2.0,5.0,198.0,160.0,83.0,358.0,74,Steele                                       ,32,10 
21-22,761.0,1.0,OWATONNA PUBLIC SCHOOL DISTRICT    ,605.0,OWATONNA SUMMER SCHOOL 9-12        ,0.0,0.0,0.0,0.0,1.0,0.0,2.0,0.0,0.0,0.0,0.0,0.0,2.0,1.0,0.0,0.0,5.0,1.0,3.0,6.0,74,Steele                                       ,41,10 
21-22,761.0,1.0,OWATONNA PUBLIC SCHOOL DISTRICT    ,610.0,OWATONNA ALC 9-12                  ,0.0,0.0,0.0,0.0,0.0,1.0,3.0,5.0,0.0,0.0,0.0,0.0,6.0,5.0,0.0,0.0,9.0,11.0,9.0,20.0,74,Steele                                       ,41,10 
21-22,761.0,1.0,OWATONNA PUBLIC SCHOOL DISTRICT    ,910.0,Owatonna Online 9-12               ,0.0,0.0,0.0,0.0,0.0,0.0,0.0,0.0,0.0,0.0,0.0,0.0,5.0,10.0,0.0,0.0,5.0,10.0,0.0,15.0,74,Steele                                       ,46,10 
21-22,763.0,1.0,MEDFORD PUBLIC SCHOOL DISTRICT     ,0.0,District Totals,0.0,0.0,1.0,2.0,0.0,0.0,1.0,6.0,0.0,0.0,0.0,0.0,28.0,30.0,1.0,1.0,31.0,39.0,12.0,70.0,74,Steele                                       , ,10 
21-22,763.0,1.0,MEDFORD PUBLIC SCHOOL DISTRICT     ,20.0,MEDFORD SECONDARY                  ,0.0,0.0,1.0,2.0,0.0,0.0,1.0,6.0,0.0,0.0,0.0,0.0,28.0,30.0,1.0,1.0,31.0,39.0,12.0,70.0,74,Steele                                       ,33,10 
21-22,768.0,1.0,HANCOCK PUBLIC SCHOOL DISTRICT     ,0.0,District Totals,0.0,0.0,0.0,0.0,0.0,0.0,1.0,0.0,0.0,0.0,0.0,0.0,11.0,15.0,0.0,0.0,12.0,15.0,1.0,27.0,75,Stevens                                      , ,04 
21-22,768.0,1.0,HANCOCK PUBLIC SCHOOL DISTRICT     ,20.0,HANCOCK SEC.                       ,0.0,0.0,0.0,0.0,0.0,0.0,1.0,0.0,0.0,0.0,0.0,0.0,11.0,15.0,0.0,0.0,12.0,15.0,1.0,27.0,75,Stevens                                      ,33,04 
21-22,771.0,1.0,Chokio-Alberta Public Schools      ,0.0,District Totals,0.0,0.0,0.0,0.0,0.0,0.0,1.0,1.0,0.0,0.0,0.0,0.0,16.0,13.0,0.0,0.0,17.0,14.0,2.0,31.0,75,Stevens                                      , ,04 
21-22,771.0,1.0,Chokio-Alberta Public Schools      ,2.0,CHOKIO-ALBERTA SECONDARY           ,0.0,0.0,0.0,0.0,0.0,0.0,1.0,1.0,0.0,0.0,0.0,0.0,16.0,13.0,0.0,0.0,17.0,14.0,2.0,31.0,75,Stevens                                      ,33,04 
21-22,775.0,1.0,KERKHOVEN-MURDOCK-SUNBURG          ,0.0,District Totals,0.0,0.0,0.0,0.0,0.0,0.0,2.0,3.0,0.0,0.0,0.0,0.0,20.0,19.0,0.0,0.0,22.0,22.0,5.0,44.0,76,Swift                                        , ,06W
21-22,775.0,1.0,KERKHOVEN-MURDOCK-SUNBURG          ,50.0,KERKHOVEN SECONDARY                ,0.0,0.0,0.0,0.0,0.0,0.0,2.0,3.0,0.0,0.0,0.0,0.0,20.0,19.0,0.0,0.0,22.0,22.0,5.0,44.0,76,Swift                                        ,33,06W
21-22,777.0,1.0,BENSON PUBLIC SCHOOL DISTRICT      ,0.0,District Totals,0.0,0.0,0.0,0.0,0.0,0.0,3.0,0.0,0.0,0.0,0.0,0.0,29.0,23.0,1.0,1.0,33.0,24.0,5.0,57.0,76,Swift                                        , ,06W
21-22,777.0,1.0,BENSON PUBLIC SCHOOL DISTRICT      ,101.0,BENSON SECONDARY                   ,0.0,0.0,0.0,0.0,0.0,0.0,3.0,0.0,0.0,0.0,0.0,0.0,22.0,20.0,1.0,1.0,26.0,21.0,5.0,47.0,76,Swift                                        ,33,06W
21-22,777.0,1.0,BENSON PUBLIC SCHOOL DISTRICT      ,107.0,BENSON AREA LEARNING CENTER        ,0.0,0.0,0.0,0.0,0.0,0.0,0.0,0.0,0.0,0.0,0.0,0.0,7.0,3.0,0.0,0.0,7.0,3.0,0.0,10.0,76,Swift                                        ,41,06W
21-22,786.0,1.0,BERTHA-HEWITT PUBLIC SCHOOL DIST.  ,0.0,District Totals,0.0,0.0,0.0,0.0,0.0,0.0,1.0,0.0,0.0,0.0,0.0,0.0,15.0,16.0,0.0,0.0,16.0,16.0,1.0,32.0,77,Todd                                         , ,05 
21-22,786.0,1.0,BERTHA-HEWITT PUBLIC SCHOOL DIST.  ,20.0,BERTHA SECONDARY                   ,0.0,0.0,0.0,0.0,0.0,0.0,1.0,0.0,0.0,0.0,0.0,0.0,15.0,16.0,0.0,0.0,16.0,16.0,1.0,32.0,77,Todd                                         ,33,05 
21-22,787.0,1.0,BROWERVILLE PUBLIC SCHOOL DISTRICT ,0.0,District Totals,0.0,0.0,1.0,0.0,0.0,0.0,0.0,1.0,0.0,0.0,0.0,0.0,14.0,14.0,0.0,0.0,15.0,15.0,2.0,30.0,77,Todd                                         , ,05 
21-22,787.0,1.0,BROWERVILLE PUBLIC SCHOOL DISTRICT ,20.0,BROWERVILLE SECONDARY              ,0.0,0.0,1.0,0.0,0.0,0.0,0.0,1.0,0.0,0.0,0.0,0.0,14.0,14.0,0.0,0.0,15.0,15.0,2.0,30.0,77,Todd                                         ,33,05 
21-22,801.0,1.0,Browns Valley Public School Dist   ,0.0,District Totals,0.0,0.0,0.0,0.0,0.0,0.0,0.0,0.0,0.0,0.0,0.0,0.0,1.0,0.0,0.0,0.0,1.0,0.0,0.0,1.0,78,Traverse                                     , ,04 
21-22,801.0,1.0,Browns Valley Public School Dist   ,20.0,BROWNS VALLEY MIDDLE               ,0.0,0.0,0.0,0.0,0.0,0.0,0.0,0.0,0.0,0.0,0.0,0.0,1.0,0.0,0.0,0.0,1.0,0.0,0.0,1.0,78,Traverse                                     ,20,04 
21-22,803.0,1.0,WHEATON AREA PUBLIC SCHOOL DISTRICT,0.0,District Totals,0.0,0.0,0.0,0.0,0.0,0.0,2.0,2.0,0.0,0.0,0.0,0.0,11.0,15.0,1.0,0.0,14.0,17.0,5.0,31.0,78,Traverse                                     , ,04 
21-22,803.0,1.0,WHEATON AREA PUBLIC SCHOOL DISTRICT,2.0,WHEATON SECONDARY                  ,0.0,0.0,0.0,0.0,0.0,0.0,2.0,2.0,0.0,0.0,0.0,0.0,11.0,15.0,1.0,0.0,14.0,17.0,5.0,31.0,78,Traverse                                     ,33,04 
21-22,811.0,1.0,Wabasha-Kellogg School District    ,0.0,District Totals,1.0,1.0,0.0,0.0,1.0,4.0,3.0,2.0,0.0,0.0,0.0,0.0,24.0,23.0,1.0,1.0,30.0,31.0,14.0,61.0,79,Wabasha                                      , ,10 
21-22,811.0,1.0,Wabasha-Kellogg School District    ,40.0,WABASHA-KELLOGG SECONDARY          ,1.0,0.0,0.0,0.0,0.0,0.0,0.0,1.0,0.0,0.0,0.0,0.0,18.0,13.0,0.0,0.0,19.0,14.0,2.0,33.0,79,Wabasha                                      ,33,10 
21-22,811.0,1.0,Wabasha-Kellogg School District    ,80.0,Falcon View Connections High School,0.0,1.0,0.0,0.0,1.0,4.0,3.0,1.0,0.0,0.0,0.0,0.0,6.0,10.0,1.0,1.0,11.0,17.0,12.0,28.0,79,Wabasha                                      ,46,10 
21-22,813.0,1.0,LAKE CITY PUBLIC SCHOOL DISTRICT   ,0.0,District Totals,0.0,0.0,0.0,0.0,0.0,0.0,2.0,2.0,0.0,0.0,0.0,0.0,41.0,48.0,0.0,0.0,43.0,50.0,4.0,93.0,79,Wabasha                                      , ,10 
21-22,813.0,1.0,LAKE CITY PUBLIC SCHOOL DISTRICT   ,40.0,LINCOLN SECONDARY                  ,0.0,0.0,0.0,0.0,0.0,0.0,2.0,2.0,0.0,0.0,0.0,0.0,41.0,48.0,0.0,0.0,43.0,50.0,4.0,93.0,79,Wabasha                                      ,33,10 
21-22,818.0,1.0,VERNDALE PUBLIC SCHOOL DISTRICT    ,0.0,District Totals,0.0,1.0,0.0,1.0,0.0,0.0,1.0,0.0,0.0,0.0,0.0,0.0,23.0,16.0,0.0,0.0,24.0,18.0,3.0,42.0,80,Wadena                                       , ,05 
21-22,818.0,1.0,VERNDALE PUBLIC SCHOOL DISTRICT    ,20.0,VERNDALE SECONDARY                 ,0.0,1.0,0.0,1.0,0.0,0.0,1.0,0.0,0.0,0.0,0.0,0.0,23.0,16.0,0.0,0.0,24.0,18.0,3.0,42.0,80,Wadena                                       ,33,05 
21-22,820.0,1.0,SEBEKA PUBLIC SCHOOL DISTRICT      ,0.0,District Totals,0.0,0.0,0.0,0.0,0.0,0.0,0.0,0.0,0.0,0.0,0.0,0.0,10.0,14.0,2.0,0.0,12.0,14.0,2.0,26.0,80,Wadena                                       , ,05 
21-22,820.0,1.0,SEBEKA PUBLIC SCHOOL DISTRICT      ,2.0,SEBEKA SECONDARY                   ,0.0,0.0,0.0,0.0,0.0,0.0,0.0,0.0,0.0,0.0,0.0,0.0,10.0,14.0,2.0,0.0,12.0,14.0,2.0,26.0,80,Wadena                                       ,33,05 
21-22,821.0,1.0,MENAHGA PUBLIC SCHOOL DISTRICT     ,0.0,District Totals,2.0,2.0,0.0,1.0,0.0,0.0,0.0,0.0,0.0,0.0,0.0,0.0,34.0,38.0,0.0,0.0,36.0,41.0,5.0,77.0,80,Wadena                                       , ,05 
21-22,821.0,1.0,MENAHGA PUBLIC SCHOOL DISTRICT     ,30.0,MENAHGA HIGH SCHOOL                ,2.0,2.0,0.0,1.0,0.0,0.0,0.0,0.0,0.0,0.0,0.0,0.0,34.0,38.0,0.0,0.0,36.0,41.0,5.0,77.0,80,Wadena                                       ,32,05 
21-22,829.0,1.0,WASECA PUBLIC SCHOOL DISTRICT      ,0.0,District Totals,1.0,1.0,1.0,0.0,2.0,1.0,8.0,1.0,0.0,0.0,0.0,0.0,51.0,59.0,3.0,1.0,66.0,63.0,19.0,129.0,81,Waseca                                       , ,09 
21-22,829.0,1.0,WASECA PUBLIC SCHOOL DISTRICT      ,50.0,Waseca Senior High                 ,1.0,1.0,1.0,0.0,1.0,0.0,5.0,0.0,0.0,0.0,0.0,0.0,48.0,54.0,3.0,1.0,59.0,56.0,13.0,115.0,81,Waseca                                       ,33,09 
21-22,829.0,1.0,WASECA PUBLIC SCHOOL DISTRICT      ,60.0,Waseca Area Learning Center        ,0.0,0.0,0.0,0.0,1.0,1.0,3.0,1.0,0.0,0.0,0.0,0.0,3.0,5.0,0.0,0.0,7.0,7.0,6.0,14.0,81,Waseca                                       ,41,09 
21-22,831.0,1.0,FOREST LAKE PUBLIC SCHOOL DISTRICT ,0.0,District Totals,7.0,8.0,6.0,8.0,9.0,3.0,10.0,9.0,0.0,0.0,0.0,0.0,204.0,181.0,2.0,2.0,238.0,211.0,64.0,449.0,82,Washington                                   , ,11 
21-22,831.0,1.0,FOREST LAKE PUBLIC SCHOOL DISTRICT ,113.0,Forest Lake Area Community School  ,0.0,0.0,0.0,1.0,2.0,0.0,3.0,0.0,0.0,0.0,0.0,0.0,13.0,21.0,2.0,1.0,20.0,23.0,9.0,43.0,82,Washington                                   ,41,11 
21-22,831.0,1.0,FOREST LAKE PUBLIC SCHOOL DISTRICT ,114.0,Forest Lake Area High School       ,7.0,8.0,6.0,7.0,6.0,0.0,7.0,8.0,0.0,0.0,0.0,0.0,179.0,154.0,0.0,1.0,205.0,178.0,50.0,383.0,82,Washington                                   ,32,11 
21-22,831.0,1.0,FOREST LAKE PUBLIC SCHOOL DISTRICT ,118.0,STEP                               ,0.0,0.0,0.0,0.0,1.0,3.0,0.0,1.0,0.0,0.0,0.0,0.0,12.0,6.0,0.0,0.0,13.0,10.0,5.0,23.0,82,Washington                                   ,50,11 
21-22,832.0,1.0,MAHTOMEDI PUBLIC SCHOOL DISTRICT   ,0.0,District Totals,3.0,0.0,6.0,8.0,6.0,8.0,6.0,1.0,0.0,0.0,0.0,0.0,124.0,108.0,9.0,5.0,154.0,130.0,52.0,284.0,82,Washington                                   , ,11 
21-22,832.0,1.0,MAHTOMEDI PUBLIC SCHOOL DISTRICT   ,40.0,MAHTOMEDI SENIOR HIGH              ,3.0,0.0,5.0,8.0,6.0,8.0,6.0,1.0,0.0,0.0,0.0,0.0,122.0,105.0,7.0,5.0,149.0,127.0,49.0,276.0,82,Washington                                   ,32,11 
21-22,832.0,1.0,MAHTOMEDI PUBLIC SCHOOL DISTRICT   ,80.0,Passages Transition Program        ,0.0,0.0,1.0,0.0,0.0,0.0,0.0,0.0,0.0,0.0,0.0,0.0,2.0,3.0,2.0,0.0,5.0,3.0,3.0,8.0,82,Washington                                   ,50,11 
21-22,833.0,1.0,South Washington County Schools    ,0.0,District Totals,6.0,3.0,83.0,88.0,72.0,66.0,56.0,58.0,1.0,1.0,1.0,1.0,430.0,474.0,40.0,41.0,689.0,732.0,517.0,1421.0,82,Washington                                   , ,11 
21-22,833.0,1.0,South Washington County Schools    ,23.0,South Washington Alternative HS    ,0.0,0.0,1.0,2.0,7.0,4.0,5.0,0.0,0.0,0.0,0.0,0.0,11.0,6.0,1.0,2.0,25.0,14.0,22.0,39.0,82,Washington                                   ,42,11 
21-22,833.0,1.0,South Washington County Schools    ,24.0,Park High School                   ,0.0,0.0,24.0,18.0,17.0,21.0,24.0,23.0,0.0,0.0,1.0,1.0,135.0,146.0,16.0,13.0,217.0,222.0,158.0,439.0,82,Washington                                   ,32,11 
21-22,833.0,1.0,South Washington County Schools    ,25.0,EAST RIDGE HIGH SCHOOL             ,2.0,2.0,29.0,33.0,19.0,11.0,11.0,11.0,0.0,1.0,0.0,0.0,119.0,171.0,10.0,9.0,190.0,238.0,138.0,428.0,82,Washington                                   ,32,11 
21-22,833.0,1.0,South Washington County Schools    ,29.0,Woodbury High School               ,2.0,1.0,27.0,32.0,24.0,26.0,9.0,20.0,1.0,0.0,0.0,0.0,140.0,135.0,9.0,17.0,212.0,231.0,168.0,443.0,82,Washington                                   ,32,11 
21-22,833.0,1.0,South Washington County Schools    ,52.0,Access                             ,1.0,0.0,0.0,3.0,3.0,3.0,5.0,2.0,0.0,0.0,0.0,0.0,11.0,5.0,0.0,0.0,20.0,13.0,17.0,33.0,82,Washington                                   ,42,11 
21-22,833.0,1.0,South Washington County Schools    ,56.0,Next Step Transition Program       ,1.0,0.0,2.0,0.0,2.0,1.0,2.0,2.0,0.0,0.0,0.0,0.0,14.0,11.0,4.0,0.0,25.0,14.0,14.0,39.0,82,Washington                                   ,50,11 
21-22,834.0,1.0,Stillwater Area Public Schools     ,0.0,District Totals,0.0,0.0,17.0,12.0,22.0,14.0,21.0,22.0,0.0,0.0,1.0,2.0,295.0,260.0,15.0,18.0,371.0,328.0,144.0,699.0,82,Washington                                   , ,11 
21-22,834.0,1.0,Stillwater Area Public Schools     ,47.0,STILLWATER AREA HIGH SCHOOL        ,0.0,0.0,16.0,11.0,21.0,13.0,21.0,20.0,0.0,0.0,1.0,1.0,264.0,242.0,12.0,17.0,335.0,304.0,133.0,639.0,82,Washington                                   ,32,11 
21-22,834.0,1.0,Stillwater Area Public Schools     ,50.0,Bridge Transition Program          ,0.0,0.0,0.0,0.0,1.0,0.0,0.0,0.0,0.0,0.0,0.0,0.0,11.0,2.0,1.0,0.0,13.0,2.0,2.0,15.0,82,Washington                                   ,50,11 
21-22,834.0,1.0,Stillwater Area Public Schools     ,61.0,ST CROIX VALLEY AREA LEARNING CNTR.,0.0,0.0,1.0,1.0,0.0,1.0,0.0,2.0,0.0,0.0,0.0,1.0,20.0,16.0,2.0,1.0,23.0,22.0,9.0,45.0,82,Washington                                   ,41,11 
21-22,836.0,1.0,BUTTERFIELD PUBLIC SCHOOL DISTRICT ,0.0,District Totals,0.0,0.0,1.0,0.0,0.0,0.0,3.0,4.0,0.0,0.0,0.0,0.0,1.0,4.0,0.0,0.0,5.0,8.0,8.0,13.0,83,Watonwan                                     , ,09 
21-22,836.0,1.0,BUTTERFIELD PUBLIC SCHOOL DISTRICT ,30.0,BUTTERFIELD SECONDARY              ,0.0,0.0,1.0,0.0,0.0,0.0,3.0,4.0,0.0,0.0,0.0,0.0,1.0,4.0,0.0,0.0,5.0,8.0,8.0,13.0,83,Watonwan                                     ,33,09 
21-22,837.0,1.0,MADELIA PUBLIC SCHOOL DISTRICT     ,0.0,District Totals,0.0,0.0,0.0,0.0,1.0,0.0,10.0,7.0,0.0,0.0,0.0,0.0,11.0,5.0,0.0,1.0,22.0,13.0,19.0,35.0,83,Watonwan                                     , ,09 
21-22,837.0,1.0,MADELIA PUBLIC SCHOOL DISTRICT     ,20.0,MADELIA SECONDARY                  ,0.0,0.0,0.0,0.0,1.0,0.0,10.0,7.0,0.0,0.0,0.0,0.0,11.0,5.0,0.0,1.0,22.0,13.0,19.0,35.0,83,Watonwan                                     ,33,09 
21-22,840.0,1.0,ST. JAMES PUBLIC SCHOOL DISTRICT   ,0.0,District Totals,0.0,0.0,0.0,1.0,0.0,0.0,18.0,11.0,0.0,0.0,0.0,0.0,17.0,17.0,0.0,0.0,35.0,29.0,30.0,64.0,83,Watonwan                                     , ,09 
21-22,840.0,1.0,ST. JAMES PUBLIC SCHOOL DISTRICT   ,111.0,St. James Middle/High School       ,0.0,0.0,0.0,1.0,0.0,0.0,18.0,11.0,0.0,0.0,0.0,0.0,17.0,17.0,0.0,0.0,35.0,29.0,30.0,64.0,83,Watonwan                                     ,33,09 
21-22,846.0,1.0,BRECKENRIDGE PUBLIC SCHOOL DISTRICT,0.0,District Totals,0.0,2.0,0.0,0.0,0.0,0.0,0.0,1.0,0.0,0.0,0.0,0.0,26.0,21.0,0.0,0.0,26.0,24.0,3.0,50.0,84,Wilkin                                       , ,04 
21-22,846.0,1.0,BRECKENRIDGE PUBLIC SCHOOL DISTRICT,30.0,BRECKENRIDGE SENIOR HIGH           ,0.0,2.0,0.0,0.0,0.0,0.0,0.0,1.0,0.0,0.0,0.0,0.0,26.0,19.0,0.0,0.0,26.0,22.0,3.0,48.0,84,Wilkin                                       ,32,04 
21-22,846.0,1.0,BRECKENRIDGE PUBLIC SCHOOL DISTRICT,70.0,Breckenridge Area Learning Program ,0.0,0.0,0.0,0.0,0.0,0.0,0.0,0.0,0.0,0.0,0.0,0.0,0.0,2.0,0.0,0.0,0.0,2.0,0.0,2.0,84,Wilkin                                       ,42,04 
21-22,850.0,1.0,ROTHSAY PUBLIC SCHOOL DISTRICT     ,0.0,District Totals,0.0,0.0,0.0,0.0,0.0,0.0,1.0,0.0,0.0,0.0,0.0,0.0,5.0,4.0,0.0,1.0,6.0,5.0,2.0,11.0,84,Wilkin                                       , ,04 
21-22,850.0,1.0,ROTHSAY PUBLIC SCHOOL DISTRICT     ,20.0,ROTHSAY SECONDARY                  ,0.0,0.0,0.0,0.0,0.0,0.0,1.0,0.0,0.0,0.0,0.0,0.0,5.0,4.0,0.0,1.0,6.0,5.0,2.0,11.0,84,Wilkin                                       ,33,04 
21-22,852.0,1.0,Campbell-Tintah Public Schools     ,0.0,District Totals,0.0,0.0,0.0,0.0,0.0,0.0,0.0,0.0,0.0,0.0,0.0,0.0,7.0,4.0,0.0,0.0,7.0,4.0,0.0,11.0,84,Wilkin                                       , ,04 
21-22,852.0,1.0,Campbell-Tintah Public Schools     ,20.0,CAMPBELL-TINTAH SECONDARY          ,0.0,0.0,0.0,0.0,0.0,0.0,0.0,0.0,0.0,0.0,0.0,0.0,7.0,4.0,0.0,0.0,7.0,4.0,0.0,11.0,84,Wilkin                                       ,33,04 
21-22,857.0,1.0,Lewiston-Altura Public School Dist ,0.0,District Totals,0.0,0.0,0.0,0.0,0.0,0.0,1.0,1.0,0.0,0.0,0.0,0.0,33.0,43.0,0.0,2.0,34.0,46.0,4.0,80.0,85,Winona                                       , ,10 
21-22,857.0,1.0,Lewiston-Altura Public School Dist ,30.0,LEWISTON-ALTURA SECONDARY          ,0.0,0.0,0.0,0.0,0.0,0.0,1.0,1.0,0.0,0.0,0.0,0.0,33.0,43.0,0.0,2.0,34.0,46.0,4.0,80.0,85,Winona                                       ,33,10 
21-22,858.0,1.0,ST. CHARLES PUBLIC SCHOOL DISTRICT ,0.0,District Totals,0.0,0.0,1.0,2.0,0.0,0.0,2.0,2.0,0.0,0.0,0.0,0.0,38.0,19.0,1.0,1.0,42.0,24.0,9.0,66.0,85,Winona                                       , ,10 
21-22,858.0,1.0,ST. CHARLES PUBLIC SCHOOL DISTRICT ,3.0,ST. CHARLES SECONDARY              ,0.0,0.0,1.0,2.0,0.0,0.0,2.0,2.0,0.0,0.0,0.0,0.0,38.0,19.0,1.0,1.0,42.0,24.0,9.0,66.0,85,Winona                                       ,33,10 
21-22,861.0,1.0,WINONA AREA PUBLIC SCHOOL DISTRICT ,0.0,District Totals,2.0,1.0,3.0,5.0,2.0,6.0,3.0,6.0,0.0,0.0,0.0,0.0,116.0,95.0,4.0,5.0,130.0,118.0,37.0,248.0,85,Winona                                       , ,10 
21-22,861.0,1.0,WINONA AREA PUBLIC SCHOOL DISTRICT ,7.0,WINONA SENIOR HIGH                 ,2.0,0.0,2.0,5.0,1.0,1.0,1.0,4.0,0.0,0.0,0.0,0.0,91.0,78.0,2.0,4.0,99.0,92.0,22.0,191.0,85,Winona                                       ,32,10 
21-22,861.0,1.0,WINONA AREA PUBLIC SCHOOL DISTRICT ,19.0,WINONA AREA LEARNING CENTER        ,0.0,1.0,1.0,0.0,1.0,5.0,1.0,2.0,0.0,0.0,0.0,0.0,20.0,8.0,2.0,1.0,25.0,17.0,14.0,42.0,85,Winona                                       ,41,10 
21-22,861.0,1.0,WINONA AREA PUBLIC SCHOOL DISTRICT ,45.0,LaCrescent Gr 9-12                 ,0.0,0.0,0.0,0.0,0.0,0.0,1.0,0.0,0.0,0.0,0.0,0.0,1.0,1.0,0.0,0.0,2.0,1.0,1.0,3.0,85,Winona                                       ,41,10 
21-22,861.0,1.0,WINONA AREA PUBLIC SCHOOL DISTRICT ,63.0,Winona Area Online High School     ,0.0,0.0,0.0,0.0,0.0,0.0,0.0,0.0,0.0,0.0,0.0,0.0,4.0,8.0,0.0,0.0,4.0,8.0,0.0,12.0,85,Winona                                       ,32,10 
21-22,876.0,1.0,ANNANDALE PUBLIC SCHOOL DISTRICT   ,0.0,District Totals,1.0,0.0,0.0,3.0,0.0,0.0,1.0,2.0,0.0,0.0,0.0,0.0,58.0,58.0,0.0,1.0,60.0,64.0,8.0,124.0,86,Wright                                       , ,07W
21-22,876.0,1.0,ANNANDALE PUBLIC SCHOOL DISTRICT   ,3.0,ANNANDALE SENIOR HIGH              ,1.0,0.0,0.0,3.0,0.0,0.0,1.0,2.0,0.0,0.0,0.0,0.0,58.0,58.0,0.0,1.0,60.0,64.0,8.0,124.0,86,Wright                                       ,32,07W
21-22,877.0,1.0,BUFFALO-HANOVER-MONTROSE PUBLIC SCH,0.0,District Totals,4.0,1.0,3.0,1.0,6.0,5.0,13.0,10.0,0.0,0.0,0.0,0.0,188.0,178.0,6.0,1.0,220.0,196.0,50.0,416.0,86,Wright                                       , ,07W
21-22,877.0,1.0,BUFFALO-HANOVER-MONTROSE PUBLIC SCH,40.0,BUFFALO SENIOR HIGH                ,4.0,1.0,3.0,1.0,6.0,4.0,11.0,10.0,0.0,0.0,0.0,0.0,181.0,169.0,5.0,1.0,210.0,186.0,46.0,396.0,86,Wright                                       ,32,07W
21-22,877.0,1.0,BUFFALO-HANOVER-MONTROSE PUBLIC SCH,45.0,PHOENIX LEARNING CENTER            ,0.0,0.0,0.0,0.0,0.0,1.0,2.0,0.0,0.0,0.0,0.0,0.0,7.0,9.0,1.0,0.0,10.0,10.0,4.0,20.0,86,Wright                                       ,42,07W
21-22,879.0,1.0,DELANO PUBLIC SCHOOL DISTRICT      ,0.0,District Totals,0.0,1.0,0.0,0.0,0.0,0.0,3.0,2.0,0.0,0.0,0.0,0.0,105.0,80.0,5.0,3.0,113.0,86.0,14.0,199.0,86,Wright                                       , ,07W
21-22,879.0,1.0,DELANO PUBLIC SCHOOL DISTRICT      ,20.0,Delano High School                 ,0.0,1.0,0.0,0.0,0.0,0.0,3.0,2.0,0.0,0.0,0.0,0.0,105.0,80.0,5.0,3.0,113.0,86.0,14.0,199.0,86,Wright                                       ,33,07W
21-22,881.0,1.0,MAPLE LAKE PUBLIC SCHOOL DISTRICT  ,0.0,District Totals,0.0,0.0,0.0,0.0,0.0,0.0,2.0,1.0,0.0,0.0,0.0,0.0,26.0,52.0,1.0,1.0,29.0,54.0,5.0,83.0,86,Wright                                       , ,07W
21-22,881.0,1.0,MAPLE LAKE PUBLIC SCHOOL DISTRICT  ,20.0,MAPLE LAKE SECONDARY               ,0.0,0.0,0.0,0.0,0.0,0.0,2.0,1.0,0.0,0.0,0.0,0.0,26.0,52.0,1.0,1.0,29.0,54.0,5.0,83.0,86,Wright                                       ,33,07W
21-22,882.0,1.0,MONTICELLO PUBLIC SCHOOL DISTRICT  ,0.0,District Totals,0.0,3.0,2.0,3.0,7.0,2.0,6.0,13.0,0.0,0.0,0.0,0.0,144.0,130.0,4.0,1.0,163.0,152.0,41.0,315.0,86,Wright                                       , ,07W
21-22,882.0,1.0,MONTICELLO PUBLIC SCHOOL DISTRICT  ,20.0,MONTICELLO SENIOR HIGH             ,0.0,2.0,2.0,3.0,6.0,1.0,6.0,13.0,0.0,0.0,0.0,0.0,139.0,124.0,3.0,1.0,156.0,144.0,37.0,300.0,86,Wright                                       ,32,07W
21-22,882.0,1.0,MONTICELLO PUBLIC SCHOOL DISTRICT  ,40.0,MONTICELLO ALTERNATIVE PROGRAM     ,0.0,1.0,0.0,0.0,1.0,1.0,0.0,0.0,0.0,0.0,0.0,0.0,4.0,5.0,0.0,0.0,5.0,7.0,3.0,12.0,86,Wright                                       ,42,07W
21-22,882.0,1.0,MONTICELLO PUBLIC SCHOOL DISTRICT  ,92.0,882 Online 6-12                    ,0.0,0.0,0.0,0.0,0.0,0.0,0.0,0.0,0.0,0.0,0.0,0.0,1.0,1.0,1.0,0.0,2.0,1.0,1.0,3.0,86,Wright                                       ,46,07W
21-22,883.0,1.0,ROCKFORD PUBLIC SCHOOL DISTRICT    ,0.0,District Totals,0.0,1.0,1.0,1.0,4.0,2.0,9.0,3.0,0.0,0.0,0.0,0.0,44.0,43.0,1.0,1.0,59.0,51.0,23.0,110.0,86,Wright                                       , ,07W
21-22,883.0,1.0,ROCKFORD PUBLIC SCHOOL DISTRICT    ,1.0,ROCKFORD SECONDARY                 ,0.0,1.0,1.0,1.0,4.0,2.0,9.0,3.0,0.0,0.0,0.0,0.0,44.0,43.0,1.0,1.0,59.0,51.0,23.0,110.0,86,Wright                                       ,32,07W
21-22,885.0,1.0,St. Michael-Albertville Schools    ,0.0,District Totals,0.0,3.0,2.0,5.0,7.0,11.0,13.0,11.0,0.0,0.0,0.0,0.0,260.0,226.0,5.0,13.0,287.0,269.0,70.0,556.0,86,Wright                                       , ,07W
21-22,885.0,1.0,St. Michael-Albertville Schools    ,20.0,ST. MICHAEL-ALBERTVILLE SENIOR HIGH,0.0,2.0,2.0,5.0,6.0,9.0,11.0,9.0,0.0,0.0,0.0,0.0,243.0,213.0,5.0,11.0,267.0,249.0,60.0,516.0,86,Wright                                       ,32,07W
21-22,885.0,1.0,St. Michael-Albertville Schools    ,50.0,KNIGHTS ACADEMY                    ,0.0,0.0,0.0,0.0,1.0,2.0,0.0,0.0,0.0,0.0,0.0,0.0,9.0,2.0,0.0,0.0,10.0,4.0,3.0,14.0,86,Wright                                       ,42,07W
21-22,885.0,1.0,St. Michael-Albertville Schools    ,210.0,STMA Online - Secondary            ,0.0,1.0,0.0,0.0,0.0,0.0,2.0,2.0,0.0,0.0,0.0,0.0,7.0,11.0,0.0,2.0,9.0,16.0,7.0,25.0,86,Wright                                       ,46,07W
21-22,885.0,1.0,St. Michael-Albertville Schools    ,220.0,Wings Transition Program           ,0.0,0.0,0.0,0.0,0.0,0.0,0.0,0.0,0.0,0.0,0.0,0.0,1.0,0.0,0.0,0.0,1.0,0.0,0.0,1.0,86,Wright                                       ,55,07W
21-22,891.0,1.0,CANBY PUBLIC SCHOOL DISTRICT       ,0.0,District Totals,0.0,0.0,0.0,1.0,0.0,0.0,1.0,1.0,0.0,0.0,0.0,0.0,21.0,28.0,0.0,0.0,22.0,30.0,3.0,52.0,87,Yellow Medicine                              , ,06W
21-22,891.0,1.0,CANBY PUBLIC SCHOOL DISTRICT       ,10.0,CANBY SECONDARY                    ,0.0,0.0,0.0,1.0,0.0,0.0,1.0,1.0,0.0,0.0,0.0,0.0,21.0,28.0,0.0,0.0,22.0,30.0,3.0,52.0,87,Yellow Medicine                              ,33,06W
21-22,911.0,1.0,CAMBRIDGE-ISANTI PUBLIC SCHOOL DIST,0.0,District Totals,1.0,5.0,1.0,8.0,4.0,2.0,6.0,5.0,0.0,0.0,0.0,0.0,141.0,149.0,9.0,5.0,162.0,174.0,46.0,336.0,30,Isanti                                       , ,07E
21-22,911.0,1.0,CAMBRIDGE-ISANTI PUBLIC SCHOOL DIST,350.0,CAMBRIDGE-ISANTI HIGH SCHOOL       ,1.0,3.0,0.0,6.0,4.0,2.0,6.0,5.0,0.0,0.0,0.0,0.0,108.0,115.0,7.0,4.0,126.0,135.0,38.0,261.0,30,Isanti                                       ,32,07E
21-22,911.0,1.0,CAMBRIDGE-ISANTI PUBLIC SCHOOL DIST,380.0,Riverside Academy                  ,0.0,0.0,0.0,0.0,0.0,0.0,0.0,0.0,0.0,0.0,0.0,0.0,3.0,8.0,2.0,0.0,5.0,8.0,2.0,13.0,30,Isanti                                       ,41,07E
21-22,911.0,1.0,CAMBRIDGE-ISANTI PUBLIC SCHOOL DIST,381.0,Riverside Academy IS               ,0.0,0.0,0.0,0.0,0.0,0.0,0.0,0.0,0.0,0.0,0.0,0.0,18.0,14.0,0.0,0.0,18.0,14.0,0.0,32.0,30,Isanti                                       ,41,07E
21-22,911.0,1.0,CAMBRIDGE-ISANTI PUBLIC SCHOOL DIST,700.0,MOVING FORWARD                     ,0.0,0.0,0.0,0.0,0.0,0.0,0.0,0.0,0.0,0.0,0.0,0.0,5.0,3.0,0.0,0.0,5.0,3.0,0.0,8.0,30,Isanti                                       ,50,07E
21-22,911.0,1.0,CAMBRIDGE-ISANTI PUBLIC SCHOOL DIST,701.0,Brookside Academy                  ,0.0,0.0,0.0,0.0,0.0,0.0,0.0,0.0,0.0,0.0,0.0,0.0,1.0,0.0,0.0,0.0,1.0,0.0,0.0,1.0,30,Isanti                                       ,50,07E
21-22,911.0,1.0,CAMBRIDGE-ISANTI PUBLIC SCHOOL DIST,902.0,Cambridge-Isanti OLL Secondary 6-12,0.0,2.0,1.0,2.0,0.0,0.0,0.0,0.0,0.0,0.0,0.0,0.0,6.0,9.0,0.0,1.0,7.0,14.0,6.0,21.0,30,Isanti                                       ,46,07E
21-22,912.0,1.0,MILACA PUBLIC SCHOOL DISTRICT      ,0.0,District Totals,0.0,0.0,0.0,0.0,1.0,0.0,1.0,0.0,0.0,0.0,0.0,0.0,46.0,56.0,0.0,0.0,48.0,56.0,2.0,104.0,48,Mille Lacs                                   , ,07E
21-22,912.0,1.0,MILACA PUBLIC SCHOOL DISTRICT      ,30.0,MILACA SECONDARY HIGH              ,0.0,0.0,0.0,0.0,1.0,0.0,1.0,0.0,0.0,0.0,0.0,0.0,45.0,45.0,0.0,0.0,47.0,45.0,2.0,92.0,48,Mille Lacs                                   ,33,07E
21-22,912.0,1.0,MILACA PUBLIC SCHOOL DISTRICT      ,40.0,MILACA AREA LEARNING CENTER        ,0.0,0.0,0.0,0.0,0.0,0.0,0.0,0.0,0.0,0.0,0.0,0.0,1.0,6.0,0.0,0.0,1.0,6.0,0.0,7.0,48,Mille Lacs                                   ,41,07E
21-22,912.0,1.0,MILACA PUBLIC SCHOOL DISTRICT      ,55.0,Milaca 7-12 Online                 ,0.0,0.0,0.0,0.0,0.0,0.0,0.0,0.0,0.0,0.0,0.0,0.0,0.0,5.0,0.0,0.0,0.0,5.0,0.0,5.0,48,Mille Lacs                                   ,46,07E
21-22,914.0,1.0,ULEN-HITTERDAL PUBLIC SCHOOL DIST  ,0.0,District Totals,2.0,1.0,0.0,1.0,0.0,0.0,0.0,0.0,0.0,0.0,0.0,0.0,11.0,5.0,0.0,0.0,13.0,7.0,4.0,20.0,14,Clay                                         , ,04 
21-22,914.0,1.0,ULEN-HITTERDAL PUBLIC SCHOOL DIST  ,2.0,ULEN-HITTERDAL SECONDARY           ,2.0,1.0,0.0,1.0,0.0,0.0,0.0,0.0,0.0,0.0,0.0,0.0,11.0,5.0,0.0,0.0,13.0,7.0,4.0,20.0,14,Clay                                         ,33,04 
21-22,915.0,52.0,SOUTHERN PLAINS EDUCATION COOP.    ,0.0,District Totals,0.0,2.0,0.0,0.0,0.0,0.0,1.0,2.0,0.0,0.0,0.0,0.0,13.0,10.0,0.0,0.0,14.0,14.0,5.0,28.0,46,Martin                                       , ,09 
21-22,915.0,52.0,SOUTHERN PLAINS EDUCATION COOP.    ,20.0,SOUTHERN PLAINS AREA LEARNING CNTR.,0.0,2.0,0.0,0.0,0.0,0.0,1.0,2.0,0.0,0.0,0.0,0.0,10.0,8.0,0.0,0.0,11.0,12.0,5.0,23.0,46,Martin                                       ,41,09 
21-22,915.0,52.0,SOUTHERN PLAINS EDUCATION COOP.    ,45.0,SOUTHERN PLAINS BRIDGES            ,0.0,0.0,0.0,0.0,0.0,0.0,0.0,0.0,0.0,0.0,0.0,0.0,3.0,1.0,0.0,0.0,3.0,1.0,0.0,4.0,46,Martin                                       ,50,09 
21-22,915.0,52.0,SOUTHERN PLAINS EDUCATION COOP.    ,70.0,POSITIVE APPROACH TO LEARNING      ,0.0,0.0,0.0,0.0,0.0,0.0,0.0,0.0,0.0,0.0,0.0,0.0,0.0,1.0,0.0,0.0,0.0,1.0,0.0,1.0,46,Martin                                       ,50,09 
21-22,916.0,6.0,NORTHEAST METRO 916                ,0.0,District Totals,2.0,2.0,11.0,13.0,33.0,30.0,24.0,30.0,0.0,0.0,0.0,0.0,67.0,36.0,6.0,5.0,143.0,116.0,156.0,259.0,62,Ramsey                                       , ,11 
21-22,916.0,6.0,NORTHEAST METRO 916                ,37.0,Quora Secondary School             ,0.0,0.0,0.0,0.0,4.0,2.0,2.0,1.0,0.0,0.0,0.0,0.0,16.0,2.0,1.0,0.0,23.0,5.0,10.0,28.0,62,Ramsey                                       ,50,11 
21-22,916.0,6.0,NORTHEAST METRO 916                ,56.0,South Campus Education Center      ,0.0,0.0,0.0,0.0,0.0,1.0,0.0,0.0,0.0,0.0,0.0,0.0,2.0,0.0,0.0,0.0,2.0,1.0,1.0,3.0,62,Ramsey                                       ,50,11 
21-22,916.0,6.0,NORTHEAST METRO 916                ,62.0,916 MAHTOMEDI ACADEMY              ,0.0,0.0,1.0,1.0,7.0,1.0,4.0,2.0,0.0,0.0,0.0,0.0,7.0,13.0,2.0,1.0,21.0,18.0,19.0,39.0,62,Ramsey                                       ,41,11 
21-22,916.0,6.0,NORTHEAST METRO 916                ,63.0,EAST VIEW ACADEMY                  ,1.0,1.0,4.0,8.0,5.0,9.0,3.0,8.0,0.0,0.0,0.0,0.0,8.0,3.0,1.0,2.0,22.0,31.0,42.0,53.0,62,Ramsey                                       ,41,11 
21-22,916.0,6.0,NORTHEAST METRO 916                ,68.0,WELS North                         ,0.0,0.0,0.0,0.0,1.0,0.0,3.0,1.0,0.0,0.0,0.0,0.0,10.0,0.0,0.0,1.0,14.0,2.0,6.0,16.0,62,Ramsey                                       ,50,11 
21-22,916.0,6.0,NORTHEAST METRO 916                ,70.0,Aris Woodwinds                     ,0.0,0.0,0.0,0.0,0.0,0.0,0.0,0.0,0.0,0.0,0.0,0.0,0.0,1.0,0.0,0.0,0.0,1.0,0.0,1.0,62,Ramsey                                       ,79,11 
21-22,916.0,6.0,NORTHEAST METRO 916                ,465.0,Metro Heights Academy              ,1.0,1.0,6.0,4.0,16.0,17.0,12.0,18.0,0.0,0.0,0.0,0.0,24.0,17.0,2.0,1.0,61.0,58.0,78.0,119.0,62,Ramsey                                       ,41,11 
21-22,917.0,6.0,INTERMEDIATE SCHOOL DISTRICT 917   ,0.0,District Totals,3.0,4.0,2.0,6.0,29.0,11.0,20.0,22.0,1.0,1.0,0.0,0.0,91.0,64.0,2.0,0.0,148.0,108.0,101.0,256.0,19,Dakota                                       , ,11 
21-22,917.0,6.0,INTERMEDIATE SCHOOL DISTRICT 917   ,30.0,917 TRANSITIONAL EDUCATION SERV ALT,0.0,0.0,0.0,1.0,1.0,1.0,0.0,1.0,1.0,1.0,0.0,0.0,24.0,9.0,0.0,0.0,26.0,13.0,6.0,39.0,19,Dakota                                       ,50,11 
21-22,917.0,6.0,INTERMEDIATE SCHOOL DISTRICT 917   ,51.0,917 INTRA-DAKOTA EDUCATIONAL ALT   ,0.0,0.0,0.0,0.0,0.0,0.0,0.0,0.0,0.0,0.0,0.0,0.0,1.0,1.0,0.0,0.0,1.0,1.0,0.0,2.0,19,Dakota                                       ,50,11 
21-22,917.0,6.0,INTERMEDIATE SCHOOL DISTRICT 917   ,61.0,917 PACES                          ,0.0,0.0,0.0,0.0,0.0,0.0,0.0,0.0,0.0,0.0,0.0,0.0,0.0,1.0,0.0,0.0,0.0,1.0,0.0,1.0,19,Dakota                                       ,50,11 
21-22,917.0,6.0,INTERMEDIATE SCHOOL DISTRICT 917   ,71.0,DAKOTA CTY. ALC                    ,2.0,2.0,0.0,1.0,15.0,5.0,5.0,10.0,0.0,0.0,0.0,0.0,46.0,36.0,1.0,0.0,69.0,54.0,41.0,123.0,19,Dakota                                       ,41,11 
21-22,917.0,6.0,INTERMEDIATE SCHOOL DISTRICT 917   ,78.0,EDOP DCALS EXTENDED DAY            ,0.0,1.0,1.0,0.0,4.0,1.0,1.0,0.0,0.0,0.0,0.0,0.0,3.0,2.0,0.0,0.0,9.0,4.0,8.0,13.0,19,Dakota                                       ,41,11 
21-22,917.0,6.0,INTERMEDIATE SCHOOL DISTRICT 917   ,79.0,WEST HEIGHTS EXTENDED DAY          ,1.0,0.0,0.0,0.0,0.0,0.0,0.0,0.0,0.0,0.0,0.0,0.0,1.0,0.0,0.0,0.0,2.0,0.0,1.0,2.0,19,Dakota                                       ,41,11 
21-22,917.0,6.0,INTERMEDIATE SCHOOL DISTRICT 917   ,80.0,WEST HEIGHTS ALC                   ,0.0,1.0,0.0,4.0,4.0,4.0,14.0,11.0,0.0,0.0,0.0,0.0,11.0,13.0,1.0,0.0,30.0,33.0,39.0,63.0,19,Dakota                                       ,41,11 
21-22,917.0,6.0,INTERMEDIATE SCHOOL DISTRICT 917   ,105.0,RIVERSIDE SCHOOL                   ,0.0,0.0,0.0,0.0,1.0,0.0,0.0,0.0,0.0,0.0,0.0,0.0,0.0,0.0,0.0,0.0,1.0,0.0,1.0,1.0,19,Dakota                                       ,77,11 
21-22,917.0,6.0,INTERMEDIATE SCHOOL DISTRICT 917   ,400.0,917 SUN                            ,0.0,0.0,1.0,0.0,3.0,0.0,0.0,0.0,0.0,0.0,0.0,0.0,3.0,0.0,0.0,0.0,7.0,0.0,4.0,7.0,19,Dakota                                       ,50,11 
21-22,917.0,6.0,INTERMEDIATE SCHOOL DISTRICT 917   ,500.0,917 DASH                           ,0.0,0.0,0.0,0.0,1.0,0.0,0.0,0.0,0.0,0.0,0.0,0.0,1.0,1.0,0.0,0.0,2.0,1.0,1.0,3.0,19,Dakota                                       ,50,11 
21-22,917.0,6.0,INTERMEDIATE SCHOOL DISTRICT 917   ,700.0,TEA                                ,0.0,0.0,0.0,0.0,0.0,0.0,0.0,0.0,0.0,0.0,0.0,0.0,1.0,1.0,0.0,0.0,1.0,1.0,0.0,2.0,19,Dakota                                       ,50,11 
21-22,926.0,83.0,REGION 4-LAKES COUNTRY SERVICE COOP,0.0,District Totals,0.0,1.0,0.0,0.0,0.0,0.0,1.0,1.0,0.0,0.0,0.0,0.0,7.0,6.0,1.0,0.0,9.0,8.0,4.0,17.0,56,Otter Tail                                   , ,04 
21-22,926.0,83.0,REGION 4-LAKES COUNTRY SERVICE COOP,20.0,LAKES COUNTRY YOUTH EDUC SVCS      ,0.0,1.0,0.0,0.0,0.0,0.0,1.0,1.0,0.0,0.0,0.0,0.0,7.0,6.0,1.0,0.0,9.0,8.0,4.0,17.0,56,Otter Tail                                   ,42,04 
21-22,938.0,52.0,MEEKER AND WRIGHT SPECIAL EDUCATION,0.0,District Totals,0.0,0.0,0.0,0.0,0.0,0.0,0.0,0.0,0.0,0.0,0.0,0.0,0.0,0.0,1.0,0.0,1.0,0.0,1.0,1.0,86,Wright                                       , ,07W
21-22,938.0,52.0,MEEKER AND WRIGHT SPECIAL EDUCATION,16.0,VILLAGE RANCH ALTERNATIVE PROGRAM  ,0.0,0.0,0.0,0.0,0.0,0.0,0.0,0.0,0.0,0.0,0.0,0.0,0.0,0.0,1.0,0.0,1.0,0.0,1.0,1.0,86,Wright                                       ,77,07W
21-22,966.0,51.0,WRIGHT TECHNICAL CENTER            ,0.0,District Totals,0.0,0.0,1.0,0.0,1.0,1.0,1.0,0.0,0.0,0.0,0.0,0.0,13.0,7.0,1.0,0.0,17.0,8.0,5.0,25.0,86,Wright                                       , ,07W
21-22,966.0,51.0,WRIGHT TECHNICAL CENTER            ,20.0,WRIGHT TECHNICAL CENTER ALC        ,0.0,0.0,1.0,0.0,1.0,1.0,1.0,0.0,0.0,0.0,0.0,0.0,13.0,7.0,1.0,0.0,17.0,8.0,5.0,25.0,86,Wright                                       ,41,07W
21-22,991.0,83.0,Region 6 and 8-SW/WC Service Coop  ,0.0,District Totals,0.0,0.0,0.0,0.0,1.0,0.0,3.0,1.0,0.0,0.0,0.0,0.0,23.0,13.0,1.0,2.0,28.0,16.0,8.0,44.0,42,Lyon                                         , ,08 
21-22,991.0,83.0,Region 6 and 8-SW/WC Service Coop  ,16.0,SWWC ELC - Windom                  ,0.0,0.0,0.0,0.0,0.0,0.0,0.0,0.0,0.0,0.0,0.0,0.0,1.0,1.0,0.0,0.0,1.0,1.0,0.0,2.0,42,Lyon                                         ,50,08 
21-22,991.0,83.0,Region 6 and 8-SW/WC Service Coop  ,17.0,SWWC ALC - Windom                  ,0.0,0.0,0.0,0.0,0.0,0.0,1.0,1.0,0.0,0.0,0.0,0.0,0.0,4.0,0.0,0.0,1.0,5.0,2.0,6.0,42,Lyon                                         ,41,08 
21-22,991.0,83.0,Region 6 and 8-SW/WC Service Coop  ,22.0,SWWC ELC - Belview                 ,0.0,0.0,0.0,0.0,0.0,0.0,0.0,0.0,0.0,0.0,0.0,0.0,1.0,0.0,0.0,0.0,1.0,0.0,0.0,1.0,42,Lyon                                         ,50,08 
21-22,991.0,83.0,Region 6 and 8-SW/WC Service Coop  ,27.0,SWWC ELC - Cosmos                  ,0.0,0.0,0.0,0.0,0.0,0.0,0.0,0.0,0.0,0.0,0.0,0.0,1.0,0.0,0.0,0.0,1.0,0.0,0.0,1.0,42,Lyon                                         ,50,08 
21-22,991.0,83.0,Region 6 and 8-SW/WC Service Coop  ,37.0,SWWC ALC - Pipestone               ,0.0,0.0,0.0,0.0,0.0,0.0,0.0,0.0,0.0,0.0,0.0,0.0,2.0,0.0,0.0,0.0,2.0,0.0,0.0,2.0,42,Lyon                                         ,41,08 
21-22,991.0,83.0,Region 6 and 8-SW/WC Service Coop  ,46.0,Project Search-Avera Marshall      ,0.0,0.0,0.0,0.0,0.0,0.0,0.0,0.0,0.0,0.0,0.0,0.0,2.0,3.0,0.0,0.0,2.0,3.0,0.0,5.0,42,Lyon                                         ,50,08 
21-22,991.0,83.0,Region 6 and 8-SW/WC Service Coop  ,47.0,SWWC ELC - Willmar                 ,0.0,0.0,0.0,0.0,0.0,0.0,0.0,0.0,0.0,0.0,0.0,0.0,2.0,1.0,0.0,0.0,2.0,1.0,0.0,3.0,42,Lyon                                         ,50,08 
21-22,991.0,83.0,Region 6 and 8-SW/WC Service Coop  ,60.0,STARRS ONLINE ACADEMY              ,0.0,0.0,0.0,0.0,1.0,0.0,2.0,0.0,0.0,0.0,0.0,0.0,13.0,4.0,1.0,2.0,17.0,6.0,6.0,23.0,42,Lyon                                         ,46,08 
21-22,991.0,83.0,Region 6 and 8-SW/WC Service Coop  ,61.0,SWWC ELC - Montevideo              ,0.0,0.0,0.0,0.0,0.0,0.0,0.0,0.0,0.0,0.0,0.0,0.0,1.0,0.0,0.0,0.0,1.0,0.0,0.0,1.0,42,Lyon                                         ,50,08 
21-22,1000.0,70.0,PERPICH CENTER FOR ARTS EDUCATION  ,0.0,District Totals,1.0,3.0,0.0,3.0,2.0,3.0,2.0,8.0,0.0,0.0,0.0,0.0,5.0,47.0,1.0,1.0,11.0,65.0,24.0,76.0,27,Hennepin                                     , ,11 
21-22,1000.0,70.0,PERPICH CENTER FOR ARTS EDUCATION  ,10.0,PERPICH CENTER FOR ARTS EDUCATION  ,1.0,3.0,0.0,3.0,2.0,3.0,2.0,8.0,0.0,0.0,0.0,0.0,5.0,47.0,1.0,1.0,11.0,65.0,24.0,76.0,27,Hennepin                                     ,32,11 
21-22,1100.0,60.0,MINNESOTA DEPARTMENT OF CORRECTIONS,0.0,District Totals,8.0,0.0,0.0,0.0,11.0,0.0,2.0,0.0,0.0,0.0,0.0,0.0,10.0,0.0,1.0,0.0,32.0,0.0,22.0,32.0,62,Ramsey                                       , ,11 
21-22,1100.0,60.0,MINNESOTA DEPARTMENT OF CORRECTIONS,11.0,MN CORRECTIONAL FACILITY-LINO LAKES,0.0,0.0,0.0,0.0,3.0,0.0,0.0,0.0,0.0,0.0,0.0,0.0,0.0,0.0,0.0,0.0,3.0,0.0,3.0,3.0,62,Ramsey                                       ,70,11 
21-22,1100.0,60.0,MINNESOTA DEPARTMENT OF CORRECTIONS,12.0,MCF - OAK PARK HEIGHTS             ,1.0,0.0,0.0,0.0,0.0,0.0,0.0,0.0,0.0,0.0,0.0,0.0,0.0,0.0,0.0,0.0,1.0,0.0,1.0,1.0,62,Ramsey                                       ,70,11 
21-22,1100.0,60.0,MINNESOTA DEPARTMENT OF CORRECTIONS,14.0,MN CORRECTIONAL FACILITY-STILLWATER,0.0,0.0,0.0,0.0,1.0,0.0,0.0,0.0,0.0,0.0,0.0,0.0,1.0,0.0,0.0,0.0,2.0,0.0,1.0,2.0,62,Ramsey                                       ,70,11 
21-22,1100.0,60.0,MINNESOTA DEPARTMENT OF CORRECTIONS,15.0,MCF-MOOSE LAKE/WILLOW RIVER        ,0.0,0.0,0.0,0.0,1.0,0.0,0.0,0.0,0.0,0.0,0.0,0.0,0.0,0.0,0.0,0.0,1.0,0.0,1.0,1.0,62,Ramsey                                       ,70,11 
21-22,1100.0,60.0,MINNESOTA DEPARTMENT OF CORRECTIONS,16.0,MN CORRECTIONAL FACILITY-ST. CLOUD ,1.0,0.0,0.0,0.0,3.0,0.0,0.0,0.0,0.0,0.0,0.0,0.0,1.0,0.0,0.0,0.0,5.0,0.0,4.0,5.0,62,Ramsey                                       ,70,11 
21-22,1100.0,60.0,MINNESOTA DEPARTMENT OF CORRECTIONS,17.0,"MCF-Red Wing, Maginnis High School ",6.0,0.0,0.0,0.0,3.0,0.0,2.0,0.0,0.0,0.0,0.0,0.0,8.0,0.0,1.0,0.0,20.0,0.0,12.0,20.0,62,Ramsey                                       ,70,11 
21-22,2071.0,1.0,LAKE CRYSTAL-WELLCOME MEMORIAL     ,0.0,District Totals,0.0,0.0,0.0,0.0,0.0,0.0,0.0,2.0,0.0,0.0,0.0,0.0,23.0,27.0,0.0,0.0,23.0,29.0,2.0,52.0,07,Blue Earth                                   , ,09 
21-22,2071.0,1.0,LAKE CRYSTAL-WELLCOME MEMORIAL     ,30.0,Lk Crystal-Wellcome Memorial Sec   ,0.0,0.0,0.0,0.0,0.0,0.0,0.0,2.0,0.0,0.0,0.0,0.0,23.0,27.0,0.0,0.0,23.0,29.0,2.0,52.0,07,Blue Earth                                   ,33,09 
21-22,2125.0,1.0,TRITON SCHOOL DISTRICT             ,0.0,District Totals,0.0,0.0,0.0,0.0,0.0,0.0,7.0,5.0,0.0,0.0,0.0,0.0,23.0,30.0,2.0,1.0,32.0,36.0,15.0,68.0,20,Dodge                                        , ,10 
21-22,2125.0,1.0,TRITON SCHOOL DISTRICT             ,20.0,TRITON HIGH SCHOOL                 ,0.0,0.0,0.0,0.0,0.0,0.0,7.0,5.0,0.0,0.0,0.0,0.0,23.0,30.0,2.0,1.0,32.0,36.0,15.0,68.0,20,Dodge                                        ,32,10 
21-22,2134.0,1.0,United South Central Schools       ,0.0,District Totals,0.0,0.0,0.0,0.0,0.0,0.0,1.0,3.0,0.0,0.0,0.0,0.0,18.0,23.0,1.0,1.0,20.0,27.0,6.0,47.0,22,Faribault                                    , ,09 
21-22,2134.0,1.0,United South Central Schools       ,20.0,UNITED SOUTH CENTRAL HIGH SCHOOL   ,0.0,0.0,0.0,0.0,0.0,0.0,1.0,3.0,0.0,0.0,0.0,0.0,18.0,23.0,1.0,1.0,20.0,27.0,6.0,47.0,22,Faribault                                    ,33,09 
21-22,2135.0,1.0,MAPLE RIVER SCHOOL DISTRICT        ,0.0,District Totals,0.0,1.0,0.0,1.0,0.0,0.0,0.0,1.0,0.0,0.0,0.0,0.0,30.0,29.0,1.0,1.0,31.0,33.0,5.0,64.0,07,Blue Earth                                   , ,09 
21-22,2135.0,1.0,MAPLE RIVER SCHOOL DISTRICT        ,20.0,Maple River Secondary              ,0.0,1.0,0.0,1.0,0.0,0.0,0.0,1.0,0.0,0.0,0.0,0.0,30.0,29.0,1.0,1.0,31.0,33.0,5.0,64.0,07,Blue Earth                                   ,33,09 
21-22,2137.0,1.0,KINGSLAND PUBLIC SCHOOL DISTRICT   ,0.0,District Totals,0.0,0.0,0.0,0.0,0.0,0.0,1.0,0.0,0.0,0.0,0.0,0.0,17.0,25.0,1.0,0.0,19.0,25.0,2.0,44.0,23,Fillmore                                     , ,10 
21-22,2137.0,1.0,KINGSLAND PUBLIC SCHOOL DISTRICT   ,25.0,Kingsland Junior/Senior High School,0.0,0.0,0.0,0.0,0.0,0.0,1.0,0.0,0.0,0.0,0.0,0.0,17.0,25.0,1.0,0.0,19.0,25.0,2.0,44.0,23,Fillmore                                     ,33,10 
21-22,2142.0,1.0,ST. LOUIS COUNTY SCHOOL DISTRICT   ,0.0,District Totals,15.0,14.0,0.0,0.0,0.0,0.0,2.0,0.0,0.0,0.0,0.0,0.0,66.0,53.0,0.0,2.0,83.0,69.0,33.0,152.0,69,St. Louis                                    , ,03 
21-22,2142.0,1.0,ST. LOUIS COUNTY SCHOOL DISTRICT   ,35.0,NORTHEAST RANGE SECONDARY          ,0.0,0.0,0.0,0.0,0.0,0.0,0.0,0.0,0.0,0.0,0.0,0.0,12.0,12.0,0.0,0.0,12.0,12.0,0.0,24.0,69,St. Louis                                    ,33,03 
21-22,2142.0,1.0,ST. LOUIS COUNTY SCHOOL DISTRICT   ,45.0,SOUTH RIDGE SECONDARY              ,2.0,5.0,0.0,0.0,0.0,0.0,0.0,0.0,0.0,0.0,0.0,0.0,19.0,13.0,0.0,0.0,21.0,18.0,7.0,39.0,69,St. Louis                                    ,33,03 
21-22,2142.0,1.0,ST. LOUIS COUNTY SCHOOL DISTRICT   ,55.0,NORTH WOODS SECONDARY              ,11.0,8.0,0.0,0.0,0.0,0.0,0.0,0.0,0.0,0.0,0.0,0.0,19.0,11.0,0.0,1.0,30.0,20.0,20.0,50.0,69,St. Louis                                    ,33,03 
21-22,2142.0,1.0,ST. LOUIS COUNTY SCHOOL DISTRICT   ,95.0,CHERRY SECONDARY                   ,2.0,1.0,0.0,0.0,0.0,0.0,2.0,0.0,0.0,0.0,0.0,0.0,16.0,17.0,0.0,1.0,20.0,19.0,6.0,39.0,69,St. Louis                                    ,33,03 
21-22,2143.0,1.0,WATERVILLE-ELYSIAN-MORRISTOWN      ,0.0,District Totals,0.0,0.0,0.0,0.0,0.0,0.0,1.0,1.0,0.0,0.0,0.0,0.0,24.0,25.0,0.0,0.0,25.0,26.0,2.0,51.0,40,Le Sueur                                     , ,09 
21-22,2143.0,1.0,WATERVILLE-ELYSIAN-MORRISTOWN      ,40.0,WATERVILLE-ELYSIAN-MORRISTOWN SR.  ,0.0,0.0,0.0,0.0,0.0,0.0,1.0,1.0,0.0,0.0,0.0,0.0,24.0,25.0,0.0,0.0,25.0,26.0,2.0,51.0,40,Le Sueur                                     ,32,09 
21-22,2144.0,1.0,CHISAGO LAKES SCHOOL DISTRICT      ,0.0,District Totals,0.0,3.0,0.0,5.0,0.0,0.0,1.0,0.0,0.0,0.0,0.0,0.0,109.0,118.0,2.0,1.0,112.0,127.0,12.0,239.0,13,Chisago                                      , ,07E
21-22,2144.0,1.0,CHISAGO LAKES SCHOOL DISTRICT      ,4.0,CHISAGO LAKES SENIOR HIGH          ,0.0,3.0,0.0,5.0,0.0,0.0,1.0,0.0,0.0,0.0,0.0,0.0,104.0,114.0,2.0,0.0,107.0,122.0,11.0,229.0,13,Chisago                                      ,32,07E
21-22,2144.0,1.0,CHISAGO LAKES SCHOOL DISTRICT      ,14.0,CHISAGO LAKES HS ALT LEARNING PROG ,0.0,0.0,0.0,0.0,0.0,0.0,0.0,0.0,0.0,0.0,0.0,0.0,4.0,1.0,0.0,0.0,4.0,1.0,0.0,5.0,13,Chisago                                      ,42,07E
21-22,2144.0,1.0,CHISAGO LAKES SCHOOL DISTRICT      ,18.0,Trio Wolf Creek Charter School     ,0.0,0.0,0.0,0.0,0.0,0.0,0.0,0.0,0.0,0.0,0.0,0.0,1.0,3.0,0.0,1.0,1.0,4.0,1.0,5.0,13,Chisago                                      ,42,07E
21-22,2149.0,1.0,MINNEWASKA SCHOOL DISTRICT         ,0.0,District Totals,2.0,1.0,3.0,0.0,1.0,1.0,0.0,2.0,0.0,0.0,0.0,0.0,46.0,33.0,1.0,1.0,53.0,38.0,12.0,91.0,61,Pope                                         , ,04 
21-22,2149.0,1.0,MINNEWASKA SCHOOL DISTRICT         ,50.0,MINNEWASKA SECONDARY               ,2.0,1.0,3.0,0.0,1.0,1.0,0.0,2.0,0.0,0.0,0.0,0.0,45.0,33.0,1.0,1.0,52.0,38.0,12.0,90.0,61,Pope                                         ,33,04 
21-22,2149.0,1.0,MINNEWASKA SCHOOL DISTRICT         ,101.0,Minnewaska Area WIN Academy        ,0.0,0.0,0.0,0.0,0.0,0.0,0.0,0.0,0.0,0.0,0.0,0.0,1.0,0.0,0.0,0.0,1.0,0.0,0.0,1.0,61,Pope                                         ,79,04 
21-22,2155.0,1.0,WADENA-DEER CREEK SCHOOL DISTRICT  ,0.0,District Totals,0.0,0.0,1.0,1.0,0.0,0.0,2.0,2.0,0.0,0.0,0.0,0.0,22.0,25.0,0.0,0.0,25.0,28.0,6.0,53.0,80,Wadena                                       , ,05 
21-22,2155.0,1.0,WADENA-DEER CREEK SCHOOL DISTRICT  ,1.0,WADENA-DEER CREEK SENIOR HIGH      ,0.0,0.0,1.0,1.0,0.0,0.0,2.0,2.0,0.0,0.0,0.0,0.0,22.0,25.0,0.0,0.0,25.0,28.0,6.0,53.0,80,Wadena                                       ,33,05 
21-22,2159.0,1.0,Buffalo Lake-Hector-Stewart        ,0.0,District Totals,0.0,0.0,0.0,0.0,0.0,0.0,3.0,1.0,0.0,0.0,0.0,0.0,10.0,19.0,1.0,0.0,14.0,20.0,5.0,34.0,65,Renville                                     , ,06E
21-22,2159.0,1.0,Buffalo Lake-Hector-Stewart        ,20.0,BUFFALO LAKE-HECTOR SECONDARY      ,0.0,0.0,0.0,0.0,0.0,0.0,3.0,1.0,0.0,0.0,0.0,0.0,10.0,19.0,1.0,0.0,14.0,20.0,5.0,34.0,65,Renville                                     ,33,06E
21-22,2164.0,1.0,DILWORTH-GLYNDON-FELTON            ,0.0,District Totals,2.0,0.0,0.0,0.0,0.0,0.0,0.0,2.0,0.0,0.0,0.0,0.0,37.0,43.0,1.0,0.0,40.0,45.0,5.0,85.0,14,Clay                                         , ,04 
21-22,2164.0,1.0,DILWORTH-GLYNDON-FELTON            ,4.0,DILWORTH-GLYNDON-FELTON SENIOR HIGH,2.0,0.0,0.0,0.0,0.0,0.0,0.0,2.0,0.0,0.0,0.0,0.0,37.0,43.0,1.0,0.0,40.0,45.0,5.0,85.0,14,Clay                                         ,32,04 
21-22,2165.0,1.0,HINCKLEY-FINLAYSON SCHOOL DISTRICT ,0.0,District Totals,8.0,11.0,0.0,0.0,0.0,0.0,1.0,0.0,0.0,0.0,0.0,0.0,24.0,24.0,0.0,2.0,33.0,37.0,22.0,70.0,58,Pine                                         , ,07E
21-22,2165.0,1.0,HINCKLEY-FINLAYSON SCHOOL DISTRICT ,20.0,HINCKLEY-FINLAYSON SECONDARY       ,5.0,5.0,0.0,0.0,0.0,0.0,1.0,0.0,0.0,0.0,0.0,0.0,18.0,20.0,0.0,1.0,24.0,26.0,12.0,50.0,58,Pine                                         ,33,07E
21-22,2165.0,1.0,HINCKLEY-FINLAYSON SCHOOL DISTRICT ,40.0,Empower Learning Center            ,3.0,6.0,0.0,0.0,0.0,0.0,0.0,0.0,0.0,0.0,0.0,0.0,6.0,4.0,0.0,1.0,9.0,11.0,10.0,20.0,58,Pine                                         ,42,07E
21-22,2167.0,1.0,LAKEVIEW SCHOOL DISTRICT           ,0.0,District Totals,0.0,0.0,0.0,0.0,0.0,0.0,2.0,0.0,0.0,0.0,0.0,0.0,18.0,11.0,0.0,1.0,20.0,12.0,3.0,32.0,42,Lyon                                         , ,08 
21-22,2167.0,1.0,LAKEVIEW SCHOOL DISTRICT           ,20.0,LAKEVIEW SECONDARY                 ,0.0,0.0,0.0,0.0,0.0,0.0,2.0,0.0,0.0,0.0,0.0,0.0,18.0,11.0,0.0,1.0,20.0,12.0,3.0,32.0,42,Lyon                                         ,33,08 
21-22,2168.0,1.0,NRHEG SCHOOL DISTRICT              ,0.0,District Totals,0.0,0.0,1.0,0.0,0.0,1.0,0.0,2.0,0.0,0.0,0.0,0.0,28.0,22.0,1.0,1.0,30.0,26.0,6.0,56.0,81,Waseca                                       , ,09 
21-22,2168.0,1.0,NRHEG SCHOOL DISTRICT              ,3.0,NRHEG SECONDARY                    ,0.0,0.0,1.0,0.0,0.0,1.0,0.0,2.0,0.0,0.0,0.0,0.0,28.0,22.0,1.0,1.0,30.0,26.0,6.0,56.0,81,Waseca                                       ,33,09 
21-22,2169.0,1.0,MURRAY COUNTY CENTRAL SCHOOL DIST. ,0.0,District Totals,0.0,0.0,0.0,0.0,0.0,0.0,3.0,0.0,0.0,0.0,0.0,0.0,20.0,23.0,0.0,0.0,23.0,23.0,3.0,46.0,51,Murray                                       , ,08 
21-22,2169.0,1.0,MURRAY COUNTY CENTRAL SCHOOL DIST. ,20.0,MURRAY COUNTY CENTRAL SECONDARY    ,0.0,0.0,0.0,0.0,0.0,0.0,3.0,0.0,0.0,0.0,0.0,0.0,20.0,23.0,0.0,0.0,23.0,23.0,3.0,46.0,51,Murray                                       ,33,08 
21-22,2170.0,1.0,STAPLES-MOTLEY SCHOOL DISTRICT     ,0.0,District Totals,0.0,0.0,0.0,2.0,1.0,0.0,2.0,1.0,0.0,0.0,0.0,0.0,38.0,22.0,0.0,0.0,41.0,25.0,6.0,66.0,77,Todd                                         , ,05 
21-22,2170.0,1.0,STAPLES-MOTLEY SCHOOL DISTRICT     ,40.0,STAPLES-MOTLEY SENIOR HIGH         ,0.0,0.0,0.0,2.0,1.0,0.0,2.0,1.0,0.0,0.0,0.0,0.0,38.0,22.0,0.0,0.0,41.0,25.0,6.0,66.0,77,Todd                                         ,32,05 
21-22,2171.0,1.0,KITTSON CENTRAL SCHOOL DISTRICT    ,0.0,District Totals,0.0,0.0,0.0,0.0,0.0,0.0,0.0,0.0,0.0,0.0,0.0,0.0,8.0,4.0,1.0,0.0,9.0,4.0,1.0,13.0,35,Kittson                                      , ,01 
21-22,2171.0,1.0,KITTSON CENTRAL SCHOOL DISTRICT    ,30.0,KITTSON CENTRAL SECONDARY          ,0.0,0.0,0.0,0.0,0.0,0.0,0.0,0.0,0.0,0.0,0.0,0.0,8.0,4.0,1.0,0.0,9.0,4.0,1.0,13.0,35,Kittson                                      ,33,01 
21-22,2172.0,1.0,KENYON-WANAMINGO SCHOOL DISTRICT   ,0.0,District Totals,0.0,0.0,0.0,0.0,0.0,0.0,2.0,0.0,0.0,0.0,0.0,0.0,26.0,18.0,0.0,2.0,28.0,20.0,4.0,48.0,25,Goodhue                                      , ,10 
21-22,2172.0,1.0,KENYON-WANAMINGO SCHOOL DISTRICT   ,20.0,KENYON-WANAMINGO SENIOR HIGH       ,0.0,0.0,0.0,0.0,0.0,0.0,2.0,0.0,0.0,0.0,0.0,0.0,26.0,18.0,0.0,2.0,28.0,20.0,4.0,48.0,25,Goodhue                                      ,32,10 
21-22,2174.0,1.0,PINE RIVER-BACKUS SCHOOL DISTRICT  ,0.0,District Totals,0.0,0.0,0.0,0.0,0.0,0.0,1.0,0.0,1.0,0.0,0.0,0.0,28.0,24.0,0.0,0.0,30.0,24.0,2.0,54.0,11,Cass                                         , ,05 
21-22,2174.0,1.0,PINE RIVER-BACKUS SCHOOL DISTRICT  ,20.0,PINE RIVER-BACKUS HIGH SCHOOL      ,0.0,0.0,0.0,0.0,0.0,0.0,0.0,0.0,1.0,0.0,0.0,0.0,23.0,19.0,0.0,0.0,24.0,19.0,1.0,43.0,11,Cass                                         ,33,05 
21-22,2174.0,1.0,PINE RIVER-BACKUS SCHOOL DISTRICT  ,30.0,PINE RIVER-BACKUS AREA LEARNING CTR,0.0,0.0,0.0,0.0,0.0,0.0,1.0,0.0,0.0,0.0,0.0,0.0,5.0,5.0,0.0,0.0,6.0,5.0,1.0,11.0,11,Cass                                         ,41,05 
21-22,2176.0,1.0,WARREN-ALVARADO-OSLO SCHOOL DIST.  ,0.0,District Totals,0.0,0.0,0.0,0.0,0.0,0.0,3.0,2.0,0.0,0.0,0.0,0.0,15.0,12.0,1.0,0.0,19.0,14.0,6.0,33.0,45,Marshall                                     , ,01 
21-22,2176.0,1.0,WARREN-ALVARADO-OSLO SCHOOL DIST.  ,20.0,WARREN-ALVARADO-OSLO SECONDARY     ,0.0,0.0,0.0,0.0,0.0,0.0,3.0,2.0,0.0,0.0,0.0,0.0,15.0,12.0,1.0,0.0,19.0,14.0,6.0,33.0,45,Marshall                                     ,33,01 
21-22,2180.0,1.0,MACCRAY School District            ,0.0,District Totals,0.0,0.0,0.0,0.0,0.0,0.0,0.0,4.0,0.0,0.0,0.0,0.0,20.0,23.0,0.0,1.0,20.0,28.0,5.0,48.0,12,Chippewa                                     , ,06W
21-22,2180.0,1.0,MACCRAY School District            ,20.0,MACCRAY SENIOR HIGH                ,0.0,0.0,0.0,0.0,0.0,0.0,0.0,4.0,0.0,0.0,0.0,0.0,20.0,23.0,0.0,1.0,20.0,28.0,5.0,48.0,12,Chippewa                                     ,33,06W
21-22,2184.0,1.0,LUVERNE PUBLIC SCHOOL DISTRICT     ,0.0,District Totals,1.0,0.0,0.0,1.0,1.0,0.0,0.0,4.0,0.0,0.0,0.0,0.0,47.0,30.0,1.0,1.0,50.0,36.0,9.0,86.0,67,Rock                                         , ,08 
21-22,2184.0,1.0,LUVERNE PUBLIC SCHOOL DISTRICT     ,4.0,LUVERNE SENIOR HIGH                ,1.0,0.0,0.0,1.0,1.0,0.0,0.0,3.0,0.0,0.0,0.0,0.0,43.0,28.0,1.0,1.0,46.0,33.0,8.0,79.0,67,Rock                                         ,32,08 
21-22,2184.0,1.0,LUVERNE PUBLIC SCHOOL DISTRICT     ,6.0,LUVERNE ALTERNATIVE PROGRAM        ,0.0,0.0,0.0,0.0,0.0,0.0,0.0,1.0,0.0,0.0,0.0,0.0,4.0,2.0,0.0,0.0,4.0,3.0,1.0,7.0,67,Rock                                         ,42,08 
21-22,2190.0,1.0,YELLOW MEDICINE EAST               ,0.0,District Totals,4.0,3.0,0.0,0.0,1.0,0.0,4.0,2.0,0.0,0.0,1.0,0.0,21.0,21.0,0.0,0.0,31.0,26.0,15.0,57.0,87,Yellow Medicine                              , ,06W
21-22,2190.0,1.0,YELLOW MEDICINE EAST               ,22.0,YELLOW MEDICINE EAST HIGH SCHOOL   ,4.0,3.0,0.0,0.0,1.0,0.0,4.0,2.0,0.0,0.0,1.0,0.0,21.0,21.0,0.0,0.0,31.0,26.0,15.0,57.0,87,Yellow Medicine                              ,32,06W
21-22,2198.0,1.0,FILLMORE CENTRAL                   ,0.0,District Totals,0.0,0.0,0.0,0.0,0.0,0.0,1.0,0.0,0.0,0.0,0.0,0.0,11.0,17.0,1.0,0.0,13.0,17.0,2.0,30.0,23,Fillmore                                     , ,10 
21-22,2198.0,1.0,FILLMORE CENTRAL                   ,456.0,FILLMORE CENTRAL SENIOR HIGH       ,0.0,0.0,0.0,0.0,0.0,0.0,1.0,0.0,0.0,0.0,0.0,0.0,11.0,17.0,1.0,0.0,13.0,17.0,2.0,30.0,23,Fillmore                                     ,33,10 
21-22,2215.0,1.0,NORMAN COUNTY EAST SCHOOL DISTRICT ,0.0,District Totals,1.0,0.0,0.0,0.0,0.0,0.0,0.0,0.0,0.0,0.0,0.0,0.0,7.0,9.0,0.0,0.0,8.0,9.0,1.0,17.0,54,Norman                                       , ,01 
21-22,2215.0,1.0,NORMAN COUNTY EAST SCHOOL DISTRICT ,2.0,NORMAN COUNTY EAST SECONDARY       ,1.0,0.0,0.0,0.0,0.0,0.0,0.0,0.0,0.0,0.0,0.0,0.0,7.0,9.0,0.0,0.0,8.0,9.0,1.0,17.0,54,Norman                                       ,33,01 
21-22,2310.0,1.0,SIBLEY EAST SCHOOL DISTRICT        ,0.0,District Totals,0.0,0.0,0.0,1.0,0.0,0.0,19.0,10.0,0.0,0.0,0.0,0.0,35.0,23.0,0.0,1.0,54.0,35.0,31.0,89.0,72,Sibley                                       , ,09 
21-22,2310.0,1.0,SIBLEY EAST SCHOOL DISTRICT        ,3.0,SIBLEY EAST-ARLINGTON SENIOR HIGH  ,0.0,0.0,0.0,1.0,0.0,0.0,19.0,10.0,0.0,0.0,0.0,0.0,35.0,23.0,0.0,1.0,54.0,35.0,31.0,89.0,72,Sibley                                       ,32,09 
21-22,2311.0,1.0,CLEARBROOK-GONVICK SCHOOL DISTRICT ,0.0,District Totals,1.0,3.0,0.0,0.0,0.0,0.0,0.0,0.0,0.0,0.0,0.0,0.0,17.0,16.0,0.0,1.0,18.0,20.0,5.0,38.0,15,Clearwater                                   , ,02 
21-22,2311.0,1.0,CLEARBROOK-GONVICK SCHOOL DISTRICT ,20.0,CLEARBROOK-GONVICK SECONDARY       ,1.0,3.0,0.0,0.0,0.0,0.0,0.0,0.0,0.0,0.0,0.0,0.0,17.0,16.0,0.0,1.0,18.0,20.0,5.0,38.0,15,Clearwater                                   ,33,02 
21-22,2342.0,1.0,WEST CENTRAL AREA                  ,0.0,District Totals,0.0,1.0,0.0,0.0,1.0,1.0,0.0,0.0,0.0,0.0,0.0,0.0,17.0,23.0,1.0,2.0,19.0,27.0,6.0,46.0,26,Grant                                        , ,04 
21-22,2342.0,1.0,WEST CENTRAL AREA                  ,3.0,WEST CENTRAL AREA SECONDARY        ,0.0,1.0,0.0,0.0,1.0,1.0,0.0,0.0,0.0,0.0,0.0,0.0,17.0,23.0,1.0,2.0,19.0,27.0,6.0,46.0,26,Grant                                        ,32,04 
21-22,2358.0,1.0,TRI-COUNTY SCHOOL DISTRICT         ,0.0,District Totals,0.0,0.0,0.0,0.0,0.0,0.0,0.0,0.0,0.0,0.0,0.0,0.0,8.0,6.0,0.0,0.0,8.0,6.0,0.0,14.0,35,Kittson                                      , ,01 
21-22,2358.0,1.0,TRI-COUNTY SCHOOL DISTRICT         ,20.0,TRI-COUNTY SECONDARY               ,0.0,0.0,0.0,0.0,0.0,0.0,0.0,0.0,0.0,0.0,0.0,0.0,8.0,6.0,0.0,0.0,8.0,6.0,0.0,14.0,35,Kittson                                      ,33,01 
21-22,2364.0,1.0,BELGRADE-BROOTEN-ELROSA SCHOOL DIST,0.0,District Totals,0.0,0.0,0.0,0.0,0.0,0.0,0.0,2.0,0.0,0.0,1.0,0.0,27.0,21.0,1.0,0.0,29.0,23.0,4.0,52.0,73,Stearns                                      , ,07W
21-22,2364.0,1.0,BELGRADE-BROOTEN-ELROSA SCHOOL DIST,2.0,BELGRADE-BROOTEN-ELROSA SEC.       ,0.0,0.0,0.0,0.0,0.0,0.0,0.0,2.0,0.0,0.0,1.0,0.0,27.0,21.0,1.0,0.0,29.0,23.0,4.0,52.0,73,Stearns                                      ,33,07W
21-22,2365.0,1.0,GFW Public Schools                 ,0.0,District Totals,0.0,0.0,0.0,0.0,0.0,0.0,4.0,3.0,0.0,0.0,0.0,0.0,17.0,21.0,0.0,0.0,21.0,24.0,7.0,45.0,72,Sibley                                       , ,09 
21-22,2365.0,1.0,GFW Public Schools                 ,20.0,GFW High School                    ,0.0,0.0,0.0,0.0,0.0,0.0,4.0,3.0,0.0,0.0,0.0,0.0,17.0,21.0,0.0,0.0,21.0,24.0,7.0,45.0,72,Sibley                                       ,32,09 
21-22,2396.0,1.0,A.C.G.C. Public School District    ,0.0,District Totals,1.0,0.0,0.0,0.0,0.0,1.0,0.0,0.0,0.0,0.0,0.0,1.0,37.0,24.0,1.0,0.0,39.0,26.0,4.0,65.0,47,Meeker                                       , ,06E
21-22,2396.0,1.0,A.C.G.C. Public School District    ,300.0,A.C.G.C. SECONDARY                 ,1.0,0.0,0.0,0.0,0.0,1.0,0.0,0.0,0.0,0.0,0.0,1.0,37.0,24.0,1.0,0.0,39.0,26.0,4.0,65.0,47,Meeker                                       ,33,06E
21-22,2397.0,1.0,LE SUEUR-HENDERSON SCHOOL DISTRICT ,0.0,District Totals,0.0,0.0,0.0,0.0,2.0,0.0,8.0,9.0,0.0,0.0,0.0,0.0,21.0,33.0,2.0,2.0,33.0,44.0,23.0,77.0,40,Le Sueur                                     , ,09 
21-22,2397.0,1.0,LE SUEUR-HENDERSON SCHOOL DISTRICT ,20.0,LE SUEUR-HENDERSON HIGH SCHOOL     ,0.0,0.0,0.0,0.0,2.0,0.0,8.0,8.0,0.0,0.0,0.0,0.0,21.0,33.0,2.0,2.0,33.0,43.0,22.0,76.0,40,Le Sueur                                     ,32,09 
21-22,2397.0,1.0,LE SUEUR-HENDERSON SCHOOL DISTRICT ,30.0,AREA ADULT LEARNING COOPERATIVE    ,0.0,0.0,0.0,0.0,0.0,0.0,0.0,1.0,0.0,0.0,0.0,0.0,0.0,0.0,0.0,0.0,0.0,1.0,1.0,1.0,40,Le Sueur                                     ,42,09 
21-22,2448.0,1.0,MARTIN COUNTY WEST SCHOOL DISTRICT ,0.0,District Totals,0.0,0.0,0.0,0.0,0.0,0.0,0.0,0.0,0.0,0.0,0.0,0.0,28.0,25.0,0.0,0.0,28.0,25.0,0.0,53.0,46,Martin                                       , ,09 
21-22,2448.0,1.0,MARTIN COUNTY WEST SCHOOL DISTRICT ,20.0,MARTIN COUNTY WEST SENIOR HIGH     ,0.0,0.0,0.0,0.0,0.0,0.0,0.0,0.0,0.0,0.0,0.0,0.0,28.0,25.0,0.0,0.0,28.0,25.0,0.0,53.0,46,Martin                                       ,32,09 
21-22,2534.0,1.0,BIRD ISLAND-OLIVIA-LAKE LILLIAN    ,0.0,District Totals,1.0,0.0,0.0,0.0,0.0,0.0,6.0,1.0,0.0,0.0,0.0,0.0,17.0,20.0,0.0,0.0,24.0,21.0,8.0,45.0,65,Renville                                     , ,06E
21-22,2534.0,1.0,BIRD ISLAND-OLIVIA-LAKE LILLIAN    ,20.0,BOLD Senior High School            ,1.0,0.0,0.0,0.0,0.0,0.0,6.0,1.0,0.0,0.0,0.0,0.0,17.0,19.0,0.0,0.0,24.0,20.0,8.0,44.0,65,Renville                                     ,32,06E
21-22,2534.0,1.0,BIRD ISLAND-OLIVIA-LAKE LILLIAN    ,25.0,BOLD ALC                           ,0.0,0.0,0.0,0.0,0.0,0.0,0.0,0.0,0.0,0.0,0.0,0.0,0.0,1.0,0.0,0.0,0.0,1.0,0.0,1.0,65,Renville                                     ,41,06E
21-22,2536.0,1.0,Granada Huntley East Chain         ,0.0,District Totals,0.0,0.0,0.0,0.0,0.0,0.0,0.0,1.0,0.0,0.0,0.0,0.0,8.0,11.0,0.0,1.0,8.0,13.0,2.0,21.0,46,Martin                                       , ,09 
21-22,2536.0,1.0,Granada Huntley East Chain         ,20.0,Granada Huntley East Chain High Sch,0.0,0.0,0.0,0.0,0.0,0.0,0.0,1.0,0.0,0.0,0.0,0.0,8.0,11.0,0.0,1.0,8.0,13.0,2.0,21.0,46,Martin                                       ,32,09 
21-22,2580.0,1.0,EAST CENTRAL SCHOOL DISTRICT       ,0.0,District Totals,2.0,2.0,0.0,0.0,0.0,0.0,1.0,1.0,0.0,0.0,0.0,0.0,28.0,19.0,0.0,0.0,31.0,22.0,6.0,53.0,58,Pine                                         , ,07E
21-22,2580.0,1.0,EAST CENTRAL SCHOOL DISTRICT       ,30.0,EAST CENTRAL SENIOR SECONDARY      ,1.0,1.0,0.0,0.0,0.0,0.0,1.0,0.0,0.0,0.0,0.0,0.0,18.0,14.0,0.0,0.0,20.0,15.0,3.0,35.0,58,Pine                                         ,33,07E
21-22,2580.0,1.0,EAST CENTRAL SCHOOL DISTRICT       ,35.0,CROSSROADS AREA LEARNING CENTER    ,1.0,1.0,0.0,0.0,0.0,0.0,0.0,1.0,0.0,0.0,0.0,0.0,10.0,5.0,0.0,0.0,11.0,7.0,3.0,18.0,58,Pine                                         ,41,07E
21-22,2609.0,1.0,WIN-E-MAC SCHOOL DISTRICT          ,0.0,District Totals,1.0,0.0,0.0,0.0,0.0,0.0,0.0,0.0,0.0,0.0,0.0,0.0,10.0,12.0,0.0,0.0,11.0,12.0,1.0,23.0,60,Polk                                         , ,01 
21-22,2609.0,1.0,WIN-E-MAC SCHOOL DISTRICT          ,20.0,WIN-E-MAC SECONDARY                ,1.0,0.0,0.0,0.0,0.0,0.0,0.0,0.0,0.0,0.0,0.0,0.0,10.0,12.0,0.0,0.0,11.0,12.0,1.0,23.0,60,Polk                                         ,33,01 
21-22,2683.0,1.0,GREENBUSH-MIDDLE RIVER SCHOOL DIST.,0.0,District Totals,0.0,0.0,0.0,0.0,0.0,0.0,0.0,0.0,0.0,0.0,0.0,0.0,12.0,8.0,0.0,0.0,12.0,8.0,0.0,20.0,68,Roseau                                       , ,01 
21-22,2683.0,1.0,GREENBUSH-MIDDLE RIVER SCHOOL DIST.,20.0,Greenbush-Middle River Secondary   ,0.0,0.0,0.0,0.0,0.0,0.0,0.0,0.0,0.0,0.0,0.0,0.0,12.0,8.0,0.0,0.0,12.0,8.0,0.0,20.0,68,Roseau                                       ,33,01 
21-22,2687.0,1.0,HOWARD LAKE-WAVERLY-WINSTED        ,0.0,District Totals,0.0,0.0,0.0,1.0,1.0,2.0,2.0,4.0,0.0,0.0,0.0,0.0,29.0,35.0,1.0,0.0,33.0,42.0,11.0,75.0,86,Wright                                       , ,07W
21-22,2687.0,1.0,HOWARD LAKE-WAVERLY-WINSTED        ,2.0,HOWARD LAKE-WAVERLY-WINSTED SEC.   ,0.0,0.0,0.0,1.0,1.0,1.0,2.0,4.0,0.0,0.0,0.0,0.0,25.0,33.0,0.0,0.0,28.0,39.0,9.0,67.0,86,Wright                                       ,32,07W
21-22,2687.0,1.0,HOWARD LAKE-WAVERLY-WINSTED        ,8.0,HLWW ALTERNATIVE LEARNING PROGRAM  ,0.0,0.0,0.0,0.0,0.0,1.0,0.0,0.0,0.0,0.0,0.0,0.0,4.0,2.0,1.0,0.0,5.0,3.0,2.0,8.0,86,Wright                                       ,42,07W
21-22,2689.0,1.0,PIPESTONE AREA SCHOOL DISTRICT     ,0.0,District Totals,1.0,0.0,1.0,0.0,0.0,1.0,2.0,5.0,0.0,0.0,0.0,0.0,31.0,23.0,1.0,1.0,36.0,30.0,12.0,66.0,59,Pipestone                                    , ,08 
21-22,2689.0,1.0,PIPESTONE AREA SCHOOL DISTRICT     ,8.0,PIPESTONE SENIOR HIGH              ,1.0,0.0,1.0,0.0,0.0,1.0,2.0,5.0,0.0,0.0,0.0,0.0,31.0,23.0,1.0,1.0,36.0,30.0,12.0,66.0,59,Pipestone                                    ,32,08 
21-22,2711.0,1.0,MESABI EAST SCHOOL DISTRICT        ,0.0,District Totals,2.0,0.0,0.0,0.0,1.0,0.0,0.0,0.0,0.0,0.0,0.0,0.0,26.0,38.0,0.0,1.0,29.0,39.0,4.0,68.0,69,St. Louis                                    , ,03 
21-22,2711.0,1.0,MESABI EAST SCHOOL DISTRICT        ,40.0,MESABI EAST SECONDARY              ,2.0,0.0,0.0,0.0,1.0,0.0,0.0,0.0,0.0,0.0,0.0,0.0,26.0,38.0,0.0,1.0,29.0,39.0,4.0,68.0,69,St. Louis                                    ,33,03 
21-22,2752.0,1.0,FAIRMONT AREA SCHOOL DISTRICT      ,0.0,District Totals,1.0,0.0,0.0,2.0,0.0,0.0,5.0,8.0,0.0,0.0,0.0,0.0,37.0,61.0,1.0,1.0,44.0,72.0,18.0,116.0,46,Martin                                       , ,09 
21-22,2752.0,1.0,FAIRMONT AREA SCHOOL DISTRICT      ,60.0,FAIRMONT JR./SR. HIGH SCHOOL       ,1.0,0.0,0.0,2.0,0.0,0.0,5.0,8.0,0.0,0.0,0.0,0.0,37.0,61.0,1.0,1.0,44.0,72.0,18.0,116.0,46,Martin                                       ,33,09 
21-22,2753.0,1.0,Long Prairie-Grey Eagle School Dist,0.0,District Totals,0.0,1.0,1.0,0.0,0.0,0.0,12.0,8.0,1.0,1.0,0.0,0.0,19.0,16.0,0.0,0.0,33.0,26.0,24.0,59.0,77,Todd                                         , ,05 
21-22,2753.0,1.0,Long Prairie-Grey Eagle School Dist,20.0,LONG PRAIRIE-GREY SECONDARY SCHOOL ,0.0,1.0,1.0,0.0,0.0,0.0,12.0,8.0,1.0,1.0,0.0,0.0,19.0,16.0,0.0,0.0,33.0,26.0,24.0,59.0,77,Todd                                         ,33,05 
21-22,2754.0,1.0,CEDAR MOUNTAIN SCHOOL DISTRICT     ,0.0,District Totals,3.0,0.0,0.0,0.0,0.0,0.0,0.0,1.0,0.0,0.0,0.0,0.0,14.0,15.0,0.0,1.0,17.0,17.0,5.0,34.0,64,Redwood                                      , ,08 
21-22,2754.0,1.0,CEDAR MOUNTAIN SCHOOL DISTRICT     ,2.0,CEDAR MOUNTAIN SECONDARY           ,3.0,0.0,0.0,0.0,0.0,0.0,0.0,1.0,0.0,0.0,0.0,0.0,14.0,15.0,0.0,1.0,17.0,17.0,5.0,34.0,64,Redwood                                      ,33,08 
21-22,2769.0,1.0,MORRIS AREA PUBLIC SCHOOLS         ,0.0,District Totals,1.0,2.0,1.0,0.0,0.0,1.0,4.0,2.0,0.0,0.0,0.0,0.0,39.0,36.0,0.0,0.0,45.0,41.0,11.0,86.0,75,Stevens                                      , ,04 
21-22,2769.0,1.0,MORRIS AREA PUBLIC SCHOOLS         ,10.0,Morris Area Secondary              ,1.0,2.0,1.0,0.0,0.0,1.0,4.0,2.0,0.0,0.0,0.0,0.0,39.0,36.0,0.0,0.0,45.0,41.0,11.0,86.0,75,Stevens                                      ,33,04 
21-22,2805.0,1.0,ZUMBROTA-MAZEPPA SCHOOL DISTRICT   ,0.0,District Totals,2.0,0.0,1.0,0.0,0.0,0.0,0.0,2.0,0.0,0.0,0.0,0.0,29.0,41.0,3.0,0.0,35.0,43.0,8.0,78.0,25,Goodhue                                      , ,10 
21-22,2805.0,1.0,ZUMBROTA-MAZEPPA SCHOOL DISTRICT   ,2.0,ZUMBROTA-MAZEPPA SENIOR HIGH       ,2.0,0.0,1.0,0.0,0.0,0.0,0.0,2.0,0.0,0.0,0.0,0.0,29.0,41.0,3.0,0.0,35.0,43.0,8.0,78.0,25,Goodhue                                      ,32,10 
21-22,2835.0,1.0,JANESVILLE-WALDORF-PEMBERTON       ,0.0,District Totals,0.0,0.0,1.0,0.0,0.0,0.0,0.0,0.0,0.0,0.0,0.0,0.0,30.0,27.0,1.0,0.0,32.0,27.0,2.0,59.0,81,Waseca                                       , ,09 
21-22,2835.0,1.0,JANESVILLE-WALDORF-PEMBERTON       ,20.0,JANESVILLE-WALDORF-PEMBERTON SEC   ,0.0,0.0,1.0,0.0,0.0,0.0,0.0,0.0,0.0,0.0,0.0,0.0,30.0,27.0,1.0,0.0,32.0,27.0,2.0,59.0,81,Waseca                                       ,33,09 
21-22,2853.0,1.0,Lac qui Parle Valley Schools       ,0.0,District Totals,0.0,0.0,0.0,0.0,0.0,0.0,0.0,0.0,1.0,0.0,0.0,0.0,28.0,18.0,1.0,2.0,30.0,20.0,4.0,50.0,37,Lac qui Parle                                , ,06W
21-22,2853.0,1.0,Lac qui Parle Valley Schools       ,40.0,LAC QUI PARLE VALLEY SECONDARY     ,0.0,0.0,0.0,0.0,0.0,0.0,0.0,0.0,1.0,0.0,0.0,0.0,28.0,18.0,1.0,2.0,30.0,20.0,4.0,50.0,37,Lac qui Parle                                ,33,06W
21-22,2856.0,1.0,STEPHEN-ARGYLE CENTRAL SCHOOLS     ,0.0,District Totals,0.0,0.0,0.0,0.0,0.0,0.0,1.0,0.0,0.0,0.0,0.0,0.0,10.0,13.0,0.0,1.0,11.0,14.0,2.0,25.0,45,Marshall                                     , ,01 
21-22,2856.0,1.0,STEPHEN-ARGYLE CENTRAL SCHOOLS     ,30.0,STEPHEN SENIOR HIGH                ,0.0,0.0,0.0,0.0,0.0,0.0,1.0,0.0,0.0,0.0,0.0,0.0,10.0,13.0,0.0,1.0,11.0,14.0,2.0,25.0,45,Marshall                                     ,33,01 
21-22,2859.0,1.0,GLENCOE-SILVER LAKE SCHOOL DISTRICT,0.0,District Totals,0.0,0.0,0.0,0.0,1.0,1.0,8.0,11.0,0.0,0.0,0.0,0.0,40.0,57.0,1.0,0.0,50.0,69.0,22.0,119.0,43,McLeod                                       , ,06E
21-22,2859.0,1.0,GLENCOE-SILVER LAKE SCHOOL DISTRICT,60.0,GLENCOE-SILVER LAKE SENIOR HIGH    ,0.0,0.0,0.0,0.0,1.0,1.0,8.0,11.0,0.0,0.0,0.0,0.0,40.0,57.0,1.0,0.0,50.0,69.0,22.0,119.0,43,McLeod                                       ,32,06E
21-22,2860.0,1.0,BLUE EARTH AREA PUBLIC SCHOOL      ,0.0,District Totals,0.0,0.0,0.0,0.0,0.0,0.0,3.0,9.0,0.0,0.0,0.0,0.0,29.0,32.0,1.0,0.0,33.0,41.0,13.0,74.0,22,Faribault                                    , ,09 
21-22,2860.0,1.0,BLUE EARTH AREA PUBLIC SCHOOL      ,20.0,Blue Earth Area Secondary          ,0.0,0.0,0.0,0.0,0.0,0.0,3.0,9.0,0.0,0.0,0.0,0.0,29.0,32.0,1.0,0.0,33.0,41.0,13.0,74.0,22,Faribault                                    ,33,09 
21-22,2884.0,1.0,RED ROCK CENTRAL SCHOOL DISTRICT   ,0.0,District Totals,0.0,0.0,1.0,0.0,0.0,0.0,0.0,1.0,0.0,0.0,0.0,0.0,13.0,14.0,1.0,1.0,15.0,16.0,4.0,31.0,64,Redwood                                      , ,08 
21-22,2884.0,1.0,RED ROCK CENTRAL SCHOOL DISTRICT   ,20.0,RED ROCK CENTRAL SECONDARY         ,0.0,0.0,1.0,0.0,0.0,0.0,0.0,1.0,0.0,0.0,0.0,0.0,13.0,14.0,1.0,1.0,15.0,16.0,4.0,31.0,64,Redwood                                      ,33,08 
21-22,2886.0,1.0,GLENVILLE-EMMONS SCHOOL DISTRICT   ,0.0,District Totals,0.0,0.0,0.0,0.0,0.0,0.0,0.0,0.0,0.0,0.0,0.0,0.0,8.0,6.0,0.0,0.0,8.0,6.0,0.0,14.0,24,Freeborn                                     , ,10 
21-22,2886.0,1.0,GLENVILLE-EMMONS SCHOOL DISTRICT   ,300.0,GLENVILLE-EMMONS SECONDARY         ,0.0,0.0,0.0,0.0,0.0,0.0,0.0,0.0,0.0,0.0,0.0,0.0,8.0,6.0,0.0,0.0,8.0,6.0,0.0,14.0,24,Freeborn                                     ,33,10 
21-22,2888.0,1.0,CLINTON-GRACEVILLE-BEARDSLEY       ,0.0,District Totals,0.0,0.0,0.0,0.0,0.0,0.0,0.0,0.0,0.0,0.0,0.0,0.0,8.0,9.0,0.0,0.0,8.0,9.0,0.0,17.0,06,Big Stone                                    , ,06W
21-22,2888.0,1.0,CLINTON-GRACEVILLE-BEARDSLEY       ,3.0,6-12th Grade Building              ,0.0,0.0,0.0,0.0,0.0,0.0,0.0,0.0,0.0,0.0,0.0,0.0,8.0,9.0,0.0,0.0,8.0,9.0,0.0,17.0,06,Big Stone                                    ,33,06W
21-22,2889.0,1.0,LAKE PARK AUDUBON SCHOOL DISTRICT  ,0.0,District Totals,1.0,4.0,0.0,1.0,1.0,0.0,0.0,0.0,0.0,0.0,0.0,0.0,23.0,18.0,0.0,0.0,25.0,23.0,7.0,48.0,03,Becker                                       , ,04 
21-22,2889.0,1.0,LAKE PARK AUDUBON SCHOOL DISTRICT  ,20.0,LAKE PARK AUDUBON SECONDARY        ,1.0,4.0,0.0,1.0,1.0,0.0,0.0,0.0,0.0,0.0,0.0,0.0,23.0,18.0,0.0,0.0,25.0,23.0,7.0,48.0,03,Becker                                       ,33,04 
21-22,2890.0,1.0,Renville County West Schools       ,0.0,District Totals,0.0,0.0,0.0,1.0,0.0,0.0,1.0,3.0,0.0,0.0,0.0,0.0,12.0,15.0,0.0,0.0,13.0,19.0,5.0,32.0,65,Renville                                     , ,06E
21-22,2890.0,1.0,Renville County West Schools       ,20.0,RENVILLE COUNTY WEST SENIOR HIGH   ,0.0,0.0,0.0,1.0,0.0,0.0,1.0,3.0,0.0,0.0,0.0,0.0,12.0,15.0,0.0,0.0,13.0,19.0,5.0,32.0,65,Renville                                     ,33,06E
21-22,2895.0,1.0,JACKSON COUNTY CENTRAL SCHOOL DIST.,0.0,District Totals,0.0,0.0,1.0,0.0,0.0,0.0,2.0,1.0,0.0,0.0,0.0,0.0,40.0,27.0,2.0,0.0,45.0,28.0,6.0,73.0,32,Jackson                                      , ,08 
21-22,2895.0,1.0,JACKSON COUNTY CENTRAL SCHOOL DIST.,113.0,Jackson County Central Senior High ,0.0,0.0,1.0,0.0,0.0,0.0,2.0,1.0,0.0,0.0,0.0,0.0,40.0,27.0,2.0,0.0,45.0,28.0,6.0,73.0,32,Jackson                                      ,32,08 
21-22,2897.0,1.0,REDWOOD AREA SCHOOL DISTRICT       ,0.0,District Totals,5.0,4.0,0.0,0.0,1.0,0.0,1.0,3.0,0.0,0.0,0.0,0.0,27.0,25.0,0.0,1.0,34.0,33.0,15.0,67.0,64,Redwood                                      , ,08 
21-22,2897.0,1.0,REDWOOD AREA SCHOOL DISTRICT       ,1.0,REDWOOD VALLEY SENIOR HIGH         ,5.0,4.0,0.0,0.0,1.0,0.0,1.0,3.0,0.0,0.0,0.0,0.0,27.0,25.0,0.0,1.0,34.0,33.0,15.0,67.0,64,Redwood                                      ,32,08 
21-22,2898.0,1.0,WESTBROOK-WALNUT GROVE SCHOOLS     ,0.0,District Totals,0.0,0.0,4.0,1.0,0.0,0.0,0.0,0.0,0.0,0.0,0.0,0.0,7.0,7.0,1.0,0.0,12.0,8.0,6.0,20.0,17,Cottonwood                                   , ,08 
21-22,2898.0,1.0,WESTBROOK-WALNUT GROVE SCHOOLS     ,30.0,WESTBROOK-WALNUT GROVE SECONDARY   ,0.0,0.0,4.0,1.0,0.0,0.0,0.0,0.0,0.0,0.0,0.0,0.0,7.0,7.0,1.0,0.0,12.0,8.0,6.0,20.0,17,Cottonwood                                   ,33,08 
21-22,2899.0,1.0,PLAINVIEW-ELGIN-MILLVILLE          ,0.0,District Totals,0.0,0.0,1.0,0.0,0.0,0.0,6.0,4.0,0.0,0.0,0.0,0.0,47.0,41.0,0.0,0.0,54.0,45.0,11.0,99.0,79,Wabasha                                      , ,10 
21-22,2899.0,1.0,PLAINVIEW-ELGIN-MILLVILLE          ,40.0,PLAINVIEW-ELGIN-MILLVILLE HIGH     ,0.0,0.0,1.0,0.0,0.0,0.0,6.0,4.0,0.0,0.0,0.0,0.0,47.0,41.0,0.0,0.0,54.0,45.0,11.0,99.0,79,Wabasha                                      ,32,10 
21-22,2902.0,1.0,RTR PUBLIC SCHOOLS                 ,0.0,District Totals,0.0,0.0,1.0,0.0,0.0,0.0,0.0,0.0,0.0,0.0,0.0,0.0,21.0,23.0,1.0,0.0,23.0,23.0,2.0,46.0,41,Lincoln                                      , ,08 
21-22,2902.0,1.0,RTR PUBLIC SCHOOLS                 ,300.0,RTR Secondary School               ,0.0,0.0,1.0,0.0,0.0,0.0,0.0,0.0,0.0,0.0,0.0,0.0,20.0,23.0,1.0,0.0,22.0,23.0,2.0,45.0,41,Lincoln                                      ,33,08 
21-22,2902.0,1.0,RTR PUBLIC SCHOOLS                 ,400.0,RTR ALP                            ,0.0,0.0,0.0,0.0,0.0,0.0,0.0,0.0,0.0,0.0,0.0,0.0,1.0,0.0,0.0,0.0,1.0,0.0,0.0,1.0,41,Lincoln                                      ,42,08 
21-22,2903.0,1.0,ORTONVILLE PUBLIC SCHOOLS          ,0.0,District Totals,0.0,0.0,0.0,0.0,0.0,0.0,0.0,0.0,0.0,0.0,0.0,0.0,20.0,14.0,0.0,1.0,20.0,15.0,1.0,35.0,06,Big Stone                                    , ,06W
21-22,2903.0,1.0,ORTONVILLE PUBLIC SCHOOLS          ,20.0,ORTONVILLE SECONDARY               ,0.0,0.0,0.0,0.0,0.0,0.0,0.0,0.0,0.0,0.0,0.0,0.0,20.0,14.0,0.0,1.0,20.0,15.0,1.0,35.0,06,Big Stone                                    ,33,06W
21-22,2904.0,1.0,TRACY AREA PUBLIC SCHOOL DISTRICT  ,0.0,District Totals,0.0,0.0,6.0,6.0,1.0,0.0,2.0,0.0,0.0,0.0,0.0,1.0,27.0,23.0,0.0,0.0,36.0,30.0,16.0,66.0,42,Lyon                                         , ,08 
21-22,2904.0,1.0,TRACY AREA PUBLIC SCHOOL DISTRICT  ,1.0,TRACY SECONDARY                    ,0.0,0.0,6.0,6.0,1.0,0.0,2.0,0.0,0.0,0.0,0.0,1.0,27.0,23.0,0.0,0.0,36.0,30.0,16.0,66.0,42,Lyon                                         ,33,08 
21-22,2905.0,1.0,TRI-CITY UNITED SCHOOL DISTRICT    ,0.0,District Totals,1.0,0.0,0.0,0.0,1.0,0.0,9.0,13.0,0.0,0.0,0.0,0.0,44.0,45.0,3.0,1.0,58.0,59.0,28.0,117.0,40,Le Sueur                                     , ,09 
21-22,2905.0,1.0,TRI-CITY UNITED SCHOOL DISTRICT    ,20.0,TRI-CITY UNITED HIGH SCHOOL        ,1.0,0.0,0.0,0.0,1.0,0.0,9.0,13.0,0.0,0.0,0.0,0.0,44.0,45.0,3.0,1.0,58.0,59.0,28.0,117.0,40,Le Sueur                                     ,32,09 
21-22,2906.0,1.0,RED LAKE COUNTY CENTRAL PUBLIC SCH ,0.0,District Totals,1.0,1.0,0.0,0.0,0.0,1.0,0.0,2.0,0.0,0.0,0.0,0.0,13.0,9.0,0.0,1.0,14.0,14.0,6.0,28.0,63,Red Lake                                     , ,01 
21-22,2906.0,1.0,RED LAKE COUNTY CENTRAL PUBLIC SCH ,20.0,Red Lake County Central High School,1.0,1.0,0.0,0.0,0.0,1.0,0.0,2.0,0.0,0.0,0.0,0.0,13.0,9.0,0.0,1.0,14.0,14.0,6.0,28.0,63,Red Lake                                     ,33,01 
21-22,2908.0,1.0,BRANDON-EVANSVILLE PUBLIC SCHOOLS  ,0.0,District Totals,0.0,0.0,0.0,0.0,0.0,0.0,0.0,1.0,0.0,0.0,0.0,0.0,19.0,11.0,0.0,1.0,19.0,13.0,2.0,32.0,21,Douglas                                      , ,04 
21-22,2908.0,1.0,BRANDON-EVANSVILLE PUBLIC SCHOOLS  ,4.0,Brandon-Evansville High School     ,0.0,0.0,0.0,0.0,0.0,0.0,0.0,1.0,0.0,0.0,0.0,0.0,19.0,11.0,0.0,1.0,19.0,13.0,2.0,32.0,21,Douglas                                      ,32,04 
21-22,2909.0,1.0,Rock Ridge Public Schools          ,0.0,District Totals,2.0,7.0,0.0,0.0,0.0,0.0,0.0,0.0,0.0,0.0,0.0,0.0,62.0,70.0,0.0,2.0,64.0,79.0,11.0,143.0,69,St. Louis                                    , ,03 
21-22,2909.0,1.0,Rock Ridge Public Schools          ,40.0,Eveleth-Gilbert Senior High        ,0.0,0.0,0.0,0.0,0.0,0.0,0.0,0.0,0.0,0.0,0.0,0.0,19.0,26.0,0.0,0.0,19.0,26.0,0.0,45.0,69,St. Louis                                    ,32,03 
21-22,2909.0,1.0,Rock Ridge Public Schools          ,90.0,Virginia Secondary                 ,2.0,7.0,0.0,0.0,0.0,0.0,0.0,0.0,0.0,0.0,0.0,0.0,43.0,44.0,0.0,2.0,45.0,53.0,11.0,98.0,69,St. Louis                                    ,33,03 
21-22,2910.0,1.0,Ada-Borup-West Public Schools      ,0.0,District Totals,1.0,0.0,0.0,0.0,0.0,0.0,2.0,1.0,0.0,0.0,0.0,0.0,24.0,20.0,0.0,1.0,27.0,22.0,5.0,49.0,54,Norman                                       , ,01 
21-22,2910.0,1.0,Ada-Borup-West Public Schools      ,30.0,Ada-Borup-West Secondary           ,1.0,0.0,0.0,0.0,0.0,0.0,2.0,1.0,0.0,0.0,0.0,0.0,24.0,20.0,0.0,1.0,27.0,22.0,5.0,49.0,54,Norman                                       ,33,01 
21-22,4000.0,7.0,City Academy                       ,0.0,District Totals,3.0,2.0,20.0,5.0,8.0,20.0,5.0,9.0,0.0,0.0,0.0,0.0,4.0,1.0,3.0,2.0,43.0,39.0,77.0,82.0,62,Ramsey                                       , ,11 
21-22,4000.0,7.0,City Academy                       ,10.0,CITY ACADEMY                       ,3.0,2.0,20.0,5.0,8.0,20.0,5.0,9.0,0.0,0.0,0.0,0.0,4.0,1.0,3.0,2.0,43.0,39.0,77.0,82.0,62,Ramsey                                       ,33,11 
21-22,4003.0,7.0,"NEW HEIGHTS SCHOOL, INC.           ",0.0,District Totals,0.0,0.0,0.0,0.0,0.0,0.0,0.0,0.0,0.0,0.0,0.0,0.0,2.0,3.0,0.0,0.0,2.0,3.0,0.0,5.0,82,Washington                                   , ,11 
21-22,4003.0,7.0,"NEW HEIGHTS SCHOOL, INC.           ",10.0,"NEW HEIGHTS SCHOOL, INC.           ",0.0,0.0,0.0,0.0,0.0,0.0,0.0,0.0,0.0,0.0,0.0,0.0,2.0,3.0,0.0,0.0,2.0,3.0,0.0,5.0,82,Washington                                   ,40,11 
21-22,4005.0,7.0,METRO DEAF SCHOOL                  ,0.0,District Totals,0.0,0.0,0.0,0.0,1.0,0.0,1.0,2.0,0.0,0.0,0.0,0.0,3.0,3.0,0.0,0.0,5.0,5.0,4.0,10.0,62,Ramsey                                       , ,11 
21-22,4005.0,7.0,METRO DEAF SCHOOL                  ,10.0,METRO DEAF SCHOOL                  ,0.0,0.0,0.0,0.0,1.0,0.0,1.0,2.0,0.0,0.0,0.0,0.0,3.0,3.0,0.0,0.0,5.0,5.0,4.0,10.0,62,Ramsey                                       ,50,11 
21-22,4007.0,7.0,Minnesota New Country School       ,0.0,District Totals,1.0,0.0,0.0,0.0,0.0,0.0,0.0,0.0,0.0,0.0,0.0,0.0,9.0,12.0,0.0,0.0,10.0,12.0,1.0,22.0,72,Sibley                                       , ,09 
21-22,4007.0,7.0,Minnesota New Country School       ,10.0,MINNESOTA NEW COUNTRY SCHOOL       ,1.0,0.0,0.0,0.0,0.0,0.0,0.0,0.0,0.0,0.0,0.0,0.0,9.0,12.0,0.0,0.0,10.0,12.0,1.0,22.0,72,Sibley                                       ,33,09 
21-22,4008.0,7.0,PACT CHARTER SCHOOL                ,0.0,District Totals,0.0,0.0,1.0,0.0,0.0,0.0,0.0,3.0,0.0,0.0,0.0,0.0,21.0,23.0,2.0,1.0,24.0,27.0,7.0,51.0,02,Anoka                                        , ,11 
21-22,4008.0,7.0,PACT CHARTER SCHOOL                ,30.0,PACT CHARTER SECONDARY             ,0.0,0.0,1.0,0.0,0.0,0.0,0.0,3.0,0.0,0.0,0.0,0.0,21.0,23.0,2.0,1.0,24.0,27.0,7.0,51.0,02,Anoka                                        ,33,11 
21-22,4015.0,7.0,COMMUNITY OF PEACE ACADEMY         ,0.0,District Totals,0.0,0.0,9.0,8.0,3.0,7.0,8.0,6.0,0.0,0.0,0.0,0.0,3.0,1.0,2.0,2.0,25.0,24.0,45.0,49.0,62,Ramsey                                       , ,11 
21-22,4015.0,7.0,COMMUNITY OF PEACE ACADEMY         ,11.0,Community of Peace Academy High Sch,0.0,0.0,9.0,8.0,3.0,7.0,8.0,6.0,0.0,0.0,0.0,0.0,3.0,1.0,2.0,2.0,25.0,24.0,45.0,49.0,62,Ramsey                                       ,32,11 
21-22,4017.0,7.0,Minnesota Transitions Charter Sch  ,0.0,District Totals,2.0,11.0,2.0,7.0,19.0,27.0,9.0,26.0,0.0,0.0,0.0,0.0,158.0,229.0,6.0,18.0,196.0,318.0,127.0,514.0,27,Hennepin                                     , ,11 
21-22,4017.0,7.0,Minnesota Transitions Charter Sch  ,12.0,MTS HIGH SCHOOL                    ,0.0,0.0,0.0,0.0,3.0,1.0,1.0,0.0,0.0,0.0,0.0,0.0,1.0,0.0,0.0,0.0,5.0,1.0,5.0,6.0,27,Hennepin                                     ,33,11 
21-22,4017.0,7.0,Minnesota Transitions Charter Sch  ,14.0,Minnesota Virtual Schools          ,0.0,1.0,1.0,1.0,4.0,3.0,1.0,1.0,0.0,0.0,0.0,0.0,10.0,25.0,1.0,2.0,17.0,33.0,15.0,50.0,27,Hennepin                                     ,46,11 
21-22,4017.0,7.0,Minnesota Transitions Charter Sch  ,16.0,MTS PEASE ACADEMY                  ,0.0,0.0,0.0,0.0,0.0,0.0,0.0,0.0,0.0,0.0,0.0,0.0,5.0,2.0,0.0,0.0,5.0,2.0,0.0,7.0,27,Hennepin                                     ,32,11 
21-22,4017.0,7.0,Minnesota Transitions Charter Sch  ,18.0,Minnesota Connections Academy 7-12 ,2.0,10.0,1.0,6.0,8.0,20.0,7.0,25.0,0.0,0.0,0.0,0.0,142.0,202.0,5.0,16.0,165.0,279.0,100.0,444.0,27,Hennepin                                     ,46,11 
21-22,4017.0,7.0,Minnesota Transitions Charter Sch  ,27.0,Banaadir Secondary                 ,0.0,0.0,0.0,0.0,4.0,3.0,0.0,0.0,0.0,0.0,0.0,0.0,0.0,0.0,0.0,0.0,4.0,3.0,7.0,7.0,27,Hennepin                                     ,33,11 
21-22,4025.0,7.0,CYBER VILLAGE ACADEMY              ,0.0,District Totals,0.0,1.0,1.0,1.0,2.0,0.0,1.0,1.0,0.0,0.0,0.0,0.0,10.0,7.0,1.0,2.0,15.0,12.0,10.0,27.0,27,Hennepin                                     , ,11 
21-22,4025.0,7.0,CYBER VILLAGE ACADEMY              ,10.0,CVA PASCAL Middle & High School    ,0.0,0.0,1.0,1.0,0.0,0.0,0.0,1.0,0.0,0.0,0.0,0.0,6.0,2.0,0.0,1.0,7.0,5.0,4.0,12.0,27,Hennepin                                     ,46,11 
21-22,4025.0,7.0,CYBER VILLAGE ACADEMY              ,50.0,CVA Fusion High School (9-12)      ,0.0,1.0,0.0,0.0,2.0,0.0,1.0,0.0,0.0,0.0,0.0,0.0,4.0,5.0,1.0,1.0,8.0,7.0,6.0,15.0,27,Hennepin                                     ,32,11 
21-22,4026.0,7.0,E.C.H.O. CHARTER SCHOOL            ,0.0,District Totals,0.0,0.0,0.0,0.0,0.0,0.0,0.0,0.0,0.0,0.0,0.0,1.0,2.0,2.0,0.0,0.0,2.0,3.0,1.0,5.0,87,Yellow Medicine                              , ,06W
21-22,4026.0,7.0,E.C.H.O. CHARTER SCHOOL            ,10.0,E.C.H.O. Secondary                 ,0.0,0.0,0.0,0.0,0.0,0.0,0.0,0.0,0.0,0.0,0.0,1.0,2.0,2.0,0.0,0.0,2.0,3.0,1.0,5.0,87,Yellow Medicine                              ,33,06W
21-22,4027.0,7.0,HIGHER GROUND ACADEMY              ,0.0,District Totals,0.0,0.0,0.0,0.0,26.0,28.0,0.0,0.0,0.0,0.0,0.0,0.0,0.0,0.0,0.0,0.0,26.0,28.0,54.0,54.0,62,Ramsey                                       , ,11 
21-22,4027.0,7.0,HIGHER GROUND ACADEMY              ,30.0,Higher Ground Secondary Academy    ,0.0,0.0,0.0,0.0,26.0,28.0,0.0,0.0,0.0,0.0,0.0,0.0,0.0,0.0,0.0,0.0,26.0,28.0,54.0,54.0,62,Ramsey                                       ,33,11 
21-22,4029.0,7.0,ST. PAUL CITY SCHOOL               ,0.0,District Totals,0.0,0.0,0.0,0.0,1.0,1.0,0.0,0.0,0.0,0.0,0.0,0.0,3.0,2.0,0.0,0.0,4.0,3.0,2.0,7.0,62,Ramsey                                       , ,11 
21-22,4029.0,7.0,ST. PAUL CITY SCHOOL               ,30.0,River's Edge Academy               ,0.0,0.0,0.0,0.0,1.0,1.0,0.0,0.0,0.0,0.0,0.0,0.0,3.0,2.0,0.0,0.0,4.0,3.0,2.0,7.0,62,Ramsey                                       ,32,11 
21-22,4031.0,7.0,Jennings Community School          ,0.0,District Totals,2.0,1.0,2.0,0.0,6.0,3.0,0.0,0.0,0.0,0.0,0.0,0.0,3.0,2.0,0.0,0.0,13.0,6.0,14.0,19.0,62,Ramsey                                       , ,11 
21-22,4031.0,7.0,Jennings Community School          ,10.0,JENNINGS EXPERIENTIAL HIGH SCHOOL  ,2.0,1.0,2.0,0.0,6.0,3.0,0.0,0.0,0.0,0.0,0.0,0.0,3.0,2.0,0.0,0.0,13.0,6.0,14.0,19.0,62,Ramsey                                       ,32,11 
21-22,4036.0,7.0,FACE TO FACE ACADEMY               ,0.0,District Totals,0.0,0.0,0.0,0.0,2.0,3.0,0.0,1.0,0.0,0.0,0.0,1.0,2.0,3.0,0.0,0.0,4.0,8.0,7.0,12.0,62,Ramsey                                       , ,11 
21-22,4036.0,7.0,FACE TO FACE ACADEMY               ,10.0,FACE TO FACE ACADEMY               ,0.0,0.0,0.0,0.0,2.0,3.0,0.0,1.0,0.0,0.0,0.0,1.0,2.0,3.0,0.0,0.0,4.0,8.0,7.0,12.0,62,Ramsey                                       ,33,11 
21-22,4039.0,7.0,HIGH SCHOOL FOR RECORDING ARTS     ,0.0,District Totals,5.0,4.0,0.0,2.0,28.0,40.0,2.0,4.0,0.0,0.0,0.0,0.0,2.0,2.0,5.0,6.0,42.0,58.0,96.0,100.0,62,Ramsey                                       , ,11 
21-22,4039.0,7.0,HIGH SCHOOL FOR RECORDING ARTS     ,10.0,HIGH SCHOOL FOR RECORDING ARTS     ,5.0,4.0,0.0,2.0,28.0,40.0,2.0,4.0,0.0,0.0,0.0,0.0,2.0,2.0,5.0,6.0,42.0,58.0,96.0,100.0,62,Ramsey                                       ,32,11 
21-22,4043.0,7.0,MATH AND SCIENCE ACADEMY           ,0.0,District Totals,2.0,0.0,2.0,7.0,7.0,8.0,0.0,1.0,0.0,0.0,0.0,0.0,13.0,13.0,2.0,2.0,26.0,31.0,31.0,57.0,82,Washington                                   , ,11 
21-22,4043.0,7.0,MATH AND SCIENCE ACADEMY           ,10.0,MATH AND SCIENCE ACADEMY           ,2.0,0.0,2.0,7.0,7.0,8.0,0.0,1.0,0.0,0.0,0.0,0.0,13.0,13.0,2.0,2.0,26.0,31.0,31.0,57.0,82,Washington                                   ,33,11 
21-22,4049.0,7.0,NORTHWEST PASSAGE HIGH SCHOOL      ,0.0,District Totals,1.0,0.0,1.0,0.0,1.0,0.0,1.0,3.0,0.0,0.0,0.0,0.0,14.0,6.0,3.0,1.0,21.0,10.0,11.0,31.0,02,Anoka                                        , ,11 
21-22,4049.0,7.0,NORTHWEST PASSAGE HIGH SCHOOL      ,10.0,NORTHWEST PASSAGE HIGH SCHOOL      ,1.0,0.0,1.0,0.0,1.0,0.0,1.0,3.0,0.0,0.0,0.0,0.0,14.0,6.0,3.0,1.0,21.0,10.0,11.0,31.0,02,Anoka                                        ,33,11 
21-22,4053.0,7.0,NORTH LAKES ACADEMY                ,0.0,District Totals,0.0,0.0,0.0,0.0,0.0,3.0,0.0,0.0,0.0,0.0,0.0,0.0,13.0,9.0,0.0,0.0,13.0,12.0,3.0,25.0,82,Washington                                   , ,11 
21-22,4053.0,7.0,NORTH LAKES ACADEMY                ,20.0,North Lakes Academy Upper School   ,0.0,0.0,0.0,0.0,0.0,3.0,0.0,0.0,0.0,0.0,0.0,0.0,13.0,9.0,0.0,0.0,13.0,12.0,3.0,25.0,82,Washington                                   ,33,11 
21-22,4054.0,7.0,La Crescent Montessori & STEM Schoo,0.0,District Totals,0.0,0.0,0.0,0.0,0.0,0.0,0.0,0.0,0.0,0.0,0.0,0.0,2.0,0.0,0.0,0.0,2.0,0.0,0.0,2.0,28,Houston                                      , ,10 
21-22,4054.0,7.0,La Crescent Montessori & STEM Schoo,20.0,La Crescent Sec Montessori/STEM    ,0.0,0.0,0.0,0.0,0.0,0.0,0.0,0.0,0.0,0.0,0.0,0.0,2.0,0.0,0.0,0.0,2.0,0.0,0.0,2.0,28,Houston                                      ,33,10 
21-22,4056.0,7.0,Rosa Parks Charter High School     ,0.0,District Totals,0.0,0.0,0.0,0.0,0.0,0.0,1.0,1.0,0.0,0.0,0.0,0.0,6.0,2.0,0.0,0.0,7.0,3.0,2.0,10.0,55,Olmsted                                      , ,10 
21-22,4056.0,7.0,Rosa Parks Charter High School     ,10.0,Rosa Parks Charter High School     ,0.0,0.0,0.0,0.0,0.0,0.0,1.0,1.0,0.0,0.0,0.0,0.0,6.0,2.0,0.0,0.0,7.0,3.0,2.0,10.0,55,Olmsted                                      ,32,10 
21-22,4057.0,7.0,EL COLEGIO CHARTER SCHOOL          ,0.0,District Totals,0.0,0.0,0.0,0.0,0.0,0.0,6.0,8.0,0.0,0.0,0.0,0.0,0.0,0.0,0.0,0.0,6.0,8.0,14.0,14.0,27,Hennepin                                     , ,11 
21-22,4057.0,7.0,EL COLEGIO CHARTER SCHOOL          ,10.0,EL COLEGIO CHARTER SCHOOL          ,0.0,0.0,0.0,0.0,0.0,0.0,6.0,8.0,0.0,0.0,0.0,0.0,0.0,0.0,0.0,0.0,6.0,8.0,14.0,14.0,27,Hennepin                                     ,32,11 
21-22,4059.0,7.0,CROSSLAKE COMMUNITY CHARTER SCHOOL ,0.0,District Totals,2.0,1.0,0.0,0.0,1.0,1.0,0.0,0.0,0.0,0.0,0.0,0.0,16.0,22.0,0.0,2.0,19.0,26.0,7.0,45.0,18,Crow Wing                                    , ,05 
21-22,4059.0,7.0,CROSSLAKE COMMUNITY CHARTER SCHOOL ,20.0,Crosslake Community 6-12 Online    ,2.0,1.0,0.0,0.0,1.0,1.0,0.0,0.0,0.0,0.0,0.0,0.0,16.0,22.0,0.0,2.0,19.0,26.0,7.0,45.0,18,Crow Wing                                    ,46,05 
21-22,4064.0,7.0,Riverway Learning Community Charter,0.0,District Totals,0.0,0.0,0.0,0.0,1.0,0.0,0.0,0.0,0.0,0.0,0.0,0.0,4.0,2.0,0.0,0.0,5.0,2.0,1.0,7.0,85,Winona                                       , ,10 
21-22,4064.0,7.0,Riverway Learning Community Charter,20.0,RIVERWAY SECONDARY                 ,0.0,0.0,0.0,0.0,1.0,0.0,0.0,0.0,0.0,0.0,0.0,0.0,4.0,2.0,0.0,0.0,5.0,2.0,1.0,7.0,85,Winona                                       ,33,10 
21-22,4066.0,7.0,Kato Public Charter School         ,0.0,District Totals,0.0,0.0,0.0,0.0,0.0,0.0,0.0,1.0,0.0,0.0,0.0,0.0,0.0,2.0,1.0,1.0,1.0,4.0,3.0,5.0,07,Blue Earth                                   , ,09 
21-22,4066.0,7.0,Kato Public Charter School         ,10.0,Kato Public Charter School         ,0.0,0.0,0.0,0.0,0.0,0.0,0.0,1.0,0.0,0.0,0.0,0.0,0.0,2.0,1.0,1.0,1.0,4.0,3.0,5.0,07,Blue Earth                                   ,33,09 
21-22,4074.0,7.0,AFSA HIGH SCHOOL                   ,0.0,District Totals,0.0,1.0,1.0,1.0,2.0,3.0,2.0,2.0,0.0,0.0,0.0,0.0,22.0,18.0,2.0,0.0,29.0,25.0,14.0,54.0,62,Ramsey                                       , ,11 
21-22,4074.0,7.0,AFSA HIGH SCHOOL                   ,10.0,AFSA HIGH SCHOOL                   ,0.0,1.0,1.0,1.0,2.0,3.0,2.0,2.0,0.0,0.0,0.0,0.0,22.0,18.0,2.0,0.0,29.0,25.0,14.0,54.0,62,Ramsey                                       ,33,11 
21-22,4075.0,7.0,AVALON SCHOOL                      ,0.0,District Totals,3.0,4.0,0.0,1.0,2.0,3.0,1.0,1.0,0.0,0.0,0.0,0.0,19.0,16.0,0.0,3.0,25.0,28.0,18.0,53.0,62,Ramsey                                       , ,11 
21-22,4075.0,7.0,AVALON SCHOOL                      ,10.0,AVALON SCHOOL                      ,3.0,4.0,0.0,1.0,2.0,3.0,1.0,1.0,0.0,0.0,0.0,0.0,19.0,16.0,0.0,3.0,25.0,28.0,18.0,53.0,62,Ramsey                                       ,32,11 
21-22,4080.0,7.0,PILLAGER AREA CHARTER SCHOOL       ,0.0,District Totals,0.0,0.0,0.0,0.0,0.0,0.0,1.0,0.0,0.0,0.0,0.0,0.0,0.0,1.0,0.0,1.0,1.0,2.0,2.0,3.0,11,Cass                                         , ,05 
21-22,4080.0,7.0,PILLAGER AREA CHARTER SCHOOL       ,10.0,PILLAGER AREA CHARTER SCHOOL       ,0.0,0.0,0.0,0.0,0.0,0.0,1.0,0.0,0.0,0.0,0.0,0.0,0.0,1.0,0.0,1.0,1.0,2.0,2.0,3.0,11,Cass                                         ,33,05 
21-22,4081.0,7.0,Discovery Public School - Faribault,0.0,District Totals,0.0,0.0,0.0,0.0,0.0,0.0,2.0,0.0,0.0,0.0,0.0,0.0,1.0,3.0,0.0,0.0,3.0,3.0,2.0,6.0,66,Rice                                         , ,10 
21-22,4081.0,7.0,Discovery Public School - Faribault,10.0,Discovery Public School - Faribault,0.0,0.0,0.0,0.0,0.0,0.0,2.0,0.0,0.0,0.0,0.0,0.0,1.0,3.0,0.0,0.0,3.0,3.0,2.0,6.0,66,Rice                                         ,33,10 
21-22,4082.0,7.0,BLUESKY CHARTER SCHOOL             ,0.0,District Totals,1.0,6.0,2.0,5.0,6.0,0.0,4.0,7.0,0.0,0.0,1.0,0.0,46.0,58.0,3.0,6.0,63.0,82.0,41.0,145.0,27,Hennepin                                     , ,11 
21-22,4082.0,7.0,BLUESKY CHARTER SCHOOL             ,10.0,BLUESKY CHARTER SCHOOL             ,1.0,6.0,2.0,5.0,6.0,0.0,4.0,7.0,0.0,0.0,1.0,0.0,46.0,58.0,3.0,6.0,63.0,82.0,41.0,145.0,27,Hennepin                                     ,46,11 
21-22,4085.0,7.0,HARBOR CITY INTERNATIONAL CHARTER  ,0.0,District Totals,2.0,1.0,0.0,0.0,0.0,1.0,0.0,0.0,0.0,0.0,0.0,0.0,18.0,15.0,1.0,2.0,21.0,19.0,7.0,40.0,69,St. Louis                                    , ,03 
21-22,4085.0,7.0,HARBOR CITY INTERNATIONAL CHARTER  ,10.0,HARBOR CITY INTERNATIONAL CHARTER  ,2.0,1.0,0.0,0.0,0.0,1.0,0.0,0.0,0.0,0.0,0.0,0.0,18.0,15.0,1.0,2.0,21.0,19.0,7.0,40.0,69,St. Louis                                    ,32,03 
21-22,4087.0,7.0,SAGE ACADEMY CHARTER SCHOOL        ,0.0,District Totals,0.0,0.0,0.0,0.0,3.0,4.0,0.0,2.0,0.0,0.0,0.0,0.0,0.0,2.0,2.0,0.0,5.0,8.0,11.0,13.0,27,Hennepin                                     , ,11 
21-22,4087.0,7.0,SAGE ACADEMY CHARTER SCHOOL        ,10.0,SAGE ACADEMY CHARTER SCHOOL        ,0.0,0.0,0.0,0.0,3.0,4.0,0.0,2.0,0.0,0.0,0.0,0.0,0.0,2.0,2.0,0.0,5.0,8.0,11.0,13.0,27,Hennepin                                     ,32,11 
21-22,4091.0,7.0,ARCADIA CHARTER SCHOOL             ,0.0,District Totals,1.0,0.0,0.0,0.0,0.0,0.0,1.0,0.0,0.0,0.0,0.0,0.0,5.0,6.0,0.0,1.0,7.0,7.0,3.0,14.0,66,Rice                                         , ,10 
21-22,4091.0,7.0,ARCADIA CHARTER SCHOOL             ,10.0,ARCADIA CHARTER SCHOOL             ,1.0,0.0,0.0,0.0,0.0,0.0,1.0,0.0,0.0,0.0,0.0,0.0,5.0,6.0,0.0,1.0,7.0,7.0,3.0,14.0,66,Rice                                         ,33,10 
21-22,4092.0,7.0,WATERSHED HIGH SCHOOL              ,0.0,District Totals,0.0,1.0,0.0,0.0,0.0,1.0,2.0,1.0,0.0,0.0,0.0,0.0,3.0,1.0,0.0,0.0,5.0,4.0,5.0,9.0,27,Hennepin                                     , ,11 
21-22,4092.0,7.0,WATERSHED HIGH SCHOOL              ,10.0,WATERSHED HIGH SCHOOL              ,0.0,1.0,0.0,0.0,0.0,1.0,2.0,1.0,0.0,0.0,0.0,0.0,3.0,1.0,0.0,0.0,5.0,4.0,5.0,9.0,27,Hennepin                                     ,32,11 
21-22,4093.0,7.0,New Century Academy                ,0.0,District Totals,0.0,0.0,0.0,0.0,0.0,0.0,0.0,3.0,0.0,0.0,0.0,0.0,7.0,16.0,0.0,0.0,7.0,19.0,3.0,26.0,43,McLeod                                       , ,06E
21-22,4093.0,7.0,New Century Academy                ,10.0,New Century Academy                ,0.0,0.0,0.0,0.0,0.0,0.0,0.0,3.0,0.0,0.0,0.0,0.0,7.0,16.0,0.0,0.0,7.0,19.0,3.0,26.0,43,McLeod                                       ,33,06E
21-22,4095.0,7.0,TRIO WOLF CREEK DISTANCE LEARNING  ,0.0,District Totals,0.0,0.0,0.0,3.0,0.0,1.0,2.0,0.0,0.0,0.0,0.0,0.0,17.0,29.0,0.0,0.0,19.0,33.0,6.0,52.0,13,Chisago                                      , ,07E
21-22,4095.0,7.0,TRIO WOLF CREEK DISTANCE LEARNING  ,10.0,TRIO WOLF CREEK DISTANCE LEARNING  ,0.0,0.0,0.0,3.0,0.0,1.0,2.0,0.0,0.0,0.0,0.0,0.0,17.0,29.0,0.0,0.0,19.0,33.0,6.0,52.0,13,Chisago                                      ,46,07E
21-22,4098.0,7.0,Nova Classical Academy             ,0.0,District Totals,0.0,1.0,2.0,2.0,2.0,5.0,2.0,4.0,0.0,0.0,0.0,0.0,22.0,18.0,5.0,1.0,33.0,31.0,24.0,64.0,62,Ramsey                                       , ,11 
21-22,4098.0,7.0,Nova Classical Academy             ,20.0,NOVA CLASSICAL ACADEMY UPPER SCHOOL,0.0,1.0,2.0,2.0,2.0,5.0,2.0,4.0,0.0,0.0,0.0,0.0,22.0,18.0,5.0,1.0,33.0,31.0,24.0,64.0,62,Ramsey                                       ,33,11 
21-22,4102.0,7.0,MINNESOTA INTERNSHIP CENTER        ,0.0,District Totals,0.0,0.0,1.0,0.0,19.0,27.0,1.0,5.0,1.0,0.0,0.0,0.0,1.0,1.0,3.0,2.0,26.0,35.0,59.0,61.0,27,Hennepin                                     , ,11 
21-22,4102.0,7.0,MINNESOTA INTERNSHIP CENTER        ,10.0,RONDO CAMPUS                       ,0.0,0.0,1.0,0.0,7.0,4.0,1.0,2.0,1.0,0.0,0.0,0.0,0.0,0.0,1.0,0.0,11.0,6.0,17.0,17.0,27,Hennepin                                     ,32,11 
21-22,4102.0,7.0,MINNESOTA INTERNSHIP CENTER        ,15.0,UNITY CAMPUS                       ,0.0,0.0,0.0,0.0,6.0,10.0,0.0,1.0,0.0,0.0,0.0,0.0,0.0,0.0,0.0,0.0,6.0,11.0,17.0,17.0,27,Hennepin                                     ,32,11 
21-22,4102.0,7.0,MINNESOTA INTERNSHIP CENTER        ,20.0,DOWNTOWN CAMPUS                    ,0.0,0.0,0.0,0.0,4.0,6.0,0.0,0.0,0.0,0.0,0.0,0.0,0.0,1.0,0.0,1.0,4.0,8.0,11.0,12.0,27,Hennepin                                     ,32,11 
21-22,4102.0,7.0,MINNESOTA INTERNSHIP CENTER        ,55.0,SOAR Campus                        ,0.0,0.0,0.0,0.0,2.0,7.0,0.0,2.0,0.0,0.0,0.0,0.0,1.0,0.0,2.0,1.0,5.0,10.0,14.0,15.0,27,Hennepin                                     ,32,11 
21-22,4103.0,7.0,HMONG COLLEGE PREP ACADEMY         ,0.0,District Totals,0.0,0.0,95.0,61.0,1.0,1.0,0.0,0.0,0.0,0.0,0.0,0.0,0.0,0.0,0.0,0.0,96.0,62.0,158.0,158.0,62,Ramsey                                       , ,11 
21-22,4103.0,7.0,HMONG COLLEGE PREP ACADEMY         ,10.0,HMONG COLLEGE PREP ACADEMY HS      ,0.0,0.0,94.0,61.0,1.0,1.0,0.0,0.0,0.0,0.0,0.0,0.0,0.0,0.0,0.0,0.0,95.0,62.0,157.0,157.0,62,Ramsey                                       ,32,11 
21-22,4103.0,7.0,HMONG COLLEGE PREP ACADEMY         ,40.0,HCPA ESY Program                   ,0.0,0.0,1.0,0.0,0.0,0.0,0.0,0.0,0.0,0.0,0.0,0.0,0.0,0.0,0.0,0.0,1.0,0.0,1.0,1.0,62,Ramsey                                       ,51,11 
21-22,4104.0,7.0,Paladin Career and Tech High School,0.0,District Totals,0.0,1.0,1.0,0.0,15.0,9.0,2.0,4.0,0.0,0.0,0.0,0.0,7.0,10.0,1.0,3.0,26.0,27.0,36.0,53.0,02,Anoka                                        , ,11 
21-22,4104.0,7.0,Paladin Career and Tech High School,10.0,Paladin Career and Tech High School,0.0,1.0,1.0,0.0,15.0,9.0,2.0,4.0,0.0,0.0,0.0,0.0,7.0,10.0,1.0,3.0,26.0,27.0,36.0,53.0,02,Anoka                                        ,32,11 
21-22,4105.0,7.0,GREAT RIVER SCHOOL                 ,0.0,District Totals,1.0,0.0,2.0,2.0,2.0,3.0,3.0,3.0,0.0,0.0,0.0,0.0,21.0,25.0,0.0,2.0,29.0,35.0,18.0,64.0,62,Ramsey                                       , ,11 
21-22,4105.0,7.0,GREAT RIVER SCHOOL                 ,10.0,GREAT RIVER SCHOOL                 ,1.0,0.0,2.0,2.0,2.0,3.0,3.0,3.0,0.0,0.0,0.0,0.0,21.0,25.0,0.0,2.0,29.0,35.0,18.0,64.0,62,Ramsey                                       ,33,11 
21-22,4106.0,7.0,TREKNORTH HIGH SCHOOL              ,0.0,District Totals,5.0,8.0,0.0,0.0,0.0,1.0,1.0,1.0,0.0,0.0,0.0,0.0,7.0,3.0,1.0,0.0,14.0,13.0,17.0,27.0,04,Beltrami                                     , ,02 
21-22,4106.0,7.0,TREKNORTH HIGH SCHOOL              ,10.0,TREKNORTH HIGH SCHOOL              ,5.0,8.0,0.0,0.0,0.0,1.0,1.0,1.0,0.0,0.0,0.0,0.0,7.0,3.0,1.0,0.0,14.0,13.0,17.0,27.0,04,Beltrami                                     ,32,02 
21-22,4107.0,7.0,VOYAGEURS EXPEDITIONARY            ,0.0,District Totals,1.0,7.0,0.0,0.0,0.0,1.0,0.0,0.0,0.0,0.0,0.0,0.0,1.0,2.0,0.0,0.0,2.0,10.0,9.0,12.0,04,Beltrami                                     , ,02 
21-22,4107.0,7.0,VOYAGEURS EXPEDITIONARY            ,10.0,Voyageurs Expeditionary School     ,1.0,7.0,0.0,0.0,0.0,1.0,0.0,0.0,0.0,0.0,0.0,0.0,1.0,2.0,0.0,0.0,2.0,10.0,9.0,12.0,04,Beltrami                                     ,32,02 
21-22,4110.0,7.0,PIM Arts High School               ,0.0,District Totals,0.0,2.0,0.0,0.0,2.0,2.0,3.0,7.0,0.0,0.0,0.0,0.0,22.0,48.0,2.0,8.0,29.0,67.0,26.0,96.0,27,Hennepin                                     , ,11 
21-22,4110.0,7.0,PIM Arts High School               ,10.0,PIM Arts High School               ,0.0,2.0,0.0,0.0,2.0,2.0,3.0,7.0,0.0,0.0,0.0,0.0,22.0,48.0,2.0,8.0,29.0,67.0,26.0,96.0,27,Hennepin                                     ,32,11 
21-22,4111.0,7.0,AUGSBURG FAIRVIEW ACADEMY          ,0.0,District Totals,0.0,1.0,0.0,0.0,0.0,4.0,0.0,0.0,0.0,0.0,0.0,0.0,0.0,0.0,0.0,0.0,0.0,5.0,5.0,5.0,27,Hennepin                                     , ,11 
21-22,4111.0,7.0,AUGSBURG FAIRVIEW ACADEMY          ,10.0,AUGSBURG FAIRVIEW ACADEMY          ,0.0,1.0,0.0,0.0,0.0,4.0,0.0,0.0,0.0,0.0,0.0,0.0,0.0,0.0,0.0,0.0,0.0,5.0,5.0,5.0,27,Hennepin                                     ,32,11 
21-22,4112.0,7.0,ST PAUL CONSERVATORY PERFORMING ART,0.0,District Totals,2.0,0.0,1.0,0.0,1.0,6.0,2.0,9.0,0.0,0.0,0.0,0.0,21.0,45.0,3.0,3.0,30.0,63.0,27.0,93.0,62,Ramsey                                       , ,11 
21-22,4112.0,7.0,ST PAUL CONSERVATORY PERFORMING ART,10.0,ST PAUL CONSERVATORY PERFORMING ART,2.0,0.0,1.0,0.0,1.0,6.0,2.0,9.0,0.0,0.0,0.0,0.0,21.0,45.0,3.0,3.0,30.0,63.0,27.0,93.0,62,Ramsey                                       ,32,11 
21-22,4116.0,7.0,Lakes International Language Academ,0.0,District Totals,0.0,0.0,0.0,0.0,0.0,0.0,2.0,7.0,0.0,1.0,0.0,0.0,19.0,20.0,0.0,0.0,21.0,28.0,10.0,49.0,82,Washington                                   , ,11 
21-22,4116.0,7.0,Lakes International Language Academ,20.0,Lakes Intl Language Acad-Headwaters,0.0,0.0,0.0,0.0,0.0,0.0,2.0,7.0,0.0,1.0,0.0,0.0,19.0,20.0,0.0,0.0,21.0,28.0,10.0,49.0,82,Washington                                   ,33,11 
21-22,4118.0,7.0,KALEIDOSCOPE CHARTER SCHOOL        ,0.0,District Totals,0.0,0.0,0.0,0.0,0.0,0.0,1.0,0.0,0.0,0.0,0.0,0.0,12.0,9.0,0.0,1.0,13.0,10.0,2.0,23.0,86,Wright                                       , ,07W
21-22,4118.0,7.0,KALEIDOSCOPE CHARTER SCHOOL        ,20.0,Kaleidoscope Charter High School   ,0.0,0.0,0.0,0.0,0.0,0.0,1.0,0.0,0.0,0.0,0.0,0.0,12.0,9.0,0.0,1.0,13.0,10.0,2.0,23.0,86,Wright                                       ,32,07W
21-22,4119.0,7.0,ACADEMIC ARTS HIGH SCHOOL          ,0.0,District Totals,1.0,0.0,0.0,2.0,3.0,0.0,6.0,6.0,0.0,0.0,1.0,0.0,9.0,5.0,0.0,0.0,20.0,13.0,19.0,33.0,19,Dakota                                       , ,11 
21-22,4119.0,7.0,ACADEMIC ARTS HIGH SCHOOL          ,10.0,ACADEMIC ARTS HIGH SCHOOL          ,1.0,0.0,0.0,2.0,3.0,0.0,6.0,6.0,0.0,0.0,1.0,0.0,9.0,5.0,0.0,0.0,20.0,13.0,19.0,33.0,19,Dakota                                       ,33,11 
21-22,4120.0,7.0,ST. CROIX PREPARATORY ACADEMY      ,0.0,District Totals,0.0,0.0,3.0,2.0,0.0,1.0,2.0,3.0,0.0,0.0,0.0,0.0,29.0,40.0,2.0,2.0,36.0,48.0,15.0,84.0,82,Washington                                   , ,11 
21-22,4120.0,7.0,ST. CROIX PREPARATORY ACADEMY      ,30.0,ST. CROIX PREPARATORY ACADEMY UPPER,0.0,0.0,3.0,2.0,0.0,1.0,2.0,3.0,0.0,0.0,0.0,0.0,29.0,40.0,2.0,2.0,36.0,48.0,15.0,84.0,82,Washington                                   ,32,11 
21-22,4121.0,7.0,UBAH MEDICAL ACADEMY CHARTER SCHOOL,0.0,District Totals,0.0,0.0,0.0,0.0,31.0,40.0,0.0,0.0,0.0,0.0,0.0,0.0,1.0,0.0,0.0,0.0,32.0,40.0,71.0,72.0,27,Hennepin                                     , ,11 
21-22,4121.0,7.0,UBAH MEDICAL ACADEMY CHARTER SCHOOL,10.0,UBAH MEDICAL ACADEMY CHARTER SCHOOL,0.0,0.0,0.0,0.0,31.0,40.0,0.0,0.0,0.0,0.0,0.0,0.0,1.0,0.0,0.0,0.0,32.0,40.0,71.0,72.0,27,Hennepin                                     ,32,11 
21-22,4122.0,7.0,EAGLE RIDGE ACADEMY CHARTER SCHOOL ,0.0,District Totals,0.0,0.0,3.0,1.0,3.0,4.0,0.0,0.0,0.0,0.0,0.0,0.0,9.0,17.0,2.0,0.0,17.0,22.0,13.0,39.0,27,Hennepin                                     , ,11 
21-22,4122.0,7.0,EAGLE RIDGE ACADEMY CHARTER SCHOOL ,10.0,EAGLE RIDGE ACADEMY CHARTER SCHOOL ,0.0,0.0,3.0,1.0,3.0,4.0,0.0,0.0,0.0,0.0,0.0,0.0,9.0,17.0,2.0,0.0,17.0,22.0,13.0,39.0,27,Hennepin                                     ,33,11 
21-22,4126.0,7.0,PRAIRIE SEEDS ACADEMY              ,0.0,District Totals,0.0,0.0,20.0,9.0,3.0,2.0,1.0,3.0,0.0,0.0,0.0,0.0,0.0,0.0,0.0,0.0,24.0,14.0,38.0,38.0,27,Hennepin                                     , ,11 
21-22,4126.0,7.0,PRAIRIE SEEDS ACADEMY              ,40.0,Prairie Seeds High School Academy  ,0.0,0.0,20.0,9.0,3.0,2.0,1.0,3.0,0.0,0.0,0.0,0.0,0.0,0.0,0.0,0.0,24.0,14.0,38.0,38.0,27,Hennepin                                     ,32,11 
21-22,4131.0,7.0,METRO SCHOOLS CHARTER              ,0.0,District Totals,0.0,0.0,0.0,0.0,44.0,40.0,0.0,0.0,0.0,0.0,0.0,0.0,0.0,0.0,0.0,0.0,44.0,40.0,84.0,84.0,27,Hennepin                                     , ,11 
21-22,4131.0,7.0,METRO SCHOOLS CHARTER              ,10.0,Metro College Prep                 ,0.0,0.0,0.0,0.0,44.0,40.0,0.0,0.0,0.0,0.0,0.0,0.0,0.0,0.0,0.0,0.0,44.0,40.0,84.0,84.0,27,Hennepin                                     ,32,11 
21-22,4132.0,7.0,Twin Cities Academy                ,0.0,District Totals,1.0,0.0,4.0,8.0,9.0,3.0,2.0,6.0,0.0,0.0,0.0,0.0,9.0,7.0,0.0,1.0,25.0,25.0,34.0,50.0,62,Ramsey                                       , ,11 
21-22,4132.0,7.0,Twin Cities Academy                ,10.0,TWIN CITIES ACADEMY                ,1.0,0.0,4.0,8.0,9.0,3.0,2.0,6.0,0.0,0.0,0.0,0.0,9.0,7.0,0.0,1.0,25.0,25.0,34.0,50.0,62,Ramsey                                       ,33,11 
21-22,4146.0,7.0,NORTHERN LIGHTS COMMUNITY SCHOOL   ,0.0,District Totals,0.0,0.0,0.0,0.0,0.0,0.0,0.0,0.0,0.0,0.0,0.0,0.0,4.0,2.0,1.0,1.0,5.0,3.0,2.0,8.0,31,Itasca                                       , ,03 
21-22,4146.0,7.0,NORTHERN LIGHTS COMMUNITY SCHOOL   ,10.0,NORTHERN LIGHTS COMMUNITY SCHOOL   ,0.0,0.0,0.0,0.0,0.0,0.0,0.0,0.0,0.0,0.0,0.0,0.0,4.0,2.0,1.0,1.0,5.0,3.0,2.0,8.0,31,Itasca                                       ,33,03 
21-22,4150.0,7.0,MINNESOTA ONLINE HIGH SCHOOL       ,0.0,District Totals,0.0,0.0,0.0,3.0,2.0,1.0,1.0,3.0,0.0,0.0,0.0,0.0,19.0,21.0,6.0,5.0,28.0,33.0,21.0,61.0,62,Ramsey                                       , ,11 
21-22,4150.0,7.0,MINNESOTA ONLINE HIGH SCHOOL       ,10.0,MINNESOTA ONLINE HIGH SCHOOL       ,0.0,0.0,0.0,3.0,2.0,1.0,1.0,3.0,0.0,0.0,0.0,0.0,19.0,21.0,6.0,5.0,28.0,33.0,21.0,61.0,62,Ramsey                                       ,46,11 
21-22,4151.0,7.0,EDVISIONS OFF CAMPUS SCHOOL        ,0.0,District Totals,2.0,0.0,0.0,0.0,1.0,1.0,1.0,0.0,0.0,0.0,0.0,0.0,8.0,8.0,0.0,0.0,12.0,9.0,5.0,21.0,72,Sibley                                       , ,09 
21-22,4151.0,7.0,EDVISIONS OFF CAMPUS SCHOOL        ,10.0,EDVISIONS OFF CAMPUS SCHOOL        ,2.0,0.0,0.0,0.0,1.0,1.0,1.0,0.0,0.0,0.0,0.0,0.0,8.0,8.0,0.0,0.0,12.0,9.0,5.0,21.0,72,Sibley                                       ,46,09 
21-22,4160.0,7.0,SPECTRUM HIGH SCHOOL               ,0.0,District Totals,0.0,1.0,0.0,3.0,1.0,2.0,2.0,5.0,0.0,0.0,0.0,0.0,26.0,44.0,3.0,5.0,32.0,60.0,22.0,92.0,71,Sherburne                                    , ,07W
21-22,4160.0,7.0,SPECTRUM HIGH SCHOOL               ,10.0,SPECTRUM HIGH SCHOOL               ,0.0,1.0,0.0,3.0,1.0,2.0,2.0,5.0,0.0,0.0,0.0,0.0,26.0,44.0,3.0,5.0,32.0,60.0,22.0,92.0,71,Sherburne                                    ,33,07W
21-22,4166.0,7.0,EAST RANGE ACADEMY OF TECH-SCIENCE ,0.0,District Totals,2.0,0.0,0.0,0.0,2.0,0.0,0.0,2.0,0.0,0.0,0.0,0.0,13.0,17.0,0.0,1.0,17.0,20.0,7.0,37.0,69,St. Louis                                    , ,03 
21-22,4166.0,7.0,EAST RANGE ACADEMY OF TECH-SCIENCE ,10.0,EAST RANGE ACADEMY OF TECH-SCIENCE ,2.0,0.0,0.0,0.0,2.0,0.0,0.0,2.0,0.0,0.0,0.0,0.0,13.0,17.0,0.0,1.0,17.0,20.0,7.0,37.0,69,St. Louis                                    ,32,03 
21-22,4170.0,7.0,HIAWATHA ACADEMIES                 ,0.0,District Totals,1.0,1.0,0.0,0.0,4.0,1.0,41.0,58.0,0.0,0.0,1.0,0.0,0.0,0.0,1.0,0.0,48.0,60.0,108.0,108.0,27,Hennepin                                     , ,11 
21-22,4170.0,7.0,HIAWATHA ACADEMIES                 ,13.0,Hiawatha Collegiate High School    ,1.0,1.0,0.0,0.0,4.0,1.0,41.0,58.0,0.0,0.0,1.0,0.0,0.0,0.0,1.0,0.0,48.0,60.0,108.0,108.0,27,Hennepin                                     ,32,11 
21-22,4178.0,7.0,Lincoln International High School  ,0.0,District Totals,0.0,0.0,0.0,0.0,14.0,4.0,1.0,4.0,0.0,0.0,0.0,0.0,0.0,0.0,0.0,0.0,15.0,8.0,23.0,23.0,27,Hennepin                                     , ,11 
21-22,4178.0,7.0,Lincoln International High School  ,10.0,Lincoln International High School  ,0.0,0.0,0.0,0.0,14.0,4.0,1.0,4.0,0.0,0.0,0.0,0.0,0.0,0.0,0.0,0.0,15.0,8.0,23.0,23.0,27,Hennepin                                     ,32,11 
21-22,4183.0,7.0,LIONSGATE ACADEMY                  ,0.0,District Totals,2.0,0.0,1.0,0.0,1.0,0.0,0.0,0.0,0.0,0.0,0.0,0.0,21.0,8.0,0.0,0.0,25.0,8.0,4.0,33.0,27,Hennepin                                     , ,11 
21-22,4183.0,7.0,LIONSGATE ACADEMY                  ,10.0,Lionsgate Academy - Minnetonka     ,0.0,0.0,0.0,0.0,0.0,0.0,0.0,0.0,0.0,0.0,0.0,0.0,2.0,1.0,0.0,0.0,2.0,1.0,0.0,3.0,27,Hennepin                                     ,33,11 
21-22,4183.0,7.0,LIONSGATE ACADEMY                  ,30.0,Lionsgate Academy AIM              ,1.0,0.0,1.0,0.0,1.0,0.0,0.0,0.0,0.0,0.0,0.0,0.0,15.0,5.0,0.0,0.0,18.0,5.0,3.0,23.0,27,Hennepin                                     ,50,11 
21-22,4183.0,7.0,LIONSGATE ACADEMY                  ,40.0,Lionsgate Academy - Lynx Program   ,0.0,0.0,0.0,0.0,0.0,0.0,0.0,0.0,0.0,0.0,0.0,0.0,1.0,0.0,0.0,0.0,1.0,0.0,0.0,1.0,27,Hennepin                                     ,50,11 
21-22,4183.0,7.0,LIONSGATE ACADEMY                  ,50.0,Lionsgate Academy - Shoreview      ,1.0,0.0,0.0,0.0,0.0,0.0,0.0,0.0,0.0,0.0,0.0,0.0,3.0,2.0,0.0,0.0,4.0,2.0,1.0,6.0,27,Hennepin                                     ,33,11 
21-22,4199.0,7.0,PARNASSUS PREPARATORY CHARTER SCH  ,0.0,District Totals,0.0,0.0,0.0,4.0,0.0,6.0,1.0,1.0,0.0,0.0,0.0,0.0,8.0,10.0,1.0,1.0,10.0,22.0,14.0,32.0,27,Hennepin                                     , ,11 
21-22,4199.0,7.0,PARNASSUS PREPARATORY CHARTER SCH  ,25.0,Parnassus Prep School-Rhetoric     ,0.0,0.0,0.0,4.0,0.0,6.0,1.0,1.0,0.0,0.0,0.0,0.0,8.0,10.0,1.0,1.0,10.0,22.0,14.0,32.0,27,Hennepin                                     ,32,11 
21-22,4200.0,7.0,STEP ACADEMY CHARTER SCHOOL        ,0.0,District Totals,0.0,0.0,0.0,0.0,26.0,31.0,0.0,0.0,0.0,0.0,0.0,0.0,0.0,1.0,0.0,0.0,26.0,32.0,57.0,58.0,62,Ramsey                                       , ,11 
21-22,4200.0,7.0,STEP ACADEMY CHARTER SCHOOL        ,10.0,STEP ACADEMY CHARTER SCHOOL        ,0.0,0.0,0.0,0.0,26.0,31.0,0.0,0.0,0.0,0.0,0.0,0.0,0.0,1.0,0.0,0.0,26.0,32.0,57.0,58.0,62,Ramsey                                       ,33,11 
21-22,4204.0,7.0,ROCHESTER STEM ACADEMY             ,0.0,District Totals,0.0,0.0,0.0,0.0,17.0,14.0,0.0,0.0,0.0,0.0,0.0,0.0,0.0,0.0,0.0,0.0,17.0,14.0,31.0,31.0,55,Olmsted                                      , ,10 
21-22,4204.0,7.0,ROCHESTER STEM ACADEMY             ,10.0,ROCHESTER STEM ACADEMY             ,0.0,0.0,0.0,0.0,17.0,14.0,0.0,0.0,0.0,0.0,0.0,0.0,0.0,0.0,0.0,0.0,17.0,14.0,31.0,31.0,55,Olmsted                                      ,32,10 
21-22,4207.0,7.0,Vermilion Country School           ,0.0,District Totals,0.0,1.0,0.0,0.0,0.0,0.0,0.0,0.0,0.0,0.0,0.0,0.0,2.0,1.0,0.0,0.0,2.0,2.0,1.0,4.0,69,St. Louis                                    , ,03 
21-22,4207.0,7.0,Vermilion Country School           ,10.0,Vermilion Country School           ,0.0,1.0,0.0,0.0,0.0,0.0,0.0,0.0,0.0,0.0,0.0,0.0,2.0,1.0,0.0,0.0,2.0,2.0,1.0,4.0,69,St. Louis                                    ,33,03 
21-22,4210.0,7.0,Upper Mississippi Academy          ,0.0,District Totals,1.0,0.0,2.0,0.0,1.0,2.0,2.0,2.0,0.0,0.0,0.0,0.0,12.0,9.0,0.0,0.0,18.0,13.0,10.0,31.0,62,Ramsey                                       , ,11 
21-22,4210.0,7.0,Upper Mississippi Academy          ,30.0,Upper Mississippi High Academy     ,1.0,0.0,2.0,0.0,1.0,2.0,2.0,2.0,0.0,0.0,0.0,0.0,12.0,9.0,0.0,0.0,18.0,13.0,10.0,31.0,62,Ramsey                                       ,32,11 
21-22,4217.0,7.0,TECHNICAL ACADEMIES OF MINNESOTA   ,0.0,District Totals,0.0,0.0,0.0,0.0,0.0,1.0,3.0,5.0,0.0,0.0,0.0,0.0,10.0,6.0,0.0,1.0,13.0,13.0,10.0,26.0,34,Kandiyohi                                    , ,06E
21-22,4217.0,7.0,TECHNICAL ACADEMIES OF MINNESOTA   ,10.0,DREAM Technical Academy            ,0.0,0.0,0.0,0.0,0.0,1.0,2.0,2.0,0.0,0.0,0.0,0.0,5.0,4.0,0.0,1.0,7.0,8.0,6.0,15.0,34,Kandiyohi                                    ,33,06E
21-22,4217.0,7.0,TECHNICAL ACADEMIES OF MINNESOTA   ,20.0,CHOICE Technical Academy           ,0.0,0.0,0.0,0.0,0.0,0.0,1.0,3.0,0.0,0.0,0.0,0.0,5.0,2.0,0.0,0.0,6.0,5.0,4.0,11.0,34,Kandiyohi                                    ,33,06E
21-22,4218.0,7.0,Venture Academy                    ,0.0,District Totals,2.0,2.0,0.0,0.0,11.0,5.0,15.0,19.0,0.0,0.0,0.0,0.0,3.0,0.0,1.0,1.0,32.0,27.0,56.0,59.0,27,Hennepin                                     , ,11 
21-22,4218.0,7.0,Venture Academy                    ,10.0,Venture Academy High School        ,2.0,2.0,0.0,0.0,11.0,5.0,15.0,19.0,0.0,0.0,0.0,0.0,3.0,0.0,1.0,1.0,32.0,27.0,56.0,59.0,27,Hennepin                                     ,32,11 
21-22,4229.0,7.0,Jane Goodall Environmental Sciences,0.0,District Totals,0.0,0.0,0.0,0.0,0.0,0.0,0.0,0.0,0.0,0.0,0.0,0.0,10.0,2.0,0.0,0.0,10.0,2.0,0.0,12.0,86,Wright                                       , ,07W
21-22,4229.0,7.0,Jane Goodall Environmental Sciences,10.0,Jane Goodall Environmental Sciences,0.0,0.0,0.0,0.0,0.0,0.0,0.0,0.0,0.0,0.0,0.0,0.0,10.0,2.0,0.0,0.0,10.0,2.0,0.0,12.0,86,Wright                                       ,33,07W
21-22,4231.0,7.0,Minnesota Math and Science Academy ,0.0,District Totals,0.0,0.0,1.0,0.0,20.0,11.0,0.0,0.0,0.0,0.0,0.0,0.0,0.0,0.0,0.0,0.0,21.0,11.0,32.0,32.0,62,Ramsey                                       , ,11 
21-22,4231.0,7.0,Minnesota Math and Science Academy ,30.0,MMSA High School                   ,0.0,0.0,1.0,0.0,20.0,11.0,0.0,0.0,0.0,0.0,0.0,0.0,0.0,0.0,0.0,0.0,21.0,11.0,32.0,32.0,62,Ramsey                                       ,32,11 
21-22,4237.0,7.0,Career Pathways                    ,0.0,District Totals,0.0,0.0,0.0,0.0,20.0,6.0,0.0,1.0,0.0,0.0,0.0,0.0,1.0,3.0,0.0,1.0,21.0,11.0,28.0,32.0,62,Ramsey                                       , ,11 
21-22,4237.0,7.0,Career Pathways                    ,10.0,Career Pathways                    ,0.0,0.0,0.0,0.0,20.0,6.0,0.0,1.0,0.0,0.0,0.0,0.0,1.0,3.0,0.0,1.0,21.0,11.0,28.0,32.0,62,Ramsey                                       ,33,11 
21-22,4238.0,7.0,Rochester Beacon Academy           ,0.0,District Totals,0.0,0.0,0.0,0.0,0.0,0.0,0.0,0.0,0.0,0.0,0.0,0.0,2.0,0.0,2.0,0.0,4.0,0.0,2.0,4.0,55,Olmsted                                      , ,10 
21-22,4238.0,7.0,Rochester Beacon Academy           ,10.0,Rochester Beacon Academy           ,0.0,0.0,0.0,0.0,0.0,0.0,0.0,0.0,0.0,0.0,0.0,0.0,2.0,0.0,2.0,0.0,4.0,0.0,2.0,4.0,55,Olmsted                                      ,33,10 
21-22,4244.0,7.0,FIT Academy                        ,0.0,District Totals,0.0,0.0,0.0,0.0,1.0,0.0,0.0,0.0,0.0,0.0,0.0,0.0,1.0,0.0,0.0,0.0,2.0,0.0,1.0,2.0,19,Dakota                                       , ,11 
21-22,4244.0,7.0,FIT Academy                        ,20.0,FIT Academy High School            ,0.0,0.0,0.0,0.0,1.0,0.0,0.0,0.0,0.0,0.0,0.0,0.0,1.0,0.0,0.0,0.0,2.0,0.0,1.0,2.0,19,Dakota                                       ,32,11 
21-22,4284.0,7.0,Gentry Academy Charter School      ,0.0,District Totals,0.0,0.0,1.0,0.0,0.0,0.0,0.0,0.0,0.0,0.0,0.0,0.0,11.0,3.0,0.0,0.0,12.0,3.0,1.0,15.0,62,Ramsey                                       , ,11 
21-22,4284.0,7.0,Gentry Academy Charter School      ,10.0,Gentry Academy High                ,0.0,0.0,1.0,0.0,0.0,0.0,0.0,0.0,0.0,0.0,0.0,0.0,11.0,3.0,0.0,0.0,12.0,3.0,1.0,15.0,62,Ramsey                                       ,32,11 
21-22,4290.0,7.0,Kalon Prep Academy                 ,0.0,District Totals,0.0,0.0,0.0,0.0,0.0,0.0,1.0,0.0,0.0,0.0,1.0,0.0,13.0,5.0,0.0,0.0,15.0,5.0,2.0,20.0,21,Douglas                                      , ,04 
21-22,4290.0,7.0,Kalon Prep Academy                 ,10.0,Kalon Prep Academy                 ,0.0,0.0,0.0,0.0,0.0,0.0,1.0,0.0,0.0,0.0,1.0,0.0,13.0,5.0,0.0,0.0,15.0,5.0,2.0,20.0,21,Douglas                                      ,32,04 
21-22,6004.0,61.0,Freshwater Education District      ,0.0,District Totals,0.0,0.0,0.0,0.0,1.0,0.0,3.0,3.0,0.0,0.0,0.0,0.0,13.0,17.0,0.0,0.0,17.0,20.0,7.0,37.0,80,Wadena                                       , ,05 
21-22,6004.0,61.0,Freshwater Education District      ,20.0,Freshwater Education District ALC  ,0.0,0.0,0.0,0.0,1.0,0.0,3.0,3.0,0.0,0.0,0.0,0.0,13.0,17.0,0.0,0.0,17.0,20.0,7.0,37.0,80,Wadena                                       ,41,05 
21-22,6009.0,61.0,ST. CROIX RIVER EDUCATION DISTRICT ,0.0,District Totals,0.0,0.0,0.0,0.0,1.0,1.0,0.0,1.0,0.0,0.0,0.0,0.0,12.0,4.0,0.0,1.0,13.0,7.0,4.0,20.0,13,Chisago                                      , ,07E
21-22,6009.0,61.0,ST. CROIX RIVER EDUCATION DISTRICT ,60.0,Pine County Transition Program     ,0.0,0.0,0.0,0.0,0.0,1.0,0.0,1.0,0.0,0.0,0.0,0.0,4.0,2.0,0.0,0.0,4.0,4.0,2.0,8.0,13,Chisago                                      ,55,07E
21-22,6009.0,61.0,ST. CROIX RIVER EDUCATION DISTRICT ,70.0,Chisago County Schools' Life Work C,0.0,0.0,0.0,0.0,1.0,0.0,0.0,0.0,0.0,0.0,0.0,0.0,8.0,2.0,0.0,1.0,9.0,3.0,2.0,12.0,13,Chisago                                      ,55,07E
21-22,6012.0,61.0,ZUMBRO EDUCATION DISTRICT          ,0.0,District Totals,0.0,0.0,0.0,0.0,0.0,0.0,1.0,1.0,0.0,0.0,0.0,0.0,14.0,9.0,0.0,0.0,15.0,10.0,2.0,25.0,55,Olmsted                                      , ,10 
21-22,6012.0,61.0,ZUMBRO EDUCATION DISTRICT          ,20.0,ZUMBRO AREA LEARNING CENTER        ,0.0,0.0,0.0,0.0,0.0,0.0,1.0,0.0,0.0,0.0,0.0,0.0,13.0,6.0,0.0,0.0,14.0,6.0,1.0,20.0,55,Olmsted                                      ,41,10 
21-22,6012.0,61.0,ZUMBRO EDUCATION DISTRICT          ,60.0,TRANSITION 2 SUCCESS               ,0.0,0.0,0.0,0.0,0.0,0.0,0.0,1.0,0.0,0.0,0.0,0.0,1.0,3.0,0.0,0.0,1.0,4.0,1.0,5.0,55,Olmsted                                      ,50,10 
21-22,6013.0,61.0,HIAWATHA VALLEY ED. DISTRICT       ,0.0,District Totals,0.0,0.0,0.0,0.0,0.0,0.0,0.0,0.0,0.0,0.0,0.0,0.0,8.0,4.0,0.0,0.0,8.0,4.0,0.0,12.0,85,Winona                                       , ,10 
21-22,6013.0,61.0,HIAWATHA VALLEY ED. DISTRICT       ,15.0,RIVER VALLEY ACADEMY ALC           ,0.0,0.0,0.0,0.0,0.0,0.0,0.0,0.0,0.0,0.0,0.0,0.0,7.0,3.0,0.0,0.0,7.0,3.0,0.0,10.0,85,Winona                                       ,41,10 
21-22,6013.0,61.0,HIAWATHA VALLEY ED. DISTRICT       ,31.0,SAIL PROGRAM                       ,0.0,0.0,0.0,0.0,0.0,0.0,0.0,0.0,0.0,0.0,0.0,0.0,1.0,1.0,0.0,0.0,1.0,1.0,0.0,2.0,85,Winona                                       ,50,10 
21-22,6014.0,61.0,RUNESTONE AREA ED. DISTRICT        ,0.0,District Totals,1.0,0.0,0.0,0.0,0.0,0.0,0.0,2.0,0.0,0.0,0.0,0.0,5.0,7.0,0.0,0.0,6.0,9.0,3.0,15.0,21,Douglas                                      , ,04 
21-22,6014.0,61.0,RUNESTONE AREA ED. DISTRICT        ,20.0,Runestone Alternative School       ,1.0,0.0,0.0,0.0,0.0,0.0,0.0,2.0,0.0,0.0,0.0,0.0,5.0,7.0,0.0,0.0,6.0,9.0,3.0,15.0,21,Douglas                                      ,41,04 
21-22,6018.0,61.0,MN River Valley Education District ,0.0,District Totals,0.0,0.0,0.0,0.0,1.0,2.0,12.0,14.0,0.0,0.0,1.0,3.0,39.0,24.0,1.0,0.0,54.0,43.0,34.0,97.0,12,Chippewa                                     , ,06W
21-22,6018.0,61.0,MN River Valley Education District ,20.0,MN River Valley ALC-Seatbased      ,0.0,0.0,0.0,0.0,1.0,2.0,12.0,14.0,0.0,0.0,1.0,3.0,39.0,24.0,1.0,0.0,54.0,43.0,34.0,97.0,12,Chippewa                                     ,41,06W
21-22,6026.0,61.0,WEST CENTRAL EDUCATION DISTRICT    ,0.0,District Totals,0.0,0.0,0.0,0.0,0.0,0.0,1.0,4.0,0.0,0.0,0.0,0.0,11.0,2.0,0.0,0.0,12.0,6.0,5.0,18.0,73,Stearns                                      , ,07W
21-22,6026.0,61.0,WEST CENTRAL EDUCATION DISTRICT    ,20.0,WEST CENTRAL AREA LEARNING CENTER  ,0.0,0.0,0.0,0.0,0.0,0.0,1.0,4.0,0.0,0.0,0.0,0.0,5.0,1.0,0.0,0.0,6.0,5.0,5.0,11.0,73,Stearns                                      ,41,07W
21-22,6026.0,61.0,WEST CENTRAL EDUCATION DISTRICT    ,27.0,WCED Credit Recovery               ,0.0,0.0,0.0,0.0,0.0,0.0,0.0,0.0,0.0,0.0,0.0,0.0,6.0,1.0,0.0,0.0,6.0,1.0,0.0,7.0,73,Stearns                                      ,41,07W
21-22,6027.0,61.0,MN VALLEY EDUCATION DISTRICT       ,0.0,District Totals,0.0,0.0,0.0,0.0,0.0,0.0,0.0,0.0,0.0,0.0,0.0,0.0,1.0,0.0,0.0,0.0,1.0,0.0,0.0,1.0,52,Nicollet                                     , ,09 
21-22,6027.0,61.0,MN VALLEY EDUCATION DISTRICT       ,10.0,Minnesota Valley School            ,0.0,0.0,0.0,0.0,0.0,0.0,0.0,0.0,0.0,0.0,0.0,0.0,1.0,0.0,0.0,0.0,1.0,0.0,0.0,1.0,52,Nicollet                                     ,50,09 
21-22,6049.0,61.0,RIVER BEND EDUCATION DISTRICT      ,0.0,District Totals,0.0,0.0,0.0,0.0,1.0,0.0,5.0,2.0,0.0,0.0,0.0,0.0,8.0,11.0,0.0,0.0,14.0,13.0,8.0,27.0,08,Brown                                        , ,09 
21-22,6049.0,61.0,RIVER BEND EDUCATION DISTRICT      ,20.0,RIVER BEND AREA LEARNING CENTER    ,0.0,0.0,0.0,0.0,1.0,0.0,4.0,2.0,0.0,0.0,0.0,0.0,7.0,8.0,0.0,0.0,12.0,10.0,7.0,22.0,08,Brown                                        ,41,09 
21-22,6049.0,61.0,RIVER BEND EDUCATION DISTRICT      ,45.0,W.O.R.K. Program                   ,0.0,0.0,0.0,0.0,0.0,0.0,1.0,0.0,0.0,0.0,0.0,0.0,1.0,3.0,0.0,0.0,2.0,3.0,1.0,5.0,08,Brown                                        ,50,09 
21-22,6051.0,61.0,Goodhue County Education District  ,0.0,District Totals,1.0,5.0,0.0,0.0,2.0,4.0,4.0,3.0,0.0,0.0,0.0,0.0,27.0,33.0,1.0,1.0,35.0,46.0,21.0,81.0,25,Goodhue                                      , ,10 
21-22,6051.0,61.0,Goodhue County Education District  ,10.0,Reach Programs                     ,0.0,0.0,0.0,0.0,0.0,1.0,1.0,0.0,0.0,0.0,0.0,0.0,9.0,3.0,0.0,0.0,10.0,4.0,2.0,14.0,25,Goodhue                                      ,50,10 
21-22,6051.0,61.0,Goodhue County Education District  ,201.0,5RiversOnline Secondary            ,0.0,2.0,0.0,0.0,1.0,2.0,2.0,2.0,0.0,0.0,0.0,0.0,5.0,13.0,1.0,0.0,9.0,19.0,10.0,28.0,25,Goodhue                                      ,46,10 
21-22,6051.0,61.0,Goodhue County Education District  ,621.0,Tower View Alternative High School ,1.0,3.0,0.0,0.0,1.0,1.0,0.0,0.0,0.0,0.0,0.0,0.0,8.0,11.0,0.0,1.0,10.0,16.0,7.0,26.0,25,Goodhue                                      ,41,10 
21-22,6051.0,61.0,Goodhue County Education District  ,632.0,Zumbrota-Mazeppa Credit Recovery   ,0.0,0.0,0.0,0.0,0.0,0.0,0.0,0.0,0.0,0.0,0.0,0.0,1.0,1.0,0.0,0.0,1.0,1.0,0.0,2.0,25,Goodhue                                      ,41,10 
21-22,6051.0,61.0,Goodhue County Education District  ,633.0,Pathways Program Grades 8-12       ,0.0,0.0,0.0,0.0,0.0,0.0,0.0,0.0,0.0,0.0,0.0,0.0,2.0,2.0,0.0,0.0,2.0,2.0,0.0,4.0,25,Goodhue                                      ,41,10 
21-22,6051.0,61.0,Goodhue County Education District  ,634.0,Cannon Falls HS Credit Recovery    ,0.0,0.0,0.0,0.0,0.0,0.0,1.0,0.0,0.0,0.0,0.0,0.0,0.0,1.0,0.0,0.0,1.0,1.0,1.0,2.0,25,Goodhue                                      ,41,10 
21-22,6051.0,61.0,Goodhue County Education District  ,638.0,Lake City Credit Recovery          ,0.0,0.0,0.0,0.0,0.0,0.0,0.0,1.0,0.0,0.0,0.0,0.0,2.0,2.0,0.0,0.0,2.0,3.0,1.0,5.0,25,Goodhue                                      ,41,10 
21-22,6076.0,50.0,NORTHLAND LEARNING CENTER          ,0.0,District Totals,2.0,4.0,0.0,0.0,3.0,0.0,0.0,3.0,0.0,0.0,0.0,0.0,28.0,21.0,0.0,2.0,33.0,30.0,14.0,63.0,69,St. Louis                                    , ,03 
21-22,6076.0,50.0,NORTHLAND LEARNING CENTER          ,10.0,NORTHLAND LEARNING CENTER 010      ,1.0,4.0,0.0,0.0,2.0,0.0,0.0,3.0,0.0,0.0,0.0,0.0,13.0,9.0,0.0,2.0,16.0,18.0,12.0,34.0,69,St. Louis                                    ,41,03 
21-22,6076.0,50.0,NORTHLAND LEARNING CENTER          ,15.0,ISD 361 - ALC Program              ,0.0,0.0,0.0,0.0,0.0,0.0,0.0,0.0,0.0,0.0,0.0,0.0,3.0,5.0,0.0,0.0,3.0,5.0,0.0,8.0,69,St. Louis                                    ,41,03 
21-22,6076.0,50.0,NORTHLAND LEARNING CENTER          ,20.0,NORTHLAND LEARNING CENTER 020      ,0.0,0.0,0.0,0.0,0.0,0.0,0.0,0.0,0.0,0.0,0.0,0.0,2.0,1.0,0.0,0.0,2.0,1.0,0.0,3.0,69,St. Louis                                    ,50,03 
21-22,6076.0,50.0,NORTHLAND LEARNING CENTER          ,25.0,NSEC Transition Program            ,0.0,0.0,0.0,0.0,1.0,0.0,0.0,0.0,0.0,0.0,0.0,0.0,9.0,2.0,0.0,0.0,10.0,2.0,1.0,12.0,69,St. Louis                                    ,50,03 
21-22,6076.0,50.0,NORTHLAND LEARNING CENTER          ,50.0,NORTHLAND LEARNING CENTER 050      ,1.0,0.0,0.0,0.0,0.0,0.0,0.0,0.0,0.0,0.0,0.0,0.0,1.0,4.0,0.0,0.0,2.0,4.0,1.0,6.0,69,St. Louis                                    ,41,03 
21-22,6079.0,52.0,RUM RIVER SPECIAL EDUCATION COOP   ,0.0,District Totals,0.0,0.0,0.0,0.0,0.0,0.0,1.0,0.0,0.0,0.0,0.0,0.0,5.0,2.0,0.0,0.0,6.0,2.0,1.0,8.0,30,Isanti                                       , ,07E
21-22,6079.0,52.0,RUM RIVER SPECIAL EDUCATION COOP   ,10.0,RUM RIVER NORTH                    ,0.0,0.0,0.0,0.0,0.0,0.0,1.0,0.0,0.0,0.0,0.0,0.0,5.0,2.0,0.0,0.0,6.0,2.0,1.0,8.0,30,Isanti                                       ,50,07E
21-22,6083.0,52.0,SOUTHERN MN EDUCATION CONSORTIUM   ,0.0,District Totals,1.0,0.0,0.0,0.0,2.0,0.0,2.0,4.0,0.0,0.0,0.0,0.0,15.0,11.0,0.0,0.0,20.0,15.0,9.0,35.0,50,Mower                                        , ,10 
21-22,6083.0,52.0,SOUTHERN MN EDUCATION CONSORTIUM   ,10.0,Enrich GM                          ,0.0,0.0,0.0,0.0,1.0,0.0,0.0,0.0,0.0,0.0,0.0,0.0,0.0,0.0,0.0,0.0,1.0,0.0,1.0,1.0,50,Mower                                        ,50,10 
21-22,6083.0,52.0,SOUTHERN MN EDUCATION CONSORTIUM   ,50.0,SMEC ALC                           ,1.0,0.0,0.0,0.0,1.0,0.0,2.0,4.0,0.0,0.0,0.0,0.0,13.0,10.0,0.0,0.0,17.0,14.0,8.0,31.0,50,Mower                                        ,41,10 
21-22,6083.0,52.0,SOUTHERN MN EDUCATION CONSORTIUM   ,70.0,Enrich Kingsland                   ,0.0,0.0,0.0,0.0,0.0,0.0,0.0,0.0,0.0,0.0,0.0,0.0,2.0,0.0,0.0,0.0,2.0,0.0,0.0,2.0,50,Mower                                        ,50,10 
21-22,6083.0,52.0,SOUTHERN MN EDUCATION CONSORTIUM   ,110.0,Enrich Alden                       ,0.0,0.0,0.0,0.0,0.0,0.0,0.0,0.0,0.0,0.0,0.0,0.0,0.0,1.0,0.0,0.0,0.0,1.0,0.0,1.0,50,Mower                                        ,50,10 
21-22,6090.0,52.0,Sherburne and Northern Wright Speci,0.0,District Totals,0.0,0.0,0.0,0.0,0.0,0.0,0.0,1.0,0.0,0.0,0.0,0.0,16.0,5.0,1.0,0.0,17.0,6.0,2.0,23.0,86,Wright                                       , ,07W
21-22,6090.0,52.0,Sherburne and Northern Wright Speci,20.0,Monticello High School - SNW       ,0.0,0.0,0.0,0.0,0.0,0.0,0.0,0.0,0.0,0.0,0.0,0.0,6.0,3.0,1.0,0.0,7.0,3.0,1.0,10.0,86,Wright                                       ,50,07W
21-22,6090.0,52.0,Sherburne and Northern Wright Speci,74.0,SNW - Big Lake HS Transitions      ,0.0,0.0,0.0,0.0,0.0,0.0,0.0,1.0,0.0,0.0,0.0,0.0,8.0,2.0,0.0,0.0,8.0,3.0,1.0,11.0,86,Wright                                       ,50,07W
21-22,6090.0,52.0,Sherburne and Northern Wright Speci,75.0,SNW Monti HS EBD Program           ,0.0,0.0,0.0,0.0,0.0,0.0,0.0,0.0,0.0,0.0,0.0,0.0,2.0,0.0,0.0,0.0,2.0,0.0,0.0,2.0,86,Wright                                       ,50,07W
21-22,6094.0,52.0,Cannon Valley Special Education Coo,0.0,District Totals,0.0,0.0,0.0,0.0,0.0,0.0,0.0,0.0,0.0,0.0,0.0,0.0,6.0,4.0,0.0,0.0,6.0,4.0,0.0,10.0,66,Rice                                         , ,10 
21-22,6094.0,52.0,Cannon Valley Special Education Coo,20.0,Laura Baker SUN Program            ,0.0,0.0,0.0,0.0,0.0,0.0,0.0,0.0,0.0,0.0,0.0,0.0,1.0,0.0,0.0,0.0,1.0,0.0,0.0,1.0,66,Rice                                         ,50,10 
21-22,6094.0,52.0,Cannon Valley Special Education Coo,50.0,CVSEC STEP                         ,0.0,0.0,0.0,0.0,0.0,0.0,0.0,0.0,0.0,0.0,0.0,0.0,5.0,4.0,0.0,0.0,5.0,4.0,0.0,9.0,66,Rice                                         ,50,10 
21-22,6095.0,52.0,Austin Albert Lea Area Special Educ,0.0,District Totals,0.0,0.0,0.0,0.0,0.0,0.0,0.0,0.0,0.0,0.0,0.0,0.0,4.0,2.0,1.0,0.0,5.0,2.0,1.0,7.0,50,Mower                                        , ,10 
21-22,6095.0,52.0,Austin Albert Lea Area Special Educ,550.0,Oakland Education Center           ,0.0,0.0,0.0,0.0,0.0,0.0,0.0,0.0,0.0,0.0,0.0,0.0,4.0,2.0,1.0,0.0,5.0,2.0,1.0,7.0,50,Mower                                        ,50,10 
21-22,6383.0,61.0,Benton-Stearns Education District  ,0.0,District Totals,0.0,0.0,0.0,0.0,0.0,0.0,1.0,0.0,0.0,0.0,0.0,1.0,7.0,0.0,1.0,0.0,9.0,1.0,3.0,10.0,73,Stearns                                      , ,07W
21-22,6383.0,61.0,Benton-Stearns Education District  ,30.0,Benton Stearns Education District 1,0.0,0.0,0.0,0.0,0.0,0.0,1.0,0.0,0.0,0.0,0.0,1.0,6.0,0.0,1.0,0.0,8.0,1.0,3.0,9.0,73,Stearns                                      ,50,07W
21-22,6383.0,61.0,Benton-Stearns Education District  ,40.0,Benton-Stearns Education - ASD     ,0.0,0.0,0.0,0.0,0.0,0.0,0.0,0.0,0.0,0.0,0.0,0.0,1.0,0.0,0.0,0.0,1.0,0.0,0.0,1.0,73,Stearns                                      ,50,07W
21-22,6979.0,61.0,MID STATE EDUCATION DISTRICT       ,0.0,District Totals,0.0,0.0,0.0,0.0,0.0,0.0,0.0,0.0,0.0,0.0,0.0,0.0,0.0,2.0,0.0,0.0,0.0,2.0,0.0,2.0,49,Morrison                                     , ,05 
21-22,6979.0,61.0,MID STATE EDUCATION DISTRICT       ,20.0,MID STATE ED DIST STEPS TRANS. PROG,0.0,0.0,0.0,0.0,0.0,0.0,0.0,0.0,0.0,0.0,0.0,0.0,0.0,2.0,0.0,0.0,0.0,2.0,0.0,2.0,49,Morrison                                     ,50,05 
21-22,9999.0,99.0,Statewide Totals,0.0,All Schools,670.0,774.0,2081.0,2143.0,3300.0,3342.0,2707.0,2857.0,13.0,21.0,16.0,22.0,21603.0,21059.0,1095.0,1141.0,31485.0,31359.0,20182.0,62844.0, , , , 
End of worksheet,,,,,,,,,,,,,,,,,,,,,,,,,,,,,
